[debug] [2026-07-25T11:26:25.220Z] [Firebase Plugin] Activating Firebase extension.
[debug] [2026-07-25T11:26:28.861Z] [Firebase Plugin] requireAuthWrapper
[debug] [2026-07-25T11:26:28.862Z] > command requires scopes: ["email","openid","https://www.googleapis.com/auth/cloudplatformprojects.readonly","https://www.googleapis.com/auth/firebase","https://www.googleapis.com/auth/cloud-platform"]
[debug] [2026-07-25T11:26:28.881Z] [Firebase Plugin] VSCode notification server listening on port 40001
[info] [Firebase Plugin] Starting SQL Connect toolkit (version 3.4.16) on port 50001
[info] i  dataconnect: downloading dataconnect-emulator-3.4.16.exe... {"metadata":{"emulator":{"name":"dataconnect"},"message":"downloading dataconnect-emulator-3.4.16.exe..."}}
[debug] [2026-07-25T11:26:29.078Z] >>> [apiv2][query] GET https://storage.googleapis.com/firemat-preview-drop/emulator/dataconnect-emulator-windows-amd64-v3.4.16 
[error] [Firebase Plugin] requireAuth error: Could not load the default credentials. Browse to https://cloud.google.com/docs/authentication/getting-started for more information.
[debug] [2026-07-25T11:26:30.545Z] <<< [apiv2][status] GET https://storage.googleapis.com/firemat-preview-drop/emulator/dataconnect-emulator-windows-amd64-v3.4.16 200
[debug] [2026-07-25T11:26:30.546Z] <<< [apiv2][body] GET https://storage.googleapis.com/firemat-preview-drop/emulator/dataconnect-emulator-windows-amd64-v3.4.16 [stream]
[debug] [2026-07-25T11:27:02.256Z] 'fdc build' failed with error: Unable to build your SQL Connect schema and connectors (exit code 1): E0725 16:57:02.251703    2448 cmd.go:43] Error loading data connect config: could not find dataconnect.yaml in `d:\Application Dev\SEL Live\dataconnect`
 {"metadata":{"emulator":{"name":"dataconnect"},"message":"'fdc build' failed with error: Unable to build your SQL Connect schema and connectors (exit code 1): E0725 16:57:02.251703    2448 cmd.go:43] Error loading data connect config: could not find dataconnect.yaml in `d:\\Application Dev\\SEL Live\\dataconnect`\n"}}
[debug] [2026-07-25T11:27:02.264Z] Ignoring unsupported arg: auto_download {"metadata":{"emulator":{"name":"dataconnect"},"message":"Ignoring unsupported arg: auto_download"}}
[debug] [2026-07-25T11:27:02.264Z] Ignoring unsupported arg: port {"metadata":{"emulator":{"name":"dataconnect"},"message":"Ignoring unsupported arg: port"}}
[debug] [2026-07-25T11:27:02.264Z] Starting SQL Connect Emulator with command {"binary":"C:\\Users\\Ashish\\.cache\\firebase\\emulators\\dataconnect-emulator-3.4.16.exe","args":["--logtostderr","-v=2","dev","--listen=localhost:50001","--config_dir=d:\\Application Dev\\SEL Live\\dataconnect","--enable_output_schema_extensions=true","--enable_output_generated_sdk=true"],"optionalArgs":["listen","config_dir","enable_output_schema_extensions","enable_output_generated_sdk"],"joinArgs":true,"shell":false,"port":9399} {"metadata":{"emulator":{"name":"dataconnect"},"message":"Starting SQL Connect Emulator with command {\"binary\":\"C:\\\\Users\\\\Ashish\\\\.cache\\\\firebase\\\\emulators\\\\dataconnect-emulator-3.4.16.exe\",\"args\":[\"--logtostderr\",\"-v=2\",\"dev\",\"--listen=localhost:50001\",\"--config_dir=d:\\\\Application Dev\\\\SEL Live\\\\dataconnect\",\"--enable_output_schema_extensions=true\",\"--enable_output_generated_sdk=true\"],\"optionalArgs\":[\"listen\",\"config_dir\",\"enable_output_schema_extensions\",\"enable_output_generated_sdk\"],\"joinArgs\":true,\"shell\":false,\"port\":9399}"}}
[info] i  dataconnect: SQL Connect Emulator logging to dataconnect-debug.log {"metadata":{"emulator":{"name":"dataconnect"},"message":"SQL Connect Emulator logging to \u001b[1mdataconnect-debug.log\u001b[22m"}}
[debug] [2026-07-25T11:27:02.293Z] E0725 16:57:02.293009   21120 dev.go:80] Failed to load initial config from "d:\\Application Dev\\SEL Live\\dataconnect": could not find dataconnect.yaml in `d:\Application Dev\SEL Live\dataconnect`
 {"metadata":{"emulator":{"name":"dataconnect"},"message":"E0725 16:57:02.293009   21120 dev.go:80] Failed to load initial config from \"d:\\\\Application Dev\\\\SEL Live\\\\dataconnect\": could not find dataconnect.yaml in `d:\\Application Dev\\SEL Live\\dataconnect`\n"}}
[debug] [2026-07-25T11:27:02.294Z] E0725 16:57:02.293571   21120 watch.go:116] watchAllDir unable to walk dir `d:\Application Dev\SEL Live\dataconnect`: GetFileAttributesEx d:\Application Dev\SEL Live\dataconnect: The system cannot find the file specified.
 {"metadata":{"emulator":{"name":"dataconnect"},"message":"E0725 16:57:02.293571   21120 watch.go:116] watchAllDir unable to walk dir `d:\\Application Dev\\SEL Live\\dataconnect`: GetFileAttributesEx d:\\Application Dev\\SEL Live\\dataconnect: The system cannot find the file specified.\n"}}
[debug] [2026-07-25T11:27:02.303Z] I0725 16:57:02.303021   21120 dev.go:101] Listening on address (HTTP + gRPC): 127.0.0.1:50001
 {"metadata":{"emulator":{"name":"dataconnect"},"message":"I0725 16:57:02.303021   21120 dev.go:101] Listening on address (HTTP + gRPC): 127.0.0.1:50001\n"}}
[error] [Firebase Plugin] error:  {}
[debug] [2026-07-25T11:27:12.294Z] E0725 16:57:12.293813   21120 watch.go:40] Failed to load config from "d:\\Application Dev\\SEL Live\\dataconnect": could not find dataconnect.yaml in `d:\Application Dev\SEL Live\dataconnect`
 {"metadata":{"emulator":{"name":"dataconnect"},"message":"E0725 16:57:12.293813   21120 watch.go:40] Failed to load config from \"d:\\\\Application Dev\\\\SEL Live\\\\dataconnect\": could not find dataconnect.yaml in `d:\\Application Dev\\SEL Live\\dataconnect`\n"}}
[debug] [2026-07-25T11:27:22.293Z] E0725 16:57:22.293651   21120 watch.go:40] Failed to load config from "d:\\Application Dev\\SEL Live\\dataconnect": could not find dataconnect.yaml in `d:\Application Dev\SEL Live\dataconnect`
 {"metadata":{"emulator":{"name":"dataconnect"},"message":"E0725 16:57:22.293651   21120 watch.go:40] Failed to load config from \"d:\\\\Application Dev\\\\SEL Live\\\\dataconnect\": could not find dataconnect.yaml in `d:\\Application Dev\\SEL Live\\dataconnect`\n"}}
[debug] [2026-07-25T11:27:32.294Z] E0725 16:57:32.293703   21120 watch.go:40] Failed to load config from "d:\\Application Dev\\SEL Live\\dataconnect": could not find dataconnect.yaml in `d:\Application Dev\SEL Live\dataconnect`
 {"metadata":{"emulator":{"name":"dataconnect"},"message":"E0725 16:57:32.293703   21120 watch.go:40] Failed to load config from \"d:\\\\Application Dev\\\\SEL Live\\\\dataconnect\": could not find dataconnect.yaml in `d:\\Application Dev\\SEL Live\\dataconnect`\n"}}
[debug] [2026-07-25T11:27:42.293Z] E0725 16:57:42.294025   21120 watch.go:40] Failed to load config from "d:\\Application Dev\\SEL Live\\dataconnect": could not find dataconnect.yaml in `d:\Application Dev\SEL Live\dataconnect`
 {"metadata":{"emulator":{"name":"dataconnect"},"message":"E0725 16:57:42.294025   21120 watch.go:40] Failed to load config from \"d:\\\\Application Dev\\\\SEL Live\\\\dataconnect\": could not find dataconnect.yaml in `d:\\Application Dev\\SEL Live\\dataconnect`\n"}}
[debug] [2026-07-25T11:27:54.766Z] E0725 16:57:52.293899   21120 watch.go:40] Failed to load config from "d:\\Application Dev\\SEL Live\\dataconnect": could not find dataconnect.yaml in `d:\Application Dev\SEL Live\dataconnect`
 {"metadata":{"emulator":{"name":"dataconnect"},"message":"E0725 16:57:52.293899   21120 watch.go:40] Failed to load config from \"d:\\\\Application Dev\\\\SEL Live\\\\dataconnect\": could not find dataconnect.yaml in `d:\\Application Dev\\SEL Live\\dataconnect`\n"}}
[debug] [2026-07-25T11:28:02.294Z] E0725 16:58:02.293839   21120 watch.go:116] watchAllDir unable to walk dir `d:\Application Dev\SEL Live\dataconnect`: GetFileAttributesEx d:\Application Dev\SEL Live\dataconnect: The system cannot find the file specified.
 {"metadata":{"emulator":{"name":"dataconnect"},"message":"E0725 16:58:02.293839   21120 watch.go:116] watchAllDir unable to walk dir `d:\\Application Dev\\SEL Live\\dataconnect`: GetFileAttributesEx d:\\Application Dev\\SEL Live\\dataconnect: The system cannot find the file specified.\n"}}
[debug] [2026-07-25T11:28:02.295Z] E0725 16:58:02.293839   21120 watch.go:40] Failed to load config from "d:\\Application Dev\\SEL Live\\dataconnect": could not find dataconnect.yaml in `d:\Application Dev\SEL Live\dataconnect`
 {"metadata":{"emulator":{"name":"dataconnect"},"message":"E0725 16:58:02.293839   21120 watch.go:40] Failed to load config from \"d:\\\\Application Dev\\\\SEL Live\\\\dataconnect\": could not find dataconnect.yaml in `d:\\Application Dev\\SEL Live\\dataconnect`\n"}}
[debug] [2026-07-25T11:28:12.294Z] E0725 16:58:12.294053   21120 watch.go:40] Failed to load config from "d:\\Application Dev\\SEL Live\\dataconnect": could not find dataconnect.yaml in `d:\Application Dev\SEL Live\dataconnect`
 {"metadata":{"emulator":{"name":"dataconnect"},"message":"E0725 16:58:12.294053   21120 watch.go:40] Failed to load config from \"d:\\\\Application Dev\\\\SEL Live\\\\dataconnect\": could not find dataconnect.yaml in `d:\\Application Dev\\SEL Live\\dataconnect`\n"}}
[debug] [2026-07-25T11:28:22.293Z] E0725 16:58:22.293926   21120 watch.go:40] Failed to load config from "d:\\Application Dev\\SEL Live\\dataconnect": could not find dataconnect.yaml in `d:\Application Dev\SEL Live\dataconnect`
 {"metadata":{"emulator":{"name":"dataconnect"},"message":"E0725 16:58:22.293926   21120 watch.go:40] Failed to load config from \"d:\\\\Application Dev\\\\SEL Live\\\\dataconnect\": could not find dataconnect.yaml in `d:\\Application Dev\\SEL Live\\dataconnect`\n"}}
[debug] [2026-07-25T11:28:32.293Z] E0725 16:58:32.293781   21120 watch.go:40] Failed to load config from "d:\\Application Dev\\SEL Live\\dataconnect": could not find dataconnect.yaml in `d:\Application Dev\SEL Live\dataconnect`
 {"metadata":{"emulator":{"name":"dataconnect"},"message":"E0725 16:58:32.293781   21120 watch.go:40] Failed to load config from \"d:\\\\Application Dev\\\\SEL Live\\\\dataconnect\": could not find dataconnect.yaml in `d:\\Application Dev\\SEL Live\\dataconnect`\n"}}
[debug] [2026-07-25T11:28:42.293Z] E0725 16:58:42.293888   21120 watch.go:40] Failed to load config from "d:\\Application Dev\\SEL Live\\dataconnect": could not find dataconnect.yaml in `d:\Application Dev\SEL Live\dataconnect`
 {"metadata":{"emulator":{"name":"dataconnect"},"message":"E0725 16:58:42.293888   21120 watch.go:40] Failed to load config from \"d:\\\\Application Dev\\\\SEL Live\\\\dataconnect\": could not find dataconnect.yaml in `d:\\Application Dev\\SEL Live\\dataconnect`\n"}}
[debug] [2026-07-25T11:28:52.293Z] E0725 16:58:52.293994   21120 watch.go:40] Failed to load config from "d:\\Application Dev\\SEL Live\\dataconnect": could not find dataconnect.yaml in `d:\Application Dev\SEL Live\dataconnect`
 {"metadata":{"emulator":{"name":"dataconnect"},"message":"E0725 16:58:52.293994   21120 watch.go:40] Failed to load config from \"d:\\\\Application Dev\\\\SEL Live\\\\dataconnect\": could not find dataconnect.yaml in `d:\\Application Dev\\SEL Live\\dataconnect`\n"}}
[debug] [2026-07-25T11:29:02.294Z] E0725 16:59:02.294086   21120 watch.go:116] watchAllDir unable to walk dir `d:\Application Dev\SEL Live\dataconnect`: GetFileAttributesEx d:\Application Dev\SEL Live\dataconnect: The system cannot find the file specified.
E0725 16:59:02.294086   21120 watch.go:40] Failed to load config from "d:\\Application Dev\\SEL Live\\dataconnect": could not find dataconnect.yaml in `d:\Application Dev\SEL Live\dataconnect`
 {"metadata":{"emulator":{"name":"dataconnect"},"message":"E0725 16:59:02.294086   21120 watch.go:116] watchAllDir unable to walk dir `d:\\Application Dev\\SEL Live\\dataconnect`: GetFileAttributesEx d:\\Application Dev\\SEL Live\\dataconnect: The system cannot find the file specified.\nE0725 16:59:02.294086   21120 watch.go:40] Failed to load config from \"d:\\\\Application Dev\\\\SEL Live\\\\dataconnect\": could not find dataconnect.yaml in `d:\\Application Dev\\SEL Live\\dataconnect`\n"}}
[debug] [2026-07-25T11:29:12.294Z] E0725 16:59:12.293672   21120 watch.go:40] Failed to load config from "d:\\Application Dev\\SEL Live\\dataconnect": could not find dataconnect.yaml in `d:\Application Dev\SEL Live\dataconnect`
 {"metadata":{"emulator":{"name":"dataconnect"},"message":"E0725 16:59:12.293672   21120 watch.go:40] Failed to load config from \"d:\\\\Application Dev\\\\SEL Live\\\\dataconnect\": could not find dataconnect.yaml in `d:\\Application Dev\\SEL Live\\dataconnect`\n"}}
[debug] [2026-07-25T11:29:22.293Z] E0725 16:59:22.293731   21120 watch.go:40] Failed to load config from "d:\\Application Dev\\SEL Live\\dataconnect": could not find dataconnect.yaml in `d:\Application Dev\SEL Live\dataconnect`
 {"metadata":{"emulator":{"name":"dataconnect"},"message":"E0725 16:59:22.293731   21120 watch.go:40] Failed to load config from \"d:\\\\Application Dev\\\\SEL Live\\\\dataconnect\": could not find dataconnect.yaml in `d:\\Application Dev\\SEL Live\\dataconnect`\n"}}
[debug] [2026-07-25T11:29:32.293Z] E0725 16:59:32.293697   21120 watch.go:40] Failed to load config from "d:\\Application Dev\\SEL Live\\dataconnect": could not find dataconnect.yaml in `d:\Application Dev\SEL Live\dataconnect`
 {"metadata":{"emulator":{"name":"dataconnect"},"message":"E0725 16:59:32.293697   21120 watch.go:40] Failed to load config from \"d:\\\\Application Dev\\\\SEL Live\\\\dataconnect\": could not find dataconnect.yaml in `d:\\Application Dev\\SEL Live\\dataconnect`\n"}}
[debug] [2026-07-25T11:29:42.293Z] E0725 16:59:42.293984   21120 watch.go:40] Failed to load config from "d:\\Application Dev\\SEL Live\\dataconnect": could not find dataconnect.yaml in `d:\Application Dev\SEL Live\dataconnect`
 {"metadata":{"emulator":{"name":"dataconnect"},"message":"E0725 16:59:42.293984   21120 watch.go:40] Failed to load config from \"d:\\\\Application Dev\\\\SEL Live\\\\dataconnect\": could not find dataconnect.yaml in `d:\\Application Dev\\SEL Live\\dataconnect`\n"}}
[debug] [2026-07-25T11:29:52.293Z] E0725 16:59:52.293843   21120 watch.go:40] Failed to load config from "d:\\Application Dev\\SEL Live\\dataconnect": could not find dataconnect.yaml in `d:\Application Dev\SEL Live\dataconnect`
 {"metadata":{"emulator":{"name":"dataconnect"},"message":"E0725 16:59:52.293843   21120 watch.go:40] Failed to load config from \"d:\\\\Application Dev\\\\SEL Live\\\\dataconnect\": could not find dataconnect.yaml in `d:\\Application Dev\\SEL Live\\dataconnect`\n"}}
[debug] [2026-07-25T11:30:02.293Z] E0725 17:00:02.294072   21120 watch.go:116] watchAllDir unable to walk dir `d:\Application Dev\SEL Live\dataconnect`: GetFileAttributesEx d:\Application Dev\SEL Live\dataconnect: The system cannot find the file specified.
E0725 17:00:02.294072   21120 watch.go:40] Failed to load config from "d:\\Application Dev\\SEL Live\\dataconnect": could not find dataconnect.yaml in `d:\Application Dev\SEL Live\dataconnect`
 {"metadata":{"emulator":{"name":"dataconnect"},"message":"E0725 17:00:02.294072   21120 watch.go:116] watchAllDir unable to walk dir `d:\\Application Dev\\SEL Live\\dataconnect`: GetFileAttributesEx d:\\Application Dev\\SEL Live\\dataconnect: The system cannot find the file specified.\nE0725 17:00:02.294072   21120 watch.go:40] Failed to load config from \"d:\\\\Application Dev\\\\SEL Live\\\\dataconnect\": could not find dataconnect.yaml in `d:\\Application Dev\\SEL Live\\dataconnect`\n"}}
[debug] [2026-07-25T11:30:12.293Z] E0725 17:00:12.293888   21120 watch.go:40] Failed to load config from "d:\\Application Dev\\SEL Live\\dataconnect": could not find dataconnect.yaml in `d:\Application Dev\SEL Live\dataconnect`
 {"metadata":{"emulator":{"name":"dataconnect"},"message":"E0725 17:00:12.293888   21120 watch.go:40] Failed to load config from \"d:\\\\Application Dev\\\\SEL Live\\\\dataconnect\": could not find dataconnect.yaml in `d:\\Application Dev\\SEL Live\\dataconnect`\n"}}
[debug] [2026-07-25T11:30:22.293Z] E0725 17:00:22.293681   21120 watch.go:40] Failed to load config from "d:\\Application Dev\\SEL Live\\dataconnect": could not find dataconnect.yaml in `d:\Application Dev\SEL Live\dataconnect`
 {"metadata":{"emulator":{"name":"dataconnect"},"message":"E0725 17:00:22.293681   21120 watch.go:40] Failed to load config from \"d:\\\\Application Dev\\\\SEL Live\\\\dataconnect\": could not find dataconnect.yaml in `d:\\Application Dev\\SEL Live\\dataconnect`\n"}}
[debug] [2026-07-25T11:30:32.294Z] E0725 17:00:32.294048   21120 watch.go:40] Failed to load config from "d:\\Application Dev\\SEL Live\\dataconnect": could not find dataconnect.yaml in `d:\Application Dev\SEL Live\dataconnect`
 {"metadata":{"emulator":{"name":"dataconnect"},"message":"E0725 17:00:32.294048   21120 watch.go:40] Failed to load config from \"d:\\\\Application Dev\\\\SEL Live\\\\dataconnect\": could not find dataconnect.yaml in `d:\\Application Dev\\SEL Live\\dataconnect`\n"}}
[debug] [2026-07-25T11:30:42.293Z] E0725 17:00:42.293901   21120 watch.go:40] Failed to load config from "d:\\Application Dev\\SEL Live\\dataconnect": could not find dataconnect.yaml in `d:\Application Dev\SEL Live\dataconnect`
 {"metadata":{"emulator":{"name":"dataconnect"},"message":"E0725 17:00:42.293901   21120 watch.go:40] Failed to load config from \"d:\\\\Application Dev\\\\SEL Live\\\\dataconnect\": could not find dataconnect.yaml in `d:\\Application Dev\\SEL Live\\dataconnect`\n"}}
[debug] [2026-07-25T11:30:52.293Z] E0725 17:00:52.293788   21120 watch.go:40] Failed to load config from "d:\\Application Dev\\SEL Live\\dataconnect": could not find dataconnect.yaml in `d:\Application Dev\SEL Live\dataconnect`
 {"metadata":{"emulator":{"name":"dataconnect"},"message":"E0725 17:00:52.293788   21120 watch.go:40] Failed to load config from \"d:\\\\Application Dev\\\\SEL Live\\\\dataconnect\": could not find dataconnect.yaml in `d:\\Application Dev\\SEL Live\\dataconnect`\n"}}
[debug] [2026-07-25T11:31:02.300Z] E0725 17:01:02.294008   21120 watch.go:116] watchAllDir unable to walk dir `d:\Application Dev\SEL Live\dataconnect`: GetFileAttributesEx d:\Application Dev\SEL Live\dataconnect: The system cannot find the file specified.
E0725 17:01:02.294008   21120 watch.go:40] Failed to load config from "d:\\Application Dev\\SEL Live\\dataconnect": could not find dataconnect.yaml in `d:\Application Dev\SEL Live\dataconnect`
 {"metadata":{"emulator":{"name":"dataconnect"},"message":"E0725 17:01:02.294008   21120 watch.go:116] watchAllDir unable to walk dir `d:\\Application Dev\\SEL Live\\dataconnect`: GetFileAttributesEx d:\\Application Dev\\SEL Live\\dataconnect: The system cannot find the file specified.\nE0725 17:01:02.294008   21120 watch.go:40] Failed to load config from \"d:\\\\Application Dev\\\\SEL Live\\\\dataconnect\": could not find dataconnect.yaml in `d:\\Application Dev\\SEL Live\\dataconnect`\n"}}
[debug] [2026-07-25T11:31:12.293Z] E0725 17:01:12.293885   21120 watch.go:40] Failed to load config from "d:\\Application Dev\\SEL Live\\dataconnect": could not find dataconnect.yaml in `d:\Application Dev\SEL Live\dataconnect`
 {"metadata":{"emulator":{"name":"dataconnect"},"message":"E0725 17:01:12.293885   21120 watch.go:40] Failed to load config from \"d:\\\\Application Dev\\\\SEL Live\\\\dataconnect\": could not find dataconnect.yaml in `d:\\Application Dev\\SEL Live\\dataconnect`\n"}}
[debug] [2026-07-25T11:31:22.293Z] E0725 17:01:22.293709   21120 watch.go:40] Failed to load config from "d:\\Application Dev\\SEL Live\\dataconnect": could not find dataconnect.yaml in `d:\Application Dev\SEL Live\dataconnect`
 {"metadata":{"emulator":{"name":"dataconnect"},"message":"E0725 17:01:22.293709   21120 watch.go:40] Failed to load config from \"d:\\\\Application Dev\\\\SEL Live\\\\dataconnect\": could not find dataconnect.yaml in `d:\\Application Dev\\SEL Live\\dataconnect`\n"}}
[debug] [2026-07-25T11:31:32.293Z] E0725 17:01:32.293626   21120 watch.go:40] Failed to load config from "d:\\Application Dev\\SEL Live\\dataconnect": could not find dataconnect.yaml in `d:\Application Dev\SEL Live\dataconnect`
 {"metadata":{"emulator":{"name":"dataconnect"},"message":"E0725 17:01:32.293626   21120 watch.go:40] Failed to load config from \"d:\\\\Application Dev\\\\SEL Live\\\\dataconnect\": could not find dataconnect.yaml in `d:\\Application Dev\\SEL Live\\dataconnect`\n"}}
[debug] [2026-07-25T11:31:42.294Z] E0725 17:01:42.293939   21120 watch.go:40] Failed to load config from "d:\\Application Dev\\SEL Live\\dataconnect": could not find dataconnect.yaml in `d:\Application Dev\SEL Live\dataconnect`
 {"metadata":{"emulator":{"name":"dataconnect"},"message":"E0725 17:01:42.293939   21120 watch.go:40] Failed to load config from \"d:\\\\Application Dev\\\\SEL Live\\\\dataconnect\": could not find dataconnect.yaml in `d:\\Application Dev\\SEL Live\\dataconnect`\n"}}
[debug] [2026-07-25T11:31:52.293Z] E0725 17:01:52.293812   21120 watch.go:40] Failed to load config from "d:\\Application Dev\\SEL Live\\dataconnect": could not find dataconnect.yaml in `d:\Application Dev\SEL Live\dataconnect`
 {"metadata":{"emulator":{"name":"dataconnect"},"message":"E0725 17:01:52.293812   21120 watch.go:40] Failed to load config from \"d:\\\\Application Dev\\\\SEL Live\\\\dataconnect\": could not find dataconnect.yaml in `d:\\Application Dev\\SEL Live\\dataconnect`\n"}}
[debug] [2026-07-25T11:32:02.293Z] E0725 17:02:02.293915   21120 watch.go:116] watchAllDir unable to walk dir `d:\Application Dev\SEL Live\dataconnect`: GetFileAttributesEx d:\Application Dev\SEL Live\dataconnect: The system cannot find the file specified.
E0725 17:02:02.293915   21120 watch.go:40] Failed to load config from "d:\\Application Dev\\SEL Live\\dataconnect": could not find dataconnect.yaml in `d:\Application Dev\SEL Live\dataconnect`
 {"metadata":{"emulator":{"name":"dataconnect"},"message":"E0725 17:02:02.293915   21120 watch.go:116] watchAllDir unable to walk dir `d:\\Application Dev\\SEL Live\\dataconnect`: GetFileAttributesEx d:\\Application Dev\\SEL Live\\dataconnect: The system cannot find the file specified.\nE0725 17:02:02.293915   21120 watch.go:40] Failed to load config from \"d:\\\\Application Dev\\\\SEL Live\\\\dataconnect\": could not find dataconnect.yaml in `d:\\Application Dev\\SEL Live\\dataconnect`\n"}}
[debug] [2026-07-25T11:32:12.294Z] E0725 17:02:12.293984   21120 watch.go:40] Failed to load config from "d:\\Application Dev\\SEL Live\\dataconnect": could not find dataconnect.yaml in `d:\Application Dev\SEL Live\dataconnect`
 {"metadata":{"emulator":{"name":"dataconnect"},"message":"E0725 17:02:12.293984   21120 watch.go:40] Failed to load config from \"d:\\\\Application Dev\\\\SEL Live\\\\dataconnect\": could not find dataconnect.yaml in `d:\\Application Dev\\SEL Live\\dataconnect`\n"}}
[debug] [2026-07-25T11:32:22.294Z] E0725 17:02:22.293929   21120 watch.go:40] Failed to load config from "d:\\Application Dev\\SEL Live\\dataconnect": could not find dataconnect.yaml in `d:\Application Dev\SEL Live\dataconnect`
 {"metadata":{"emulator":{"name":"dataconnect"},"message":"E0725 17:02:22.293929   21120 watch.go:40] Failed to load config from \"d:\\\\Application Dev\\\\SEL Live\\\\dataconnect\": could not find dataconnect.yaml in `d:\\Application Dev\\SEL Live\\dataconnect`\n"}}
[debug] [2026-07-25T11:32:32.294Z] E0725 17:02:32.294193   21120 watch.go:40] Failed to load config from "d:\\Application Dev\\SEL Live\\dataconnect": could not find dataconnect.yaml in `d:\Application Dev\SEL Live\dataconnect`
 {"metadata":{"emulator":{"name":"dataconnect"},"message":"E0725 17:02:32.294193   21120 watch.go:40] Failed to load config from \"d:\\\\Application Dev\\\\SEL Live\\\\dataconnect\": could not find dataconnect.yaml in `d:\\Application Dev\\SEL Live\\dataconnect`\n"}}
[debug] [2026-07-25T11:32:42.293Z] E0725 17:02:42.293894   21120 watch.go:40] Failed to load config from "d:\\Application Dev\\SEL Live\\dataconnect": could not find dataconnect.yaml in `d:\Application Dev\SEL Live\dataconnect`
 {"metadata":{"emulator":{"name":"dataconnect"},"message":"E0725 17:02:42.293894   21120 watch.go:40] Failed to load config from \"d:\\\\Application Dev\\\\SEL Live\\\\dataconnect\": could not find dataconnect.yaml in `d:\\Application Dev\\SEL Live\\dataconnect`\n"}}
[debug] [2026-07-25T11:32:52.295Z] E0725 17:02:52.294237   21120 watch.go:40] Failed to load config from "d:\\Application Dev\\SEL Live\\dataconnect": could not find dataconnect.yaml in `d:\Application Dev\SEL Live\dataconnect`
 {"metadata":{"emulator":{"name":"dataconnect"},"message":"E0725 17:02:52.294237   21120 watch.go:40] Failed to load config from \"d:\\\\Application Dev\\\\SEL Live\\\\dataconnect\": could not find dataconnect.yaml in `d:\\Application Dev\\SEL Live\\dataconnect`\n"}}
[debug] [2026-07-25T11:33:02.294Z] E0725 17:03:02.293887   21120 watch.go:116] watchAllDir unable to walk dir `d:\Application Dev\SEL Live\dataconnect`: GetFileAttributesEx d:\Application Dev\SEL Live\dataconnect: The system cannot find the file specified.
E0725 17:03:02.293887   21120 watch.go:40] Failed to load config from "d:\\Application Dev\\SEL Live\\dataconnect": could not find dataconnect.yaml in `d:\Application Dev\SEL Live\dataconnect`
 {"metadata":{"emulator":{"name":"dataconnect"},"message":"E0725 17:03:02.293887   21120 watch.go:116] watchAllDir unable to walk dir `d:\\Application Dev\\SEL Live\\dataconnect`: GetFileAttributesEx d:\\Application Dev\\SEL Live\\dataconnect: The system cannot find the file specified.\nE0725 17:03:02.293887   21120 watch.go:40] Failed to load config from \"d:\\\\Application Dev\\\\SEL Live\\\\dataconnect\": could not find dataconnect.yaml in `d:\\Application Dev\\SEL Live\\dataconnect`\n"}}
[debug] [2026-07-25T11:33:12.294Z] E0725 17:03:12.293930   21120 watch.go:40] Failed to load config from "d:\\Application Dev\\SEL Live\\dataconnect": could not find dataconnect.yaml in `d:\Application Dev\SEL Live\dataconnect`
 {"metadata":{"emulator":{"name":"dataconnect"},"message":"E0725 17:03:12.293930   21120 watch.go:40] Failed to load config from \"d:\\\\Application Dev\\\\SEL Live\\\\dataconnect\": could not find dataconnect.yaml in `d:\\Application Dev\\SEL Live\\dataconnect`\n"}}
[debug] [2026-07-25T11:33:22.294Z] E0725 17:03:22.294223   21120 watch.go:40] Failed to load config from "d:\\Application Dev\\SEL Live\\dataconnect": could not find dataconnect.yaml in `d:\Application Dev\SEL Live\dataconnect`
 {"metadata":{"emulator":{"name":"dataconnect"},"message":"E0725 17:03:22.294223   21120 watch.go:40] Failed to load config from \"d:\\\\Application Dev\\\\SEL Live\\\\dataconnect\": could not find dataconnect.yaml in `d:\\Application Dev\\SEL Live\\dataconnect`\n"}}
[info] [Firebase Plugin] Stopping SQL Connect toolkit
[warn] !  SQL Connect Emulator has exited upon receiving signal: SIGINT 
[debug] [2026-07-25T11:33:44.741Z] [Firebase Plugin] Activating Firebase extension.
[debug] [2026-07-25T11:33:45.546Z] [Firebase Plugin] requireAuthWrapper
[debug] [2026-07-25T11:33:45.547Z] > command requires scopes: ["email","openid","https://www.googleapis.com/auth/cloudplatformprojects.readonly","https://www.googleapis.com/auth/firebase","https://www.googleapis.com/auth/cloud-platform"]
[debug] [2026-07-25T11:33:45.562Z] [Firebase Plugin] VSCode notification server listening on port 40001
[error] [Firebase Plugin] requireAuth error: Could not load the default credentials. Browse to https://cloud.google.com/docs/authentication/getting-started for more information.
[info] [Firebase Plugin] Starting SQL Connect toolkit (version 3.4.16) on port 50001
[debug] [2026-07-25T11:33:45.766Z] 'fdc build' failed with error: Unable to build your SQL Connect schema and connectors (exit code 1): E0725 17:03:45.759647   19896 cmd.go:43] Error loading data connect config: could not find dataconnect.yaml in `d:\Application Dev\SEL Live\dataconnect`
 {"metadata":{"emulator":{"name":"dataconnect"},"message":"'fdc build' failed with error: Unable to build your SQL Connect schema and connectors (exit code 1): E0725 17:03:45.759647   19896 cmd.go:43] Error loading data connect config: could not find dataconnect.yaml in `d:\\Application Dev\\SEL Live\\dataconnect`\n"}}
[debug] [2026-07-25T11:33:45.766Z] Ignoring unsupported arg: auto_download {"metadata":{"emulator":{"name":"dataconnect"},"message":"Ignoring unsupported arg: auto_download"}}
[debug] [2026-07-25T11:33:45.766Z] Ignoring unsupported arg: port {"metadata":{"emulator":{"name":"dataconnect"},"message":"Ignoring unsupported arg: port"}}
[debug] [2026-07-25T11:33:45.767Z] Starting SQL Connect Emulator with command {"binary":"C:\\Users\\Ashish\\.cache\\firebase\\emulators\\dataconnect-emulator-3.4.16.exe","args":["--logtostderr","-v=2","dev","--listen=localhost:50001","--config_dir=d:\\Application Dev\\SEL Live\\dataconnect","--enable_output_schema_extensions=true","--enable_output_generated_sdk=true"],"optionalArgs":["listen","config_dir","enable_output_schema_extensions","enable_output_generated_sdk"],"joinArgs":true,"shell":false,"port":9399} {"metadata":{"emulator":{"name":"dataconnect"},"message":"Starting SQL Connect Emulator with command {\"binary\":\"C:\\\\Users\\\\Ashish\\\\.cache\\\\firebase\\\\emulators\\\\dataconnect-emulator-3.4.16.exe\",\"args\":[\"--logtostderr\",\"-v=2\",\"dev\",\"--listen=localhost:50001\",\"--config_dir=d:\\\\Application Dev\\\\SEL Live\\\\dataconnect\",\"--enable_output_schema_extensions=true\",\"--enable_output_generated_sdk=true\"],\"optionalArgs\":[\"listen\",\"config_dir\",\"enable_output_schema_extensions\",\"enable_output_generated_sdk\"],\"joinArgs\":true,\"shell\":false,\"port\":9399}"}}
[info] i  dataconnect: SQL Connect Emulator logging to dataconnect-debug.log {"metadata":{"emulator":{"name":"dataconnect"},"message":"SQL Connect Emulator logging to \u001b[1mdataconnect-debug.log\u001b[22m"}}
[debug] [2026-07-25T11:33:45.790Z] E0725 17:03:45.790273   20360 dev.go:80] Failed to load initial config from "d:\\Application Dev\\SEL Live\\dataconnect": could not find dataconnect.yaml in `d:\Application Dev\SEL Live\dataconnect`
 {"metadata":{"emulator":{"name":"dataconnect"},"message":"E0725 17:03:45.790273   20360 dev.go:80] Failed to load initial config from \"d:\\\\Application Dev\\\\SEL Live\\\\dataconnect\": could not find dataconnect.yaml in `d:\\Application Dev\\SEL Live\\dataconnect`\n"}}
[debug] [2026-07-25T11:33:45.790Z] E0725 17:03:45.790803   20360 watch.go:116] watchAllDir unable to walk dir `d:\Application Dev\SEL Live\dataconnect`: GetFileAttributesEx d:\Application Dev\SEL Live\dataconnect: The system cannot find the file specified.
 {"metadata":{"emulator":{"name":"dataconnect"},"message":"E0725 17:03:45.790803   20360 watch.go:116] watchAllDir unable to walk dir `d:\\Application Dev\\SEL Live\\dataconnect`: GetFileAttributesEx d:\\Application Dev\\SEL Live\\dataconnect: The system cannot find the file specified.\n"}}
[debug] [2026-07-25T11:33:45.797Z] I0725 17:03:45.797446   20360 dev.go:101] Listening on address (HTTP + gRPC): 127.0.0.1:50001
 {"metadata":{"emulator":{"name":"dataconnect"},"message":"I0725 17:03:45.797446   20360 dev.go:101] Listening on address (HTTP + gRPC): 127.0.0.1:50001\n"}}
[error] [Firebase Plugin] error:  {}
[debug] [2026-07-25T11:33:55.791Z] E0725 17:03:55.791012   20360 watch.go:40] Failed to load config from "d:\\Application Dev\\SEL Live\\dataconnect": could not find dataconnect.yaml in `d:\Application Dev\SEL Live\dataconnect`
 {"metadata":{"emulator":{"name":"dataconnect"},"message":"E0725 17:03:55.791012   20360 watch.go:40] Failed to load config from \"d:\\\\Application Dev\\\\SEL Live\\\\dataconnect\": could not find dataconnect.yaml in `d:\\Application Dev\\SEL Live\\dataconnect`\n"}}
[debug] [2026-07-25T11:34:05.791Z] E0725 17:04:05.790935   20360 watch.go:40] Failed to load config from "d:\\Application Dev\\SEL Live\\dataconnect": could not find dataconnect.yaml in `d:\Application Dev\SEL Live\dataconnect`
 {"metadata":{"emulator":{"name":"dataconnect"},"message":"E0725 17:04:05.790935   20360 watch.go:40] Failed to load config from \"d:\\\\Application Dev\\\\SEL Live\\\\dataconnect\": could not find dataconnect.yaml in `d:\\Application Dev\\SEL Live\\dataconnect`\n"}}
[debug] [2026-07-25T11:34:15.791Z] E0725 17:04:15.791062   20360 watch.go:40] Failed to load config from "d:\\Application Dev\\SEL Live\\dataconnect": could not find dataconnect.yaml in `d:\Application Dev\SEL Live\dataconnect`
 {"metadata":{"emulator":{"name":"dataconnect"},"message":"E0725 17:04:15.791062   20360 watch.go:40] Failed to load config from \"d:\\\\Application Dev\\\\SEL Live\\\\dataconnect\": could not find dataconnect.yaml in `d:\\Application Dev\\SEL Live\\dataconnect`\n"}}
[debug] [2026-07-25T11:34:25.791Z] E0725 17:04:25.791145   20360 watch.go:40] Failed to load config from "d:\\Application Dev\\SEL Live\\dataconnect": could not find dataconnect.yaml in `d:\Application Dev\SEL Live\dataconnect`
 {"metadata":{"emulator":{"name":"dataconnect"},"message":"E0725 17:04:25.791145   20360 watch.go:40] Failed to load config from \"d:\\\\Application Dev\\\\SEL Live\\\\dataconnect\": could not find dataconnect.yaml in `d:\\Application Dev\\SEL Live\\dataconnect`\n"}}
[debug] [2026-07-25T11:34:35.791Z] E0725 17:04:35.791176   20360 watch.go:40] Failed to load config from "d:\\Application Dev\\SEL Live\\dataconnect": could not find dataconnect.yaml in `d:\Application Dev\SEL Live\dataconnect`
 {"metadata":{"emulator":{"name":"dataconnect"},"message":"E0725 17:04:35.791176   20360 watch.go:40] Failed to load config from \"d:\\\\Application Dev\\\\SEL Live\\\\dataconnect\": could not find dataconnect.yaml in `d:\\Application Dev\\SEL Live\\dataconnect`\n"}}
[debug] [2026-07-25T11:34:45.791Z] E0725 17:04:45.791055   20360 watch.go:116] watchAllDir unable to walk dir `d:\Application Dev\SEL Live\dataconnect`: GetFileAttributesEx d:\Application Dev\SEL Live\dataconnect: The system cannot find the file specified.
E0725 17:04:45.791055   20360 watch.go:40] Failed to load config from "d:\\Application Dev\\SEL Live\\dataconnect": could not find dataconnect.yaml in `d:\Application Dev\SEL Live\dataconnect`
 {"metadata":{"emulator":{"name":"dataconnect"},"message":"E0725 17:04:45.791055   20360 watch.go:116] watchAllDir unable to walk dir `d:\\Application Dev\\SEL Live\\dataconnect`: GetFileAttributesEx d:\\Application Dev\\SEL Live\\dataconnect: The system cannot find the file specified.\nE0725 17:04:45.791055   20360 watch.go:40] Failed to load config from \"d:\\\\Application Dev\\\\SEL Live\\\\dataconnect\": could not find dataconnect.yaml in `d:\\Application Dev\\SEL Live\\dataconnect`\n"}}
[debug] [2026-07-25T11:34:55.791Z] E0725 17:04:55.791384   20360 watch.go:40] Failed to load config from "d:\\Application Dev\\SEL Live\\dataconnect": could not find dataconnect.yaml in `d:\Application Dev\SEL Live\dataconnect`
 {"metadata":{"emulator":{"name":"dataconnect"},"message":"E0725 17:04:55.791384   20360 watch.go:40] Failed to load config from \"d:\\\\Application Dev\\\\SEL Live\\\\dataconnect\": could not find dataconnect.yaml in `d:\\Application Dev\\SEL Live\\dataconnect`\n"}}
[debug] [2026-07-25T11:35:05.791Z] E0725 17:05:05.791208   20360 watch.go:40] Failed to load config from "d:\\Application Dev\\SEL Live\\dataconnect": could not find dataconnect.yaml in `d:\Application Dev\SEL Live\dataconnect`
 {"metadata":{"emulator":{"name":"dataconnect"},"message":"E0725 17:05:05.791208   20360 watch.go:40] Failed to load config from \"d:\\\\Application Dev\\\\SEL Live\\\\dataconnect\": could not find dataconnect.yaml in `d:\\Application Dev\\SEL Live\\dataconnect`\n"}}
[debug] [2026-07-25T11:35:15.791Z] E0725 17:05:15.790928   20360 watch.go:40] Failed to load config from "d:\\Application Dev\\SEL Live\\dataconnect": could not find dataconnect.yaml in `d:\Application Dev\SEL Live\dataconnect`
 {"metadata":{"emulator":{"name":"dataconnect"},"message":"E0725 17:05:15.790928   20360 watch.go:40] Failed to load config from \"d:\\\\Application Dev\\\\SEL Live\\\\dataconnect\": could not find dataconnect.yaml in `d:\\Application Dev\\SEL Live\\dataconnect`\n"}}
[debug] [2026-07-25T11:35:25.791Z] E0725 17:05:25.790892   20360 watch.go:40] Failed to load config from "d:\\Application Dev\\SEL Live\\dataconnect": could not find dataconnect.yaml in `d:\Application Dev\SEL Live\dataconnect`
 {"metadata":{"emulator":{"name":"dataconnect"},"message":"E0725 17:05:25.790892   20360 watch.go:40] Failed to load config from \"d:\\\\Application Dev\\\\SEL Live\\\\dataconnect\": could not find dataconnect.yaml in `d:\\Application Dev\\SEL Live\\dataconnect`\n"}}
[debug] [2026-07-25T11:35:35.791Z] E0725 17:05:35.791311   20360 watch.go:40] Failed to load config from "d:\\Application Dev\\SEL Live\\dataconnect": could not find dataconnect.yaml in `d:\Application Dev\SEL Live\dataconnect`
 {"metadata":{"emulator":{"name":"dataconnect"},"message":"E0725 17:05:35.791311   20360 watch.go:40] Failed to load config from \"d:\\\\Application Dev\\\\SEL Live\\\\dataconnect\": could not find dataconnect.yaml in `d:\\Application Dev\\SEL Live\\dataconnect`\n"}}
[debug] [2026-07-25T11:35:45.791Z] E0725 17:05:45.791418   20360 watch.go:116] watchAllDir unable to walk dir `d:\Application Dev\SEL Live\dataconnect`: GetFileAttributesEx d:\Application Dev\SEL Live\dataconnect: The system cannot find the file specified.
 {"metadata":{"emulator":{"name":"dataconnect"},"message":"E0725 17:05:45.791418   20360 watch.go:116] watchAllDir unable to walk dir `d:\\Application Dev\\SEL Live\\dataconnect`: GetFileAttributesEx d:\\Application Dev\\SEL Live\\dataconnect: The system cannot find the file specified.\n"}}
[debug] [2026-07-25T11:35:45.792Z] E0725 17:05:45.791418   20360 watch.go:40] Failed to load config from "d:\\Application Dev\\SEL Live\\dataconnect": could not find dataconnect.yaml in `d:\Application Dev\SEL Live\dataconnect`
 {"metadata":{"emulator":{"name":"dataconnect"},"message":"E0725 17:05:45.791418   20360 watch.go:40] Failed to load config from \"d:\\\\Application Dev\\\\SEL Live\\\\dataconnect\": could not find dataconnect.yaml in `d:\\Application Dev\\SEL Live\\dataconnect`\n"}}
[debug] [2026-07-25T11:35:55.791Z] E0725 17:05:55.791155   20360 watch.go:40] Failed to load config from "d:\\Application Dev\\SEL Live\\dataconnect": could not find dataconnect.yaml in `d:\Application Dev\SEL Live\dataconnect`
 {"metadata":{"emulator":{"name":"dataconnect"},"message":"E0725 17:05:55.791155   20360 watch.go:40] Failed to load config from \"d:\\\\Application Dev\\\\SEL Live\\\\dataconnect\": could not find dataconnect.yaml in `d:\\Application Dev\\SEL Live\\dataconnect`\n"}}
[debug] [2026-07-25T11:36:05.791Z] E0725 17:06:05.791294   20360 watch.go:40] Failed to load config from "d:\\Application Dev\\SEL Live\\dataconnect": could not find dataconnect.yaml in `d:\Application Dev\SEL Live\dataconnect`
 {"metadata":{"emulator":{"name":"dataconnect"},"message":"E0725 17:06:05.791294   20360 watch.go:40] Failed to load config from \"d:\\\\Application Dev\\\\SEL Live\\\\dataconnect\": could not find dataconnect.yaml in `d:\\Application Dev\\SEL Live\\dataconnect`\n"}}
[debug] [2026-07-25T11:36:15.791Z] E0725 17:06:15.791271   20360 watch.go:40] Failed to load config from "d:\\Application Dev\\SEL Live\\dataconnect": could not find dataconnect.yaml in `d:\Application Dev\SEL Live\dataconnect`
 {"metadata":{"emulator":{"name":"dataconnect"},"message":"E0725 17:06:15.791271   20360 watch.go:40] Failed to load config from \"d:\\\\Application Dev\\\\SEL Live\\\\dataconnect\": could not find dataconnect.yaml in `d:\\Application Dev\\SEL Live\\dataconnect`\n"}}
[debug] [2026-07-25T11:36:25.790Z] E0725 17:06:25.791060   20360 watch.go:40] Failed to load config from "d:\\Application Dev\\SEL Live\\dataconnect": could not find dataconnect.yaml in `d:\Application Dev\SEL Live\dataconnect`
 {"metadata":{"emulator":{"name":"dataconnect"},"message":"E0725 17:06:25.791060   20360 watch.go:40] Failed to load config from \"d:\\\\Application Dev\\\\SEL Live\\\\dataconnect\": could not find dataconnect.yaml in `d:\\Application Dev\\SEL Live\\dataconnect`\n"}}
[debug] [2026-07-25T11:36:35.791Z] E0725 17:06:35.791099   20360 watch.go:40] Failed to load config from "d:\\Application Dev\\SEL Live\\dataconnect": could not find dataconnect.yaml in `d:\Application Dev\SEL Live\dataconnect`
 {"metadata":{"emulator":{"name":"dataconnect"},"message":"E0725 17:06:35.791099   20360 watch.go:40] Failed to load config from \"d:\\\\Application Dev\\\\SEL Live\\\\dataconnect\": could not find dataconnect.yaml in `d:\\Application Dev\\SEL Live\\dataconnect`\n"}}
[debug] [2026-07-25T11:36:45.791Z] E0725 17:06:45.791077   20360 watch.go:116] watchAllDir unable to walk dir `d:\Application Dev\SEL Live\dataconnect`: GetFileAttributesEx d:\Application Dev\SEL Live\dataconnect: The system cannot find the file specified.
E0725 17:06:45.791077   20360 watch.go:40] Failed to load config from "d:\\Application Dev\\SEL Live\\dataconnect": could not find dataconnect.yaml in `d:\Application Dev\SEL Live\dataconnect`
 {"metadata":{"emulator":{"name":"dataconnect"},"message":"E0725 17:06:45.791077   20360 watch.go:116] watchAllDir unable to walk dir `d:\\Application Dev\\SEL Live\\dataconnect`: GetFileAttributesEx d:\\Application Dev\\SEL Live\\dataconnect: The system cannot find the file specified.\nE0725 17:06:45.791077   20360 watch.go:40] Failed to load config from \"d:\\\\Application Dev\\\\SEL Live\\\\dataconnect\": could not find dataconnect.yaml in `d:\\Application Dev\\SEL Live\\dataconnect`\n"}}
[debug] [2026-07-25T11:36:55.791Z] E0725 17:06:55.791274   20360 watch.go:40] Failed to load config from "d:\\Application Dev\\SEL Live\\dataconnect": could not find dataconnect.yaml in `d:\Application Dev\SEL Live\dataconnect`
 {"metadata":{"emulator":{"name":"dataconnect"},"message":"E0725 17:06:55.791274   20360 watch.go:40] Failed to load config from \"d:\\\\Application Dev\\\\SEL Live\\\\dataconnect\": could not find dataconnect.yaml in `d:\\Application Dev\\SEL Live\\dataconnect`\n"}}
[debug] [2026-07-25T11:37:05.791Z] E0725 17:07:05.791357   20360 watch.go:40] Failed to load config from "d:\\Application Dev\\SEL Live\\dataconnect": could not find dataconnect.yaml in `d:\Application Dev\SEL Live\dataconnect`
 {"metadata":{"emulator":{"name":"dataconnect"},"message":"E0725 17:07:05.791357   20360 watch.go:40] Failed to load config from \"d:\\\\Application Dev\\\\SEL Live\\\\dataconnect\": could not find dataconnect.yaml in `d:\\Application Dev\\SEL Live\\dataconnect`\n"}}
[debug] [2026-07-25T11:37:15.791Z] E0725 17:07:15.791262   20360 watch.go:40] Failed to load config from "d:\\Application Dev\\SEL Live\\dataconnect": could not find dataconnect.yaml in `d:\Application Dev\SEL Live\dataconnect`
 {"metadata":{"emulator":{"name":"dataconnect"},"message":"E0725 17:07:15.791262   20360 watch.go:40] Failed to load config from \"d:\\\\Application Dev\\\\SEL Live\\\\dataconnect\": could not find dataconnect.yaml in `d:\\Application Dev\\SEL Live\\dataconnect`\n"}}
[debug] [2026-07-25T11:37:25.791Z] E0725 17:07:25.791102   20360 watch.go:40] Failed to load config from "d:\\Application Dev\\SEL Live\\dataconnect": could not find dataconnect.yaml in `d:\Application Dev\SEL Live\dataconnect`
 {"metadata":{"emulator":{"name":"dataconnect"},"message":"E0725 17:07:25.791102   20360 watch.go:40] Failed to load config from \"d:\\\\Application Dev\\\\SEL Live\\\\dataconnect\": could not find dataconnect.yaml in `d:\\Application Dev\\SEL Live\\dataconnect`\n"}}
[debug] [2026-07-25T11:37:35.791Z] E0725 17:07:35.791120   20360 watch.go:40] Failed to load config from "d:\\Application Dev\\SEL Live\\dataconnect": could not find dataconnect.yaml in `d:\Application Dev\SEL Live\dataconnect`
 {"metadata":{"emulator":{"name":"dataconnect"},"message":"E0725 17:07:35.791120   20360 watch.go:40] Failed to load config from \"d:\\\\Application Dev\\\\SEL Live\\\\dataconnect\": could not find dataconnect.yaml in `d:\\Application Dev\\SEL Live\\dataconnect`\n"}}
[debug] [2026-07-25T11:37:45.790Z] E0725 17:07:45.790899   20360 watch.go:116] watchAllDir unable to walk dir `d:\Application Dev\SEL Live\dataconnect`: GetFileAttributesEx d:\Application Dev\SEL Live\dataconnect: The system cannot find the file specified.
E0725 17:07:45.790899   20360 watch.go:40] Failed to load config from "d:\\Application Dev\\SEL Live\\dataconnect": could not find dataconnect.yaml in `d:\Application Dev\SEL Live\dataconnect`
 {"metadata":{"emulator":{"name":"dataconnect"},"message":"E0725 17:07:45.790899   20360 watch.go:116] watchAllDir unable to walk dir `d:\\Application Dev\\SEL Live\\dataconnect`: GetFileAttributesEx d:\\Application Dev\\SEL Live\\dataconnect: The system cannot find the file specified.\nE0725 17:07:45.790899   20360 watch.go:40] Failed to load config from \"d:\\\\Application Dev\\\\SEL Live\\\\dataconnect\": could not find dataconnect.yaml in `d:\\Application Dev\\SEL Live\\dataconnect`\n"}}
[debug] [2026-07-25T11:37:55.791Z] E0725 17:07:55.791621   20360 watch.go:40] Failed to load config from "d:\\Application Dev\\SEL Live\\dataconnect": could not find dataconnect.yaml in `d:\Application Dev\SEL Live\dataconnect`
 {"metadata":{"emulator":{"name":"dataconnect"},"message":"E0725 17:07:55.791621   20360 watch.go:40] Failed to load config from \"d:\\\\Application Dev\\\\SEL Live\\\\dataconnect\": could not find dataconnect.yaml in `d:\\Application Dev\\SEL Live\\dataconnect`\n"}}
[debug] [2026-07-25T11:38:05.790Z] E0725 17:08:05.791085   20360 watch.go:40] Failed to load config from "d:\\Application Dev\\SEL Live\\dataconnect": could not find dataconnect.yaml in `d:\Application Dev\SEL Live\dataconnect`
 {"metadata":{"emulator":{"name":"dataconnect"},"message":"E0725 17:08:05.791085   20360 watch.go:40] Failed to load config from \"d:\\\\Application Dev\\\\SEL Live\\\\dataconnect\": could not find dataconnect.yaml in `d:\\Application Dev\\SEL Live\\dataconnect`\n"}}
[debug] [2026-07-25T11:38:15.791Z] E0725 17:08:15.791149   20360 watch.go:40] Failed to load config from "d:\\Application Dev\\SEL Live\\dataconnect": could not find dataconnect.yaml in `d:\Application Dev\SEL Live\dataconnect`
 {"metadata":{"emulator":{"name":"dataconnect"},"message":"E0725 17:08:15.791149   20360 watch.go:40] Failed to load config from \"d:\\\\Application Dev\\\\SEL Live\\\\dataconnect\": could not find dataconnect.yaml in `d:\\Application Dev\\SEL Live\\dataconnect`\n"}}
[debug] [2026-07-25T11:38:25.790Z] E0725 17:08:25.791102   20360 watch.go:40] Failed to load config from "d:\\Application Dev\\SEL Live\\dataconnect": could not find dataconnect.yaml in `d:\Application Dev\SEL Live\dataconnect`
 {"metadata":{"emulator":{"name":"dataconnect"},"message":"E0725 17:08:25.791102   20360 watch.go:40] Failed to load config from \"d:\\\\Application Dev\\\\SEL Live\\\\dataconnect\": could not find dataconnect.yaml in `d:\\Application Dev\\SEL Live\\dataconnect`\n"}}
[debug] [2026-07-25T11:38:35.791Z] E0725 17:08:35.791413   20360 watch.go:40] Failed to load config from "d:\\Application Dev\\SEL Live\\dataconnect": could not find dataconnect.yaml in `d:\Application Dev\SEL Live\dataconnect`
 {"metadata":{"emulator":{"name":"dataconnect"},"message":"E0725 17:08:35.791413   20360 watch.go:40] Failed to load config from \"d:\\\\Application Dev\\\\SEL Live\\\\dataconnect\": could not find dataconnect.yaml in `d:\\Application Dev\\SEL Live\\dataconnect`\n"}}
[debug] [2026-07-25T11:38:45.791Z] E0725 17:08:45.791384   20360 watch.go:116] watchAllDir unable to walk dir `d:\Application Dev\SEL Live\dataconnect`: GetFileAttributesEx d:\Application Dev\SEL Live\dataconnect: The system cannot find the file specified.
 {"metadata":{"emulator":{"name":"dataconnect"},"message":"E0725 17:08:45.791384   20360 watch.go:116] watchAllDir unable to walk dir `d:\\Application Dev\\SEL Live\\dataconnect`: GetFileAttributesEx d:\\Application Dev\\SEL Live\\dataconnect: The system cannot find the file specified.\n"}}
[debug] [2026-07-25T11:38:45.793Z] E0725 17:08:45.791738   20360 watch.go:40] Failed to load config from "d:\\Application Dev\\SEL Live\\dataconnect": could not find dataconnect.yaml in `d:\Application Dev\SEL Live\dataconnect`
 {"metadata":{"emulator":{"name":"dataconnect"},"message":"E0725 17:08:45.791738   20360 watch.go:40] Failed to load config from \"d:\\\\Application Dev\\\\SEL Live\\\\dataconnect\": could not find dataconnect.yaml in `d:\\Application Dev\\SEL Live\\dataconnect`\n"}}
[debug] [2026-07-25T11:38:55.791Z] E0725 17:08:55.791355   20360 watch.go:40] Failed to load config from "d:\\Application Dev\\SEL Live\\dataconnect": could not find dataconnect.yaml in `d:\Application Dev\SEL Live\dataconnect`
 {"metadata":{"emulator":{"name":"dataconnect"},"message":"E0725 17:08:55.791355   20360 watch.go:40] Failed to load config from \"d:\\\\Application Dev\\\\SEL Live\\\\dataconnect\": could not find dataconnect.yaml in `d:\\Application Dev\\SEL Live\\dataconnect`\n"}}
[debug] [2026-07-25T11:39:05.791Z] E0725 17:09:05.791285   20360 watch.go:40] Failed to load config from "d:\\Application Dev\\SEL Live\\dataconnect": could not find dataconnect.yaml in `d:\Application Dev\SEL Live\dataconnect`
 {"metadata":{"emulator":{"name":"dataconnect"},"message":"E0725 17:09:05.791285   20360 watch.go:40] Failed to load config from \"d:\\\\Application Dev\\\\SEL Live\\\\dataconnect\": could not find dataconnect.yaml in `d:\\Application Dev\\SEL Live\\dataconnect`\n"}}
[debug] [2026-07-25T11:39:15.790Z] E0725 17:09:15.790920   20360 watch.go:40] Failed to load config from "d:\\Application Dev\\SEL Live\\dataconnect": could not find dataconnect.yaml in `d:\Application Dev\SEL Live\dataconnect`
 {"metadata":{"emulator":{"name":"dataconnect"},"message":"E0725 17:09:15.790920   20360 watch.go:40] Failed to load config from \"d:\\\\Application Dev\\\\SEL Live\\\\dataconnect\": could not find dataconnect.yaml in `d:\\Application Dev\\SEL Live\\dataconnect`\n"}}
[debug] [2026-07-25T11:39:25.791Z] E0725 17:09:25.791263   20360 watch.go:40] Failed to load config from "d:\\Application Dev\\SEL Live\\dataconnect": could not find dataconnect.yaml in `d:\Application Dev\SEL Live\dataconnect`
 {"metadata":{"emulator":{"name":"dataconnect"},"message":"E0725 17:09:25.791263   20360 watch.go:40] Failed to load config from \"d:\\\\Application Dev\\\\SEL Live\\\\dataconnect\": could not find dataconnect.yaml in `d:\\Application Dev\\SEL Live\\dataconnect`\n"}}
[debug] [2026-07-25T11:39:35.791Z] E0725 17:09:35.791399   20360 watch.go:40] Failed to load config from "d:\\Application Dev\\SEL Live\\dataconnect": could not find dataconnect.yaml in `d:\Application Dev\SEL Live\dataconnect`
 {"metadata":{"emulator":{"name":"dataconnect"},"message":"E0725 17:09:35.791399   20360 watch.go:40] Failed to load config from \"d:\\\\Application Dev\\\\SEL Live\\\\dataconnect\": could not find dataconnect.yaml in `d:\\Application Dev\\SEL Live\\dataconnect`\n"}}
[debug] [2026-07-25T11:39:45.791Z] E0725 17:09:45.791127   20360 watch.go:116] watchAllDir unable to walk dir `d:\Application Dev\SEL Live\dataconnect`: GetFileAttributesEx d:\Application Dev\SEL Live\dataconnect: The system cannot find the file specified.
E0725 17:09:45.791127   20360 watch.go:40] Failed to load config from "d:\\Application Dev\\SEL Live\\dataconnect": could not find dataconnect.yaml in `d:\Application Dev\SEL Live\dataconnect`
 {"metadata":{"emulator":{"name":"dataconnect"},"message":"E0725 17:09:45.791127   20360 watch.go:116] watchAllDir unable to walk dir `d:\\Application Dev\\SEL Live\\dataconnect`: GetFileAttributesEx d:\\Application Dev\\SEL Live\\dataconnect: The system cannot find the file specified.\nE0725 17:09:45.791127   20360 watch.go:40] Failed to load config from \"d:\\\\Application Dev\\\\SEL Live\\\\dataconnect\": could not find dataconnect.yaml in `d:\\Application Dev\\SEL Live\\dataconnect`\n"}}
[debug] [2026-07-25T11:39:55.791Z] E0725 17:09:55.791117   20360 watch.go:40] Failed to load config from "d:\\Application Dev\\SEL Live\\dataconnect": could not find dataconnect.yaml in `d:\Application Dev\SEL Live\dataconnect`
 {"metadata":{"emulator":{"name":"dataconnect"},"message":"E0725 17:09:55.791117   20360 watch.go:40] Failed to load config from \"d:\\\\Application Dev\\\\SEL Live\\\\dataconnect\": could not find dataconnect.yaml in `d:\\Application Dev\\SEL Live\\dataconnect`\n"}}
[debug] [2026-07-25T11:40:05.790Z] E0725 17:10:05.790964   20360 watch.go:40] Failed to load config from "d:\\Application Dev\\SEL Live\\dataconnect": could not find dataconnect.yaml in `d:\Application Dev\SEL Live\dataconnect`
 {"metadata":{"emulator":{"name":"dataconnect"},"message":"E0725 17:10:05.790964   20360 watch.go:40] Failed to load config from \"d:\\\\Application Dev\\\\SEL Live\\\\dataconnect\": could not find dataconnect.yaml in `d:\\Application Dev\\SEL Live\\dataconnect`\n"}}
[debug] [2026-07-25T11:40:15.791Z] E0725 17:10:15.790960   20360 watch.go:40] Failed to load config from "d:\\Application Dev\\SEL Live\\dataconnect": could not find dataconnect.yaml in `d:\Application Dev\SEL Live\dataconnect`
 {"metadata":{"emulator":{"name":"dataconnect"},"message":"E0725 17:10:15.790960   20360 watch.go:40] Failed to load config from \"d:\\\\Application Dev\\\\SEL Live\\\\dataconnect\": could not find dataconnect.yaml in `d:\\Application Dev\\SEL Live\\dataconnect`\n"}}
[debug] [2026-07-25T11:40:25.791Z] E0725 17:10:25.791102   20360 watch.go:40] Failed to load config from "d:\\Application Dev\\SEL Live\\dataconnect": could not find dataconnect.yaml in `d:\Application Dev\SEL Live\dataconnect`
 {"metadata":{"emulator":{"name":"dataconnect"},"message":"E0725 17:10:25.791102   20360 watch.go:40] Failed to load config from \"d:\\\\Application Dev\\\\SEL Live\\\\dataconnect\": could not find dataconnect.yaml in `d:\\Application Dev\\SEL Live\\dataconnect`\n"}}
[debug] [2026-07-25T11:40:35.791Z] E0725 17:10:35.791332   20360 watch.go:40] Failed to load config from "d:\\Application Dev\\SEL Live\\dataconnect": could not find dataconnect.yaml in `d:\Application Dev\SEL Live\dataconnect`
 {"metadata":{"emulator":{"name":"dataconnect"},"message":"E0725 17:10:35.791332   20360 watch.go:40] Failed to load config from \"d:\\\\Application Dev\\\\SEL Live\\\\dataconnect\": could not find dataconnect.yaml in `d:\\Application Dev\\SEL Live\\dataconnect`\n"}}
[debug] [2026-07-25T11:40:45.791Z] E0725 17:10:45.791399   20360 watch.go:116] watchAllDir unable to walk dir `d:\Application Dev\SEL Live\dataconnect`: GetFileAttributesEx d:\Application Dev\SEL Live\dataconnect: The system cannot find the file specified.
E0725 17:10:45.791399   20360 watch.go:40] Failed to load config from "d:\\Application Dev\\SEL Live\\dataconnect": could not find dataconnect.yaml in `d:\Application Dev\SEL Live\dataconnect`
 {"metadata":{"emulator":{"name":"dataconnect"},"message":"E0725 17:10:45.791399   20360 watch.go:116] watchAllDir unable to walk dir `d:\\Application Dev\\SEL Live\\dataconnect`: GetFileAttributesEx d:\\Application Dev\\SEL Live\\dataconnect: The system cannot find the file specified.\nE0725 17:10:45.791399   20360 watch.go:40] Failed to load config from \"d:\\\\Application Dev\\\\SEL Live\\\\dataconnect\": could not find dataconnect.yaml in `d:\\Application Dev\\SEL Live\\dataconnect`\n"}}
[debug] [2026-07-25T11:40:55.791Z] E0725 17:10:55.790866   20360 watch.go:40] Failed to load config from "d:\\Application Dev\\SEL Live\\dataconnect": could not find dataconnect.yaml in `d:\Application Dev\SEL Live\dataconnect`
 {"metadata":{"emulator":{"name":"dataconnect"},"message":"E0725 17:10:55.790866   20360 watch.go:40] Failed to load config from \"d:\\\\Application Dev\\\\SEL Live\\\\dataconnect\": could not find dataconnect.yaml in `d:\\Application Dev\\SEL Live\\dataconnect`\n"}}
[debug] [2026-07-25T11:41:05.791Z] E0725 17:11:05.791289   20360 watch.go:40] Failed to load config from "d:\\Application Dev\\SEL Live\\dataconnect": could not find dataconnect.yaml in `d:\Application Dev\SEL Live\dataconnect`
 {"metadata":{"emulator":{"name":"dataconnect"},"message":"E0725 17:11:05.791289   20360 watch.go:40] Failed to load config from \"d:\\\\Application Dev\\\\SEL Live\\\\dataconnect\": could not find dataconnect.yaml in `d:\\Application Dev\\SEL Live\\dataconnect`\n"}}
[debug] [2026-07-25T11:41:15.791Z] E0725 17:11:15.791416   20360 watch.go:40] Failed to load config from "d:\\Application Dev\\SEL Live\\dataconnect": could not find dataconnect.yaml in `d:\Application Dev\SEL Live\dataconnect`
 {"metadata":{"emulator":{"name":"dataconnect"},"message":"E0725 17:11:15.791416   20360 watch.go:40] Failed to load config from \"d:\\\\Application Dev\\\\SEL Live\\\\dataconnect\": could not find dataconnect.yaml in `d:\\Application Dev\\SEL Live\\dataconnect`\n"}}
[debug] [2026-07-25T11:41:25.791Z] E0725 17:11:25.791228   20360 watch.go:40] Failed to load config from "d:\\Application Dev\\SEL Live\\dataconnect": could not find dataconnect.yaml in `d:\Application Dev\SEL Live\dataconnect`
 {"metadata":{"emulator":{"name":"dataconnect"},"message":"E0725 17:11:25.791228   20360 watch.go:40] Failed to load config from \"d:\\\\Application Dev\\\\SEL Live\\\\dataconnect\": could not find dataconnect.yaml in `d:\\Application Dev\\SEL Live\\dataconnect`\n"}}
[info] [Firebase Plugin] Stopping SQL Connect toolkit
[warn] !  SQL Connect Emulator has exited upon receiving signal: SIGINT 
[debug] [2026-07-25T11:41:45.201Z] [Firebase Plugin] Activating Firebase extension.
[debug] [2026-07-25T11:41:46.245Z] [Firebase Plugin] requireAuthWrapper
[debug] [2026-07-25T11:41:46.246Z] > command requires scopes: ["email","openid","https://www.googleapis.com/auth/cloudplatformprojects.readonly","https://www.googleapis.com/auth/firebase","https://www.googleapis.com/auth/cloud-platform"]
[debug] [2026-07-25T11:41:46.260Z] [Firebase Plugin] VSCode notification server listening on port 40001
[error] [Firebase Plugin] requireAuth error: Could not load the default credentials. Browse to https://cloud.google.com/docs/authentication/getting-started for more information.
[info] [Firebase Plugin] Starting SQL Connect toolkit (version 3.4.16) on port 50001
[debug] [2026-07-25T11:41:46.519Z] 'fdc build' failed with error: Unable to build your SQL Connect schema and connectors (exit code 1): E0725 17:11:46.514230   17744 cmd.go:43] Error loading data connect config: could not find dataconnect.yaml in `d:\Application Dev\SEL Live\dataconnect`
 {"metadata":{"emulator":{"name":"dataconnect"},"message":"'fdc build' failed with error: Unable to build your SQL Connect schema and connectors (exit code 1): E0725 17:11:46.514230   17744 cmd.go:43] Error loading data connect config: could not find dataconnect.yaml in `d:\\Application Dev\\SEL Live\\dataconnect`\n"}}
[debug] [2026-07-25T11:41:46.520Z] Ignoring unsupported arg: auto_download {"metadata":{"emulator":{"name":"dataconnect"},"message":"Ignoring unsupported arg: auto_download"}}
[debug] [2026-07-25T11:41:46.520Z] Ignoring unsupported arg: port {"metadata":{"emulator":{"name":"dataconnect"},"message":"Ignoring unsupported arg: port"}}
[debug] [2026-07-25T11:41:46.520Z] Starting SQL Connect Emulator with command {"binary":"C:\\Users\\Ashish\\.cache\\firebase\\emulators\\dataconnect-emulator-3.4.16.exe","args":["--logtostderr","-v=2","dev","--listen=localhost:50001","--config_dir=d:\\Application Dev\\SEL Live\\dataconnect","--enable_output_schema_extensions=true","--enable_output_generated_sdk=true"],"optionalArgs":["listen","config_dir","enable_output_schema_extensions","enable_output_generated_sdk"],"joinArgs":true,"shell":false,"port":9399} {"metadata":{"emulator":{"name":"dataconnect"},"message":"Starting SQL Connect Emulator with command {\"binary\":\"C:\\\\Users\\\\Ashish\\\\.cache\\\\firebase\\\\emulators\\\\dataconnect-emulator-3.4.16.exe\",\"args\":[\"--logtostderr\",\"-v=2\",\"dev\",\"--listen=localhost:50001\",\"--config_dir=d:\\\\Application Dev\\\\SEL Live\\\\dataconnect\",\"--enable_output_schema_extensions=true\",\"--enable_output_generated_sdk=true\"],\"optionalArgs\":[\"listen\",\"config_dir\",\"enable_output_schema_extensions\",\"enable_output_generated_sdk\"],\"joinArgs\":true,\"shell\":false,\"port\":9399}"}}
[info] i  dataconnect: SQL Connect Emulator logging to dataconnect-debug.log {"metadata":{"emulator":{"name":"dataconnect"},"message":"SQL Connect Emulator logging to \u001b[1mdataconnect-debug.log\u001b[22m"}}
[debug] [2026-07-25T11:41:46.550Z] E0725 17:11:46.549947   18156 dev.go:80] Failed to load initial config from "d:\\Application Dev\\SEL Live\\dataconnect": could not find dataconnect.yaml in `d:\Application Dev\SEL Live\dataconnect`
E0725 17:11:46.550456   18156 watch.go:116] watchAllDir unable to walk dir `d:\Application Dev\SEL Live\dataconnect`: GetFileAttributesEx d:\Application Dev\SEL Live\dataconnect: The system cannot find the file specified.
 {"metadata":{"emulator":{"name":"dataconnect"},"message":"E0725 17:11:46.549947   18156 dev.go:80] Failed to load initial config from \"d:\\\\Application Dev\\\\SEL Live\\\\dataconnect\": could not find dataconnect.yaml in `d:\\Application Dev\\SEL Live\\dataconnect`\nE0725 17:11:46.550456   18156 watch.go:116] watchAllDir unable to walk dir `d:\\Application Dev\\SEL Live\\dataconnect`: GetFileAttributesEx d:\\Application Dev\\SEL Live\\dataconnect: The system cannot find the file specified.\n"}}
[debug] [2026-07-25T11:41:46.565Z] I0725 17:11:46.560184   18156 dev.go:101] Listening on address (HTTP + gRPC): 127.0.0.1:50001
 {"metadata":{"emulator":{"name":"dataconnect"},"message":"I0725 17:11:46.560184   18156 dev.go:101] Listening on address (HTTP + gRPC): 127.0.0.1:50001\n"}}
[error] [Firebase Plugin] error:  {}
[debug] [2026-07-25T11:41:56.550Z] E0725 17:11:56.551274   18156 watch.go:40] Failed to load config from "d:\\Application Dev\\SEL Live\\dataconnect": could not find dataconnect.yaml in `d:\Application Dev\SEL Live\dataconnect`
 {"metadata":{"emulator":{"name":"dataconnect"},"message":"E0725 17:11:56.551274   18156 watch.go:40] Failed to load config from \"d:\\\\Application Dev\\\\SEL Live\\\\dataconnect\": could not find dataconnect.yaml in `d:\\Application Dev\\SEL Live\\dataconnect`\n"}}
[debug] [2026-07-25T11:42:06.550Z] E0725 17:12:06.551074   18156 watch.go:40] Failed to load config from "d:\\Application Dev\\SEL Live\\dataconnect": could not find dataconnect.yaml in `d:\Application Dev\SEL Live\dataconnect`
 {"metadata":{"emulator":{"name":"dataconnect"},"message":"E0725 17:12:06.551074   18156 watch.go:40] Failed to load config from \"d:\\\\Application Dev\\\\SEL Live\\\\dataconnect\": could not find dataconnect.yaml in `d:\\Application Dev\\SEL Live\\dataconnect`\n"}}
[debug] [2026-07-25T11:42:16.552Z] E0725 17:12:16.552161   18156 watch.go:40] Failed to load config from "d:\\Application Dev\\SEL Live\\dataconnect": could not find dataconnect.yaml in `d:\Application Dev\SEL Live\dataconnect`
 {"metadata":{"emulator":{"name":"dataconnect"},"message":"E0725 17:12:16.552161   18156 watch.go:40] Failed to load config from \"d:\\\\Application Dev\\\\SEL Live\\\\dataconnect\": could not find dataconnect.yaml in `d:\\Application Dev\\SEL Live\\dataconnect`\n"}}
[debug] [2026-07-25T11:42:26.551Z] E0725 17:12:26.551638   18156 watch.go:40] Failed to load config from "d:\\Application Dev\\SEL Live\\dataconnect": could not find dataconnect.yaml in `d:\Application Dev\SEL Live\dataconnect`
 {"metadata":{"emulator":{"name":"dataconnect"},"message":"E0725 17:12:26.551638   18156 watch.go:40] Failed to load config from \"d:\\\\Application Dev\\\\SEL Live\\\\dataconnect\": could not find dataconnect.yaml in `d:\\Application Dev\\SEL Live\\dataconnect`\n"}}
[debug] [2026-07-25T11:42:36.551Z] E0725 17:12:36.551587   18156 watch.go:40] Failed to load config from "d:\\Application Dev\\SEL Live\\dataconnect": could not find dataconnect.yaml in `d:\Application Dev\SEL Live\dataconnect`
 {"metadata":{"emulator":{"name":"dataconnect"},"message":"E0725 17:12:36.551587   18156 watch.go:40] Failed to load config from \"d:\\\\Application Dev\\\\SEL Live\\\\dataconnect\": could not find dataconnect.yaml in `d:\\Application Dev\\SEL Live\\dataconnect`\n"}}
[debug] [2026-07-25T11:42:46.550Z] E0725 17:12:46.551127   18156 watch.go:116] watchAllDir unable to walk dir `d:\Application Dev\SEL Live\dataconnect`: GetFileAttributesEx d:\Application Dev\SEL Live\dataconnect: The system cannot find the file specified.
E0725 17:12:46.551127   18156 watch.go:40] Failed to load config from "d:\\Application Dev\\SEL Live\\dataconnect": could not find dataconnect.yaml in `d:\Application Dev\SEL Live\dataconnect`
 {"metadata":{"emulator":{"name":"dataconnect"},"message":"E0725 17:12:46.551127   18156 watch.go:116] watchAllDir unable to walk dir `d:\\Application Dev\\SEL Live\\dataconnect`: GetFileAttributesEx d:\\Application Dev\\SEL Live\\dataconnect: The system cannot find the file specified.\nE0725 17:12:46.551127   18156 watch.go:40] Failed to load config from \"d:\\\\Application Dev\\\\SEL Live\\\\dataconnect\": could not find dataconnect.yaml in `d:\\Application Dev\\SEL Live\\dataconnect`\n"}}
[debug] [2026-07-25T11:42:56.550Z] E0725 17:12:56.551515   18156 watch.go:40] Failed to load config from "d:\\Application Dev\\SEL Live\\dataconnect": could not find dataconnect.yaml in `d:\Application Dev\SEL Live\dataconnect`
 {"metadata":{"emulator":{"name":"dataconnect"},"message":"E0725 17:12:56.551515   18156 watch.go:40] Failed to load config from \"d:\\\\Application Dev\\\\SEL Live\\\\dataconnect\": could not find dataconnect.yaml in `d:\\Application Dev\\SEL Live\\dataconnect`\n"}}
[debug] [2026-07-25T11:43:06.550Z] E0725 17:13:06.551079   18156 watch.go:40] Failed to load config from "d:\\Application Dev\\SEL Live\\dataconnect": could not find dataconnect.yaml in `d:\Application Dev\SEL Live\dataconnect`
 {"metadata":{"emulator":{"name":"dataconnect"},"message":"E0725 17:13:06.551079   18156 watch.go:40] Failed to load config from \"d:\\\\Application Dev\\\\SEL Live\\\\dataconnect\": could not find dataconnect.yaml in `d:\\Application Dev\\SEL Live\\dataconnect`\n"}}
[debug] [2026-07-25T11:43:16.550Z] E0725 17:13:16.551397   18156 watch.go:40] Failed to load config from "d:\\Application Dev\\SEL Live\\dataconnect": could not find dataconnect.yaml in `d:\Application Dev\SEL Live\dataconnect`
 {"metadata":{"emulator":{"name":"dataconnect"},"message":"E0725 17:13:16.551397   18156 watch.go:40] Failed to load config from \"d:\\\\Application Dev\\\\SEL Live\\\\dataconnect\": could not find dataconnect.yaml in `d:\\Application Dev\\SEL Live\\dataconnect`\n"}}
[debug] [2026-07-25T11:43:26.550Z] E0725 17:13:26.551577   18156 watch.go:40] Failed to load config from "d:\\Application Dev\\SEL Live\\dataconnect": could not find dataconnect.yaml in `d:\Application Dev\SEL Live\dataconnect`
 {"metadata":{"emulator":{"name":"dataconnect"},"message":"E0725 17:13:26.551577   18156 watch.go:40] Failed to load config from \"d:\\\\Application Dev\\\\SEL Live\\\\dataconnect\": could not find dataconnect.yaml in `d:\\Application Dev\\SEL Live\\dataconnect`\n"}}
[debug] [2026-07-25T11:43:36.550Z] E0725 17:13:36.551302   18156 watch.go:40] Failed to load config from "d:\\Application Dev\\SEL Live\\dataconnect": could not find dataconnect.yaml in `d:\Application Dev\SEL Live\dataconnect`
 {"metadata":{"emulator":{"name":"dataconnect"},"message":"E0725 17:13:36.551302   18156 watch.go:40] Failed to load config from \"d:\\\\Application Dev\\\\SEL Live\\\\dataconnect\": could not find dataconnect.yaml in `d:\\Application Dev\\SEL Live\\dataconnect`\n"}}
[debug] [2026-07-25T11:43:46.550Z] E0725 17:13:46.551314   18156 watch.go:116] watchAllDir unable to walk dir `d:\Application Dev\SEL Live\dataconnect`: GetFileAttributesEx d:\Application Dev\SEL Live\dataconnect: The system cannot find the file specified.
E0725 17:13:46.551314   18156 watch.go:40] Failed to load config from "d:\\Application Dev\\SEL Live\\dataconnect": could not find dataconnect.yaml in `d:\Application Dev\SEL Live\dataconnect`
 {"metadata":{"emulator":{"name":"dataconnect"},"message":"E0725 17:13:46.551314   18156 watch.go:116] watchAllDir unable to walk dir `d:\\Application Dev\\SEL Live\\dataconnect`: GetFileAttributesEx d:\\Application Dev\\SEL Live\\dataconnect: The system cannot find the file specified.\nE0725 17:13:46.551314   18156 watch.go:40] Failed to load config from \"d:\\\\Application Dev\\\\SEL Live\\\\dataconnect\": could not find dataconnect.yaml in `d:\\Application Dev\\SEL Live\\dataconnect`\n"}}
[debug] [2026-07-25T11:43:56.551Z] E0725 17:13:56.552126   18156 watch.go:40] Failed to load config from "d:\\Application Dev\\SEL Live\\dataconnect": could not find dataconnect.yaml in `d:\Application Dev\SEL Live\dataconnect`
 {"metadata":{"emulator":{"name":"dataconnect"},"message":"E0725 17:13:56.552126   18156 watch.go:40] Failed to load config from \"d:\\\\Application Dev\\\\SEL Live\\\\dataconnect\": could not find dataconnect.yaml in `d:\\Application Dev\\SEL Live\\dataconnect`\n"}}
[debug] [2026-07-25T11:44:06.550Z] E0725 17:14:06.551431   18156 watch.go:40] Failed to load config from "d:\\Application Dev\\SEL Live\\dataconnect": could not find dataconnect.yaml in `d:\Application Dev\SEL Live\dataconnect`
 {"metadata":{"emulator":{"name":"dataconnect"},"message":"E0725 17:14:06.551431   18156 watch.go:40] Failed to load config from \"d:\\\\Application Dev\\\\SEL Live\\\\dataconnect\": could not find dataconnect.yaml in `d:\\Application Dev\\SEL Live\\dataconnect`\n"}}
[debug] [2026-07-25T11:44:16.550Z] E0725 17:14:16.551296   18156 watch.go:40] Failed to load config from "d:\\Application Dev\\SEL Live\\dataconnect": could not find dataconnect.yaml in `d:\Application Dev\SEL Live\dataconnect`
 {"metadata":{"emulator":{"name":"dataconnect"},"message":"E0725 17:14:16.551296   18156 watch.go:40] Failed to load config from \"d:\\\\Application Dev\\\\SEL Live\\\\dataconnect\": could not find dataconnect.yaml in `d:\\Application Dev\\SEL Live\\dataconnect`\n"}}
[debug] [2026-07-25T11:44:26.550Z] E0725 17:14:26.551167   18156 watch.go:40] Failed to load config from "d:\\Application Dev\\SEL Live\\dataconnect": could not find dataconnect.yaml in `d:\Application Dev\SEL Live\dataconnect`
 {"metadata":{"emulator":{"name":"dataconnect"},"message":"E0725 17:14:26.551167   18156 watch.go:40] Failed to load config from \"d:\\\\Application Dev\\\\SEL Live\\\\dataconnect\": could not find dataconnect.yaml in `d:\\Application Dev\\SEL Live\\dataconnect`\n"}}
[debug] [2026-07-25T11:44:36.550Z] E0725 17:14:36.551383   18156 watch.go:40] Failed to load config from "d:\\Application Dev\\SEL Live\\dataconnect": could not find dataconnect.yaml in `d:\Application Dev\SEL Live\dataconnect`
 {"metadata":{"emulator":{"name":"dataconnect"},"message":"E0725 17:14:36.551383   18156 watch.go:40] Failed to load config from \"d:\\\\Application Dev\\\\SEL Live\\\\dataconnect\": could not find dataconnect.yaml in `d:\\Application Dev\\SEL Live\\dataconnect`\n"}}
[debug] [2026-07-25T11:44:46.550Z] E0725 17:14:46.551052   18156 watch.go:116] watchAllDir unable to walk dir `d:\Application Dev\SEL Live\dataconnect`: GetFileAttributesEx d:\Application Dev\SEL Live\dataconnect: The system cannot find the file specified.
E0725 17:14:46.551052   18156 watch.go:40] Failed to load config from "d:\\Application Dev\\SEL Live\\dataconnect": could not find dataconnect.yaml in `d:\Application Dev\SEL Live\dataconnect`
 {"metadata":{"emulator":{"name":"dataconnect"},"message":"E0725 17:14:46.551052   18156 watch.go:116] watchAllDir unable to walk dir `d:\\Application Dev\\SEL Live\\dataconnect`: GetFileAttributesEx d:\\Application Dev\\SEL Live\\dataconnect: The system cannot find the file specified.\nE0725 17:14:46.551052   18156 watch.go:40] Failed to load config from \"d:\\\\Application Dev\\\\SEL Live\\\\dataconnect\": could not find dataconnect.yaml in `d:\\Application Dev\\SEL Live\\dataconnect`\n"}}
[debug] [2026-07-25T11:44:56.551Z] E0725 17:14:56.551342   18156 watch.go:40] Failed to load config from "d:\\Application Dev\\SEL Live\\dataconnect": could not find dataconnect.yaml in `d:\Application Dev\SEL Live\dataconnect`
 {"metadata":{"emulator":{"name":"dataconnect"},"message":"E0725 17:14:56.551342   18156 watch.go:40] Failed to load config from \"d:\\\\Application Dev\\\\SEL Live\\\\dataconnect\": could not find dataconnect.yaml in `d:\\Application Dev\\SEL Live\\dataconnect`\n"}}
[debug] [2026-07-25T11:45:06.551Z] E0725 17:15:06.551365   18156 watch.go:40] Failed to load config from "d:\\Application Dev\\SEL Live\\dataconnect": could not find dataconnect.yaml in `d:\Application Dev\SEL Live\dataconnect`
 {"metadata":{"emulator":{"name":"dataconnect"},"message":"E0725 17:15:06.551365   18156 watch.go:40] Failed to load config from \"d:\\\\Application Dev\\\\SEL Live\\\\dataconnect\": could not find dataconnect.yaml in `d:\\Application Dev\\SEL Live\\dataconnect`\n"}}
[debug] [2026-07-25T11:45:16.551Z] E0725 17:15:16.551484   18156 watch.go:40] Failed to load config from "d:\\Application Dev\\SEL Live\\dataconnect": could not find dataconnect.yaml in `d:\Application Dev\SEL Live\dataconnect`
 {"metadata":{"emulator":{"name":"dataconnect"},"message":"E0725 17:15:16.551484   18156 watch.go:40] Failed to load config from \"d:\\\\Application Dev\\\\SEL Live\\\\dataconnect\": could not find dataconnect.yaml in `d:\\Application Dev\\SEL Live\\dataconnect`\n"}}
[debug] [2026-07-25T11:45:26.551Z] E0725 17:15:26.551793   18156 watch.go:40] Failed to load config from "d:\\Application Dev\\SEL Live\\dataconnect": could not find dataconnect.yaml in `d:\Application Dev\SEL Live\dataconnect`
 {"metadata":{"emulator":{"name":"dataconnect"},"message":"E0725 17:15:26.551793   18156 watch.go:40] Failed to load config from \"d:\\\\Application Dev\\\\SEL Live\\\\dataconnect\": could not find dataconnect.yaml in `d:\\Application Dev\\SEL Live\\dataconnect`\n"}}
[debug] [2026-07-25T11:45:36.551Z] E0725 17:15:36.551458   18156 watch.go:40] Failed to load config from "d:\\Application Dev\\SEL Live\\dataconnect": could not find dataconnect.yaml in `d:\Application Dev\SEL Live\dataconnect`
 {"metadata":{"emulator":{"name":"dataconnect"},"message":"E0725 17:15:36.551458   18156 watch.go:40] Failed to load config from \"d:\\\\Application Dev\\\\SEL Live\\\\dataconnect\": could not find dataconnect.yaml in `d:\\Application Dev\\SEL Live\\dataconnect`\n"}}
[debug] [2026-07-25T11:45:46.551Z] E0725 17:15:46.551556   18156 watch.go:116] watchAllDir unable to walk dir `d:\Application Dev\SEL Live\dataconnect`: GetFileAttributesEx d:\Application Dev\SEL Live\dataconnect: The system cannot find the file specified.
E0725 17:15:46.551556   18156 watch.go:40] Failed to load config from "d:\\Application Dev\\SEL Live\\dataconnect": could not find dataconnect.yaml in `d:\Application Dev\SEL Live\dataconnect`
 {"metadata":{"emulator":{"name":"dataconnect"},"message":"E0725 17:15:46.551556   18156 watch.go:116] watchAllDir unable to walk dir `d:\\Application Dev\\SEL Live\\dataconnect`: GetFileAttributesEx d:\\Application Dev\\SEL Live\\dataconnect: The system cannot find the file specified.\nE0725 17:15:46.551556   18156 watch.go:40] Failed to load config from \"d:\\\\Application Dev\\\\SEL Live\\\\dataconnect\": could not find dataconnect.yaml in `d:\\Application Dev\\SEL Live\\dataconnect`\n"}}
[debug] [2026-07-25T11:45:56.551Z] E0725 17:15:56.551366   18156 watch.go:40] Failed to load config from "d:\\Application Dev\\SEL Live\\dataconnect": could not find dataconnect.yaml in `d:\Application Dev\SEL Live\dataconnect`
 {"metadata":{"emulator":{"name":"dataconnect"},"message":"E0725 17:15:56.551366   18156 watch.go:40] Failed to load config from \"d:\\\\Application Dev\\\\SEL Live\\\\dataconnect\": could not find dataconnect.yaml in `d:\\Application Dev\\SEL Live\\dataconnect`\n"}}
[debug] [2026-07-25T11:46:06.551Z] E0725 17:16:06.551361   18156 watch.go:40] Failed to load config from "d:\\Application Dev\\SEL Live\\dataconnect": could not find dataconnect.yaml in `d:\Application Dev\SEL Live\dataconnect`
 {"metadata":{"emulator":{"name":"dataconnect"},"message":"E0725 17:16:06.551361   18156 watch.go:40] Failed to load config from \"d:\\\\Application Dev\\\\SEL Live\\\\dataconnect\": could not find dataconnect.yaml in `d:\\Application Dev\\SEL Live\\dataconnect`\n"}}
[debug] [2026-07-25T11:46:16.551Z] E0725 17:16:16.551222   18156 watch.go:40] Failed to load config from "d:\\Application Dev\\SEL Live\\dataconnect": could not find dataconnect.yaml in `d:\Application Dev\SEL Live\dataconnect`
 {"metadata":{"emulator":{"name":"dataconnect"},"message":"E0725 17:16:16.551222   18156 watch.go:40] Failed to load config from \"d:\\\\Application Dev\\\\SEL Live\\\\dataconnect\": could not find dataconnect.yaml in `d:\\Application Dev\\SEL Live\\dataconnect`\n"}}
[debug] [2026-07-25T11:46:26.551Z] E0725 17:16:26.551165   18156 watch.go:40] Failed to load config from "d:\\Application Dev\\SEL Live\\dataconnect": could not find dataconnect.yaml in `d:\Application Dev\SEL Live\dataconnect`
 {"metadata":{"emulator":{"name":"dataconnect"},"message":"E0725 17:16:26.551165   18156 watch.go:40] Failed to load config from \"d:\\\\Application Dev\\\\SEL Live\\\\dataconnect\": could not find dataconnect.yaml in `d:\\Application Dev\\SEL Live\\dataconnect`\n"}}
[debug] [2026-07-25T11:46:36.551Z] E0725 17:16:36.551527   18156 watch.go:40] Failed to load config from "d:\\Application Dev\\SEL Live\\dataconnect": could not find dataconnect.yaml in `d:\Application Dev\SEL Live\dataconnect`
 {"metadata":{"emulator":{"name":"dataconnect"},"message":"E0725 17:16:36.551527   18156 watch.go:40] Failed to load config from \"d:\\\\Application Dev\\\\SEL Live\\\\dataconnect\": could not find dataconnect.yaml in `d:\\Application Dev\\SEL Live\\dataconnect`\n"}}
[debug] [2026-07-25T11:46:46.551Z] E0725 17:16:46.551519   18156 watch.go:116] watchAllDir unable to walk dir `d:\Application Dev\SEL Live\dataconnect`: GetFileAttributesEx d:\Application Dev\SEL Live\dataconnect: The system cannot find the file specified.
E0725 17:16:46.551519   18156 watch.go:40] Failed to load config from "d:\\Application Dev\\SEL Live\\dataconnect": could not find dataconnect.yaml in `d:\Application Dev\SEL Live\dataconnect`
 {"metadata":{"emulator":{"name":"dataconnect"},"message":"E0725 17:16:46.551519   18156 watch.go:116] watchAllDir unable to walk dir `d:\\Application Dev\\SEL Live\\dataconnect`: GetFileAttributesEx d:\\Application Dev\\SEL Live\\dataconnect: The system cannot find the file specified.\nE0725 17:16:46.551519   18156 watch.go:40] Failed to load config from \"d:\\\\Application Dev\\\\SEL Live\\\\dataconnect\": could not find dataconnect.yaml in `d:\\Application Dev\\SEL Live\\dataconnect`\n"}}
[debug] [2026-07-25T11:46:56.551Z] E0725 17:16:56.551243   18156 watch.go:40] Failed to load config from "d:\\Application Dev\\SEL Live\\dataconnect": could not find dataconnect.yaml in `d:\Application Dev\SEL Live\dataconnect`
 {"metadata":{"emulator":{"name":"dataconnect"},"message":"E0725 17:16:56.551243   18156 watch.go:40] Failed to load config from \"d:\\\\Application Dev\\\\SEL Live\\\\dataconnect\": could not find dataconnect.yaml in `d:\\Application Dev\\SEL Live\\dataconnect`\n"}}
[debug] [2026-07-25T11:47:06.551Z] E0725 17:17:06.551465   18156 watch.go:40] Failed to load config from "d:\\Application Dev\\SEL Live\\dataconnect": could not find dataconnect.yaml in `d:\Application Dev\SEL Live\dataconnect`
 {"metadata":{"emulator":{"name":"dataconnect"},"message":"E0725 17:17:06.551465   18156 watch.go:40] Failed to load config from \"d:\\\\Application Dev\\\\SEL Live\\\\dataconnect\": could not find dataconnect.yaml in `d:\\Application Dev\\SEL Live\\dataconnect`\n"}}
[debug] [2026-07-25T11:47:16.551Z] E0725 17:17:16.551326   18156 watch.go:40] Failed to load config from "d:\\Application Dev\\SEL Live\\dataconnect": could not find dataconnect.yaml in `d:\Application Dev\SEL Live\dataconnect`
 {"metadata":{"emulator":{"name":"dataconnect"},"message":"E0725 17:17:16.551326   18156 watch.go:40] Failed to load config from \"d:\\\\Application Dev\\\\SEL Live\\\\dataconnect\": could not find dataconnect.yaml in `d:\\Application Dev\\SEL Live\\dataconnect`\n"}}
[debug] [2026-07-25T11:47:26.551Z] E0725 17:17:26.551667   18156 watch.go:40] Failed to load config from "d:\\Application Dev\\SEL Live\\dataconnect": could not find dataconnect.yaml in `d:\Application Dev\SEL Live\dataconnect`
 {"metadata":{"emulator":{"name":"dataconnect"},"message":"E0725 17:17:26.551667   18156 watch.go:40] Failed to load config from \"d:\\\\Application Dev\\\\SEL Live\\\\dataconnect\": could not find dataconnect.yaml in `d:\\Application Dev\\SEL Live\\dataconnect`\n"}}
[debug] [2026-07-25T11:47:36.551Z] E0725 17:17:36.551235   18156 watch.go:40] Failed to load config from "d:\\Application Dev\\SEL Live\\dataconnect": could not find dataconnect.yaml in `d:\Application Dev\SEL Live\dataconnect`
 {"metadata":{"emulator":{"name":"dataconnect"},"message":"E0725 17:17:36.551235   18156 watch.go:40] Failed to load config from \"d:\\\\Application Dev\\\\SEL Live\\\\dataconnect\": could not find dataconnect.yaml in `d:\\Application Dev\\SEL Live\\dataconnect`\n"}}
[debug] [2026-07-25T11:47:46.551Z] E0725 17:17:46.551240   18156 watch.go:116] watchAllDir unable to walk dir `d:\Application Dev\SEL Live\dataconnect`: GetFileAttributesEx d:\Application Dev\SEL Live\dataconnect: The system cannot find the file specified.
E0725 17:17:46.551240   18156 watch.go:40] Failed to load config from "d:\\Application Dev\\SEL Live\\dataconnect": could not find dataconnect.yaml in `d:\Application Dev\SEL Live\dataconnect`
 {"metadata":{"emulator":{"name":"dataconnect"},"message":"E0725 17:17:46.551240   18156 watch.go:116] watchAllDir unable to walk dir `d:\\Application Dev\\SEL Live\\dataconnect`: GetFileAttributesEx d:\\Application Dev\\SEL Live\\dataconnect: The system cannot find the file specified.\nE0725 17:17:46.551240   18156 watch.go:40] Failed to load config from \"d:\\\\Application Dev\\\\SEL Live\\\\dataconnect\": could not find dataconnect.yaml in `d:\\Application Dev\\SEL Live\\dataconnect`\n"}}
[debug] [2026-07-25T11:47:56.551Z] E0725 17:17:56.551163   18156 watch.go:40] Failed to load config from "d:\\Application Dev\\SEL Live\\dataconnect": could not find dataconnect.yaml in `d:\Application Dev\SEL Live\dataconnect`
 {"metadata":{"emulator":{"name":"dataconnect"},"message":"E0725 17:17:56.551163   18156 watch.go:40] Failed to load config from \"d:\\\\Application Dev\\\\SEL Live\\\\dataconnect\": could not find dataconnect.yaml in `d:\\Application Dev\\SEL Live\\dataconnect`\n"}}
[debug] [2026-07-25T11:48:06.551Z] E0725 17:18:06.551095   18156 watch.go:40] Failed to load config from "d:\\Application Dev\\SEL Live\\dataconnect": could not find dataconnect.yaml in `d:\Application Dev\SEL Live\dataconnect`
 {"metadata":{"emulator":{"name":"dataconnect"},"message":"E0725 17:18:06.551095   18156 watch.go:40] Failed to load config from \"d:\\\\Application Dev\\\\SEL Live\\\\dataconnect\": could not find dataconnect.yaml in `d:\\Application Dev\\SEL Live\\dataconnect`\n"}}
[debug] [2026-07-25T11:48:16.551Z] E0725 17:18:16.551489   18156 watch.go:40] Failed to load config from "d:\\Application Dev\\SEL Live\\dataconnect": could not find dataconnect.yaml in `d:\Application Dev\SEL Live\dataconnect`
 {"metadata":{"emulator":{"name":"dataconnect"},"message":"E0725 17:18:16.551489   18156 watch.go:40] Failed to load config from \"d:\\\\Application Dev\\\\SEL Live\\\\dataconnect\": could not find dataconnect.yaml in `d:\\Application Dev\\SEL Live\\dataconnect`\n"}}
[debug] [2026-07-25T11:48:26.551Z] E0725 17:18:26.551249   18156 watch.go:40] Failed to load config from "d:\\Application Dev\\SEL Live\\dataconnect": could not find dataconnect.yaml in `d:\Application Dev\SEL Live\dataconnect`
 {"metadata":{"emulator":{"name":"dataconnect"},"message":"E0725 17:18:26.551249   18156 watch.go:40] Failed to load config from \"d:\\\\Application Dev\\\\SEL Live\\\\dataconnect\": could not find dataconnect.yaml in `d:\\Application Dev\\SEL Live\\dataconnect`\n"}}
[debug] [2026-07-25T11:48:36.551Z] E0725 17:18:36.551084   18156 watch.go:40] Failed to load config from "d:\\Application Dev\\SEL Live\\dataconnect": could not find dataconnect.yaml in `d:\Application Dev\SEL Live\dataconnect`
 {"metadata":{"emulator":{"name":"dataconnect"},"message":"E0725 17:18:36.551084   18156 watch.go:40] Failed to load config from \"d:\\\\Application Dev\\\\SEL Live\\\\dataconnect\": could not find dataconnect.yaml in `d:\\Application Dev\\SEL Live\\dataconnect`\n"}}
[debug] [2026-07-25T11:48:46.546Z] E0725 17:18:46.551858   18156 watch.go:116] watchAllDir unable to walk dir `d:\Application Dev\SEL Live\dataconnect`: GetFileAttributesEx d:\Application Dev\SEL Live\dataconnect: The system cannot find the file specified.
E0725 17:18:46.551858   18156 watch.go:40] Failed to load config from "d:\\Application Dev\\SEL Live\\dataconnect": could not find dataconnect.yaml in `d:\Application Dev\SEL Live\dataconnect`
 {"metadata":{"emulator":{"name":"dataconnect"},"message":"E0725 17:18:46.551858   18156 watch.go:116] watchAllDir unable to walk dir `d:\\Application Dev\\SEL Live\\dataconnect`: GetFileAttributesEx d:\\Application Dev\\SEL Live\\dataconnect: The system cannot find the file specified.\nE0725 17:18:46.551858   18156 watch.go:40] Failed to load config from \"d:\\\\Application Dev\\\\SEL Live\\\\dataconnect\": could not find dataconnect.yaml in `d:\\Application Dev\\SEL Live\\dataconnect`\n"}}
[debug] [2026-07-25T11:48:56.546Z] E0725 17:18:56.552150   18156 watch.go:40] Failed to load config from "d:\\Application Dev\\SEL Live\\dataconnect": could not find dataconnect.yaml in `d:\Application Dev\SEL Live\dataconnect`
 {"metadata":{"emulator":{"name":"dataconnect"},"message":"E0725 17:18:56.552150   18156 watch.go:40] Failed to load config from \"d:\\\\Application Dev\\\\SEL Live\\\\dataconnect\": could not find dataconnect.yaml in `d:\\Application Dev\\SEL Live\\dataconnect`\n"}}
[debug] [2026-07-25T11:49:06.545Z] E0725 17:19:06.551217   18156 watch.go:40] Failed to load config from "d:\\Application Dev\\SEL Live\\dataconnect": could not find dataconnect.yaml in `d:\Application Dev\SEL Live\dataconnect`
 {"metadata":{"emulator":{"name":"dataconnect"},"message":"E0725 17:19:06.551217   18156 watch.go:40] Failed to load config from \"d:\\\\Application Dev\\\\SEL Live\\\\dataconnect\": could not find dataconnect.yaml in `d:\\Application Dev\\SEL Live\\dataconnect`\n"}}
[debug] [2026-07-25T11:49:16.545Z] E0725 17:19:16.551149   18156 watch.go:40] Failed to load config from "d:\\Application Dev\\SEL Live\\dataconnect": could not find dataconnect.yaml in `d:\Application Dev\SEL Live\dataconnect`
 {"metadata":{"emulator":{"name":"dataconnect"},"message":"E0725 17:19:16.551149   18156 watch.go:40] Failed to load config from \"d:\\\\Application Dev\\\\SEL Live\\\\dataconnect\": could not find dataconnect.yaml in `d:\\Application Dev\\SEL Live\\dataconnect`\n"}}
[info] [Firebase Plugin] Stopping SQL Connect toolkit
[warn] !  SQL Connect Emulator has exited upon receiving signal: SIGINT 
[debug] [2026-07-25T11:49:32.557Z] [Firebase Plugin] Activating Firebase extension.
[debug] [2026-07-25T11:49:33.641Z] [Firebase Plugin] requireAuthWrapper
[debug] [2026-07-25T11:49:33.642Z] > command requires scopes: ["email","openid","https://www.googleapis.com/auth/cloudplatformprojects.readonly","https://www.googleapis.com/auth/firebase","https://www.googleapis.com/auth/cloud-platform"]
[debug] [2026-07-25T11:49:33.655Z] [Firebase Plugin] VSCode notification server listening on port 40001
[error] [Firebase Plugin] requireAuth error: Could not load the default credentials. Browse to https://cloud.google.com/docs/authentication/getting-started for more information.
[info] [Firebase Plugin] Starting SQL Connect toolkit (version 3.4.16) on port 50001
[debug] [2026-07-25T11:49:34.002Z] 'fdc build' failed with error: Unable to build your SQL Connect schema and connectors (exit code 1): E0725 17:19:34.000541   19392 cmd.go:43] Error loading data connect config: could not find dataconnect.yaml in `d:\Application Dev\SEL Live\dataconnect`
 {"metadata":{"emulator":{"name":"dataconnect"},"message":"'fdc build' failed with error: Unable to build your SQL Connect schema and connectors (exit code 1): E0725 17:19:34.000541   19392 cmd.go:43] Error loading data connect config: could not find dataconnect.yaml in `d:\\Application Dev\\SEL Live\\dataconnect`\n"}}
[debug] [2026-07-25T11:49:34.003Z] Ignoring unsupported arg: auto_download {"metadata":{"emulator":{"name":"dataconnect"},"message":"Ignoring unsupported arg: auto_download"}}
[debug] [2026-07-25T11:49:34.003Z] Ignoring unsupported arg: port {"metadata":{"emulator":{"name":"dataconnect"},"message":"Ignoring unsupported arg: port"}}
[debug] [2026-07-25T11:49:34.004Z] Starting SQL Connect Emulator with command {"binary":"C:\\Users\\Ashish\\.cache\\firebase\\emulators\\dataconnect-emulator-3.4.16.exe","args":["--logtostderr","-v=2","dev","--listen=localhost:50001","--config_dir=d:\\Application Dev\\SEL Live\\dataconnect","--enable_output_schema_extensions=true","--enable_output_generated_sdk=true"],"optionalArgs":["listen","config_dir","enable_output_schema_extensions","enable_output_generated_sdk"],"joinArgs":true,"shell":false,"port":9399} {"metadata":{"emulator":{"name":"dataconnect"},"message":"Starting SQL Connect Emulator with command {\"binary\":\"C:\\\\Users\\\\Ashish\\\\.cache\\\\firebase\\\\emulators\\\\dataconnect-emulator-3.4.16.exe\",\"args\":[\"--logtostderr\",\"-v=2\",\"dev\",\"--listen=localhost:50001\",\"--config_dir=d:\\\\Application Dev\\\\SEL Live\\\\dataconnect\",\"--enable_output_schema_extensions=true\",\"--enable_output_generated_sdk=true\"],\"optionalArgs\":[\"listen\",\"config_dir\",\"enable_output_schema_extensions\",\"enable_output_generated_sdk\"],\"joinArgs\":true,\"shell\":false,\"port\":9399}"}}
[info] i  dataconnect: SQL Connect Emulator logging to dataconnect-debug.log {"metadata":{"emulator":{"name":"dataconnect"},"message":"SQL Connect Emulator logging to \u001b[1mdataconnect-debug.log\u001b[22m"}}
[debug] [2026-07-25T11:49:34.039Z] E0725 17:19:34.040941   20540 dev.go:80] Failed to load initial config from "d:\\Application Dev\\SEL Live\\dataconnect": could not find dataconnect.yaml in `d:\Application Dev\SEL Live\dataconnect`
 {"metadata":{"emulator":{"name":"dataconnect"},"message":"E0725 17:19:34.040941   20540 dev.go:80] Failed to load initial config from \"d:\\\\Application Dev\\\\SEL Live\\\\dataconnect\": could not find dataconnect.yaml in `d:\\Application Dev\\SEL Live\\dataconnect`\n"}}
[debug] [2026-07-25T11:49:34.040Z] E0725 17:19:34.041454   20540 watch.go:116] watchAllDir unable to walk dir `d:\Application Dev\SEL Live\dataconnect`: GetFileAttributesEx d:\Application Dev\SEL Live\dataconnect: The system cannot find the file specified.
 {"metadata":{"emulator":{"name":"dataconnect"},"message":"E0725 17:19:34.041454   20540 watch.go:116] watchAllDir unable to walk dir `d:\\Application Dev\\SEL Live\\dataconnect`: GetFileAttributesEx d:\\Application Dev\\SEL Live\\dataconnect: The system cannot find the file specified.\n"}}
[debug] [2026-07-25T11:49:34.049Z] I0725 17:19:34.051245   20540 dev.go:101] Listening on address (HTTP + gRPC): 127.0.0.1:50001
 {"metadata":{"emulator":{"name":"dataconnect"},"message":"I0725 17:19:34.051245   20540 dev.go:101] Listening on address (HTTP + gRPC): 127.0.0.1:50001\n"}}
[error] [Firebase Plugin] error:  {}
[debug] [2026-07-25T11:49:44.040Z] E0725 17:19:44.042405   20540 watch.go:40] Failed to load config from "d:\\Application Dev\\SEL Live\\dataconnect": could not find dataconnect.yaml in `d:\Application Dev\SEL Live\dataconnect`
 {"metadata":{"emulator":{"name":"dataconnect"},"message":"E0725 17:19:44.042405   20540 watch.go:40] Failed to load config from \"d:\\\\Application Dev\\\\SEL Live\\\\dataconnect\": could not find dataconnect.yaml in `d:\\Application Dev\\SEL Live\\dataconnect`\n"}}
[debug] [2026-07-25T11:49:54.040Z] E0725 17:19:54.042226   20540 watch.go:40] Failed to load config from "d:\\Application Dev\\SEL Live\\dataconnect": could not find dataconnect.yaml in `d:\Application Dev\SEL Live\dataconnect`
 {"metadata":{"emulator":{"name":"dataconnect"},"message":"E0725 17:19:54.042226   20540 watch.go:40] Failed to load config from \"d:\\\\Application Dev\\\\SEL Live\\\\dataconnect\": could not find dataconnect.yaml in `d:\\Application Dev\\SEL Live\\dataconnect`\n"}}
[debug] [2026-07-25T11:50:04.040Z] E0725 17:20:04.042473   20540 watch.go:40] Failed to load config from "d:\\Application Dev\\SEL Live\\dataconnect": could not find dataconnect.yaml in `d:\Application Dev\SEL Live\dataconnect`
 {"metadata":{"emulator":{"name":"dataconnect"},"message":"E0725 17:20:04.042473   20540 watch.go:40] Failed to load config from \"d:\\\\Application Dev\\\\SEL Live\\\\dataconnect\": could not find dataconnect.yaml in `d:\\Application Dev\\SEL Live\\dataconnect`\n"}}
[debug] [2026-07-25T11:50:14.040Z] E0725 17:20:14.042382   20540 watch.go:40] Failed to load config from "d:\\Application Dev\\SEL Live\\dataconnect": could not find dataconnect.yaml in `d:\Application Dev\SEL Live\dataconnect`
 {"metadata":{"emulator":{"name":"dataconnect"},"message":"E0725 17:20:14.042382   20540 watch.go:40] Failed to load config from \"d:\\\\Application Dev\\\\SEL Live\\\\dataconnect\": could not find dataconnect.yaml in `d:\\Application Dev\\SEL Live\\dataconnect`\n"}}
[debug] [2026-07-25T11:50:24.039Z] E0725 17:20:24.042195   20540 watch.go:40] Failed to load config from "d:\\Application Dev\\SEL Live\\dataconnect": could not find dataconnect.yaml in `d:\Application Dev\SEL Live\dataconnect`
 {"metadata":{"emulator":{"name":"dataconnect"},"message":"E0725 17:20:24.042195   20540 watch.go:40] Failed to load config from \"d:\\\\Application Dev\\\\SEL Live\\\\dataconnect\": could not find dataconnect.yaml in `d:\\Application Dev\\SEL Live\\dataconnect`\n"}}
[debug] [2026-07-25T11:50:34.039Z] E0725 17:20:34.042429   20540 watch.go:116] watchAllDir unable to walk dir `d:\Application Dev\SEL Live\dataconnect`: GetFileAttributesEx d:\Application Dev\SEL Live\dataconnect: The system cannot find the file specified.
E0725 17:20:34.042429   20540 watch.go:40] Failed to load config from "d:\\Application Dev\\SEL Live\\dataconnect": could not find dataconnect.yaml in `d:\Application Dev\SEL Live\dataconnect`
 {"metadata":{"emulator":{"name":"dataconnect"},"message":"E0725 17:20:34.042429   20540 watch.go:116] watchAllDir unable to walk dir `d:\\Application Dev\\SEL Live\\dataconnect`: GetFileAttributesEx d:\\Application Dev\\SEL Live\\dataconnect: The system cannot find the file specified.\nE0725 17:20:34.042429   20540 watch.go:40] Failed to load config from \"d:\\\\Application Dev\\\\SEL Live\\\\dataconnect\": could not find dataconnect.yaml in `d:\\Application Dev\\SEL Live\\dataconnect`\n"}}
[debug] [2026-07-25T11:50:44.039Z] E0725 17:20:44.042204   20540 watch.go:40] Failed to load config from "d:\\Application Dev\\SEL Live\\dataconnect": could not find dataconnect.yaml in `d:\Application Dev\SEL Live\dataconnect`
 {"metadata":{"emulator":{"name":"dataconnect"},"message":"E0725 17:20:44.042204   20540 watch.go:40] Failed to load config from \"d:\\\\Application Dev\\\\SEL Live\\\\dataconnect\": could not find dataconnect.yaml in `d:\\Application Dev\\SEL Live\\dataconnect`\n"}}
[debug] [2026-07-25T11:50:54.039Z] E0725 17:20:54.042458   20540 watch.go:40] Failed to load config from "d:\\Application Dev\\SEL Live\\dataconnect": could not find dataconnect.yaml in `d:\Application Dev\SEL Live\dataconnect`
 {"metadata":{"emulator":{"name":"dataconnect"},"message":"E0725 17:20:54.042458   20540 watch.go:40] Failed to load config from \"d:\\\\Application Dev\\\\SEL Live\\\\dataconnect\": could not find dataconnect.yaml in `d:\\Application Dev\\SEL Live\\dataconnect`\n"}}
[debug] [2026-07-25T11:51:04.040Z] E0725 17:21:04.043602   20540 watch.go:40] Failed to load config from "d:\\Application Dev\\SEL Live\\dataconnect": could not find dataconnect.yaml in `d:\Application Dev\SEL Live\dataconnect`
 {"metadata":{"emulator":{"name":"dataconnect"},"message":"E0725 17:21:04.043602   20540 watch.go:40] Failed to load config from \"d:\\\\Application Dev\\\\SEL Live\\\\dataconnect\": could not find dataconnect.yaml in `d:\\Application Dev\\SEL Live\\dataconnect`\n"}}
[debug] [2026-07-25T11:51:14.040Z] E0725 17:21:14.042952   20540 watch.go:40] Failed to load config from "d:\\Application Dev\\SEL Live\\dataconnect": could not find dataconnect.yaml in `d:\Application Dev\SEL Live\dataconnect`
 {"metadata":{"emulator":{"name":"dataconnect"},"message":"E0725 17:21:14.042952   20540 watch.go:40] Failed to load config from \"d:\\\\Application Dev\\\\SEL Live\\\\dataconnect\": could not find dataconnect.yaml in `d:\\Application Dev\\SEL Live\\dataconnect`\n"}}
[debug] [2026-07-25T11:51:24.042Z] E0725 17:21:24.042078   20540 watch.go:40] Failed to load config from "d:\\Application Dev\\SEL Live\\dataconnect": could not find dataconnect.yaml in `d:\Application Dev\SEL Live\dataconnect`
 {"metadata":{"emulator":{"name":"dataconnect"},"message":"E0725 17:21:24.042078   20540 watch.go:40] Failed to load config from \"d:\\\\Application Dev\\\\SEL Live\\\\dataconnect\": could not find dataconnect.yaml in `d:\\Application Dev\\SEL Live\\dataconnect`\n"}}
[debug] [2026-07-25T11:51:34.044Z] E0725 17:21:34.042308   20540 watch.go:116] watchAllDir unable to walk dir `d:\Application Dev\SEL Live\dataconnect`: GetFileAttributesEx d:\Application Dev\SEL Live\dataconnect: The system cannot find the file specified.
 {"metadata":{"emulator":{"name":"dataconnect"},"message":"E0725 17:21:34.042308   20540 watch.go:116] watchAllDir unable to walk dir `d:\\Application Dev\\SEL Live\\dataconnect`: GetFileAttributesEx d:\\Application Dev\\SEL Live\\dataconnect: The system cannot find the file specified.\n"}}
[debug] [2026-07-25T11:51:34.045Z] E0725 17:21:34.042308   20540 watch.go:40] Failed to load config from "d:\\Application Dev\\SEL Live\\dataconnect": could not find dataconnect.yaml in `d:\Application Dev\SEL Live\dataconnect`
 {"metadata":{"emulator":{"name":"dataconnect"},"message":"E0725 17:21:34.042308   20540 watch.go:40] Failed to load config from \"d:\\\\Application Dev\\\\SEL Live\\\\dataconnect\": could not find dataconnect.yaml in `d:\\Application Dev\\SEL Live\\dataconnect`\n"}}
[debug] [2026-07-25T11:51:44.042Z] E0725 17:21:44.042233   20540 watch.go:40] Failed to load config from "d:\\Application Dev\\SEL Live\\dataconnect": could not find dataconnect.yaml in `d:\Application Dev\SEL Live\dataconnect`
 {"metadata":{"emulator":{"name":"dataconnect"},"message":"E0725 17:21:44.042233   20540 watch.go:40] Failed to load config from \"d:\\\\Application Dev\\\\SEL Live\\\\dataconnect\": could not find dataconnect.yaml in `d:\\Application Dev\\SEL Live\\dataconnect`\n"}}
[debug] [2026-07-25T11:51:54.042Z] E0725 17:21:54.042487   20540 watch.go:40] Failed to load config from "d:\\Application Dev\\SEL Live\\dataconnect": could not find dataconnect.yaml in `d:\Application Dev\SEL Live\dataconnect`
 {"metadata":{"emulator":{"name":"dataconnect"},"message":"E0725 17:21:54.042487   20540 watch.go:40] Failed to load config from \"d:\\\\Application Dev\\\\SEL Live\\\\dataconnect\": could not find dataconnect.yaml in `d:\\Application Dev\\SEL Live\\dataconnect`\n"}}
[debug] [2026-07-25T11:52:04.042Z] E0725 17:22:04.042529   20540 watch.go:40] Failed to load config from "d:\\Application Dev\\SEL Live\\dataconnect": could not find dataconnect.yaml in `d:\Application Dev\SEL Live\dataconnect`
 {"metadata":{"emulator":{"name":"dataconnect"},"message":"E0725 17:22:04.042529   20540 watch.go:40] Failed to load config from \"d:\\\\Application Dev\\\\SEL Live\\\\dataconnect\": could not find dataconnect.yaml in `d:\\Application Dev\\SEL Live\\dataconnect`\n"}}
[debug] [2026-07-25T11:52:14.043Z] E0725 17:22:14.043010   20540 watch.go:40] Failed to load config from "d:\\Application Dev\\SEL Live\\dataconnect": could not find dataconnect.yaml in `d:\Application Dev\SEL Live\dataconnect`
 {"metadata":{"emulator":{"name":"dataconnect"},"message":"E0725 17:22:14.043010   20540 watch.go:40] Failed to load config from \"d:\\\\Application Dev\\\\SEL Live\\\\dataconnect\": could not find dataconnect.yaml in `d:\\Application Dev\\SEL Live\\dataconnect`\n"}}
[debug] [2026-07-25T11:52:24.042Z] E0725 17:22:24.042577   20540 watch.go:40] Failed to load config from "d:\\Application Dev\\SEL Live\\dataconnect": could not find dataconnect.yaml in `d:\Application Dev\SEL Live\dataconnect`
 {"metadata":{"emulator":{"name":"dataconnect"},"message":"E0725 17:22:24.042577   20540 watch.go:40] Failed to load config from \"d:\\\\Application Dev\\\\SEL Live\\\\dataconnect\": could not find dataconnect.yaml in `d:\\Application Dev\\SEL Live\\dataconnect`\n"}}
[debug] [2026-07-25T11:52:34.042Z] E0725 17:22:34.042172   20540 watch.go:116] watchAllDir unable to walk dir `d:\Application Dev\SEL Live\dataconnect`: GetFileAttributesEx d:\Application Dev\SEL Live\dataconnect: The system cannot find the file specified.
E0725 17:22:34.042172   20540 watch.go:40] Failed to load config from "d:\\Application Dev\\SEL Live\\dataconnect": could not find dataconnect.yaml in `d:\Application Dev\SEL Live\dataconnect`
 {"metadata":{"emulator":{"name":"dataconnect"},"message":"E0725 17:22:34.042172   20540 watch.go:116] watchAllDir unable to walk dir `d:\\Application Dev\\SEL Live\\dataconnect`: GetFileAttributesEx d:\\Application Dev\\SEL Live\\dataconnect: The system cannot find the file specified.\nE0725 17:22:34.042172   20540 watch.go:40] Failed to load config from \"d:\\\\Application Dev\\\\SEL Live\\\\dataconnect\": could not find dataconnect.yaml in `d:\\Application Dev\\SEL Live\\dataconnect`\n"}}
[debug] [2026-07-25T11:52:44.042Z] E0725 17:22:44.042363   20540 watch.go:40] Failed to load config from "d:\\Application Dev\\SEL Live\\dataconnect": could not find dataconnect.yaml in `d:\Application Dev\SEL Live\dataconnect`
 {"metadata":{"emulator":{"name":"dataconnect"},"message":"E0725 17:22:44.042363   20540 watch.go:40] Failed to load config from \"d:\\\\Application Dev\\\\SEL Live\\\\dataconnect\": could not find dataconnect.yaml in `d:\\Application Dev\\SEL Live\\dataconnect`\n"}}
[debug] [2026-07-25T11:52:54.042Z] E0725 17:22:54.042136   20540 watch.go:40] Failed to load config from "d:\\Application Dev\\SEL Live\\dataconnect": could not find dataconnect.yaml in `d:\Application Dev\SEL Live\dataconnect`
 {"metadata":{"emulator":{"name":"dataconnect"},"message":"E0725 17:22:54.042136   20540 watch.go:40] Failed to load config from \"d:\\\\Application Dev\\\\SEL Live\\\\dataconnect\": could not find dataconnect.yaml in `d:\\Application Dev\\SEL Live\\dataconnect`\n"}}
[debug] [2026-07-25T11:53:04.042Z] E0725 17:23:04.042376   20540 watch.go:40] Failed to load config from "d:\\Application Dev\\SEL Live\\dataconnect": could not find dataconnect.yaml in `d:\Application Dev\SEL Live\dataconnect`
 {"metadata":{"emulator":{"name":"dataconnect"},"message":"E0725 17:23:04.042376   20540 watch.go:40] Failed to load config from \"d:\\\\Application Dev\\\\SEL Live\\\\dataconnect\": could not find dataconnect.yaml in `d:\\Application Dev\\SEL Live\\dataconnect`\n"}}
[debug] [2026-07-25T11:53:14.042Z] E0725 17:23:14.042108   20540 watch.go:40] Failed to load config from "d:\\Application Dev\\SEL Live\\dataconnect": could not find dataconnect.yaml in `d:\Application Dev\SEL Live\dataconnect`
 {"metadata":{"emulator":{"name":"dataconnect"},"message":"E0725 17:23:14.042108   20540 watch.go:40] Failed to load config from \"d:\\\\Application Dev\\\\SEL Live\\\\dataconnect\": could not find dataconnect.yaml in `d:\\Application Dev\\SEL Live\\dataconnect`\n"}}
[debug] [2026-07-25T11:53:24.042Z] E0725 17:23:24.042424   20540 watch.go:40] Failed to load config from "d:\\Application Dev\\SEL Live\\dataconnect": could not find dataconnect.yaml in `d:\Application Dev\SEL Live\dataconnect`
 {"metadata":{"emulator":{"name":"dataconnect"},"message":"E0725 17:23:24.042424   20540 watch.go:40] Failed to load config from \"d:\\\\Application Dev\\\\SEL Live\\\\dataconnect\": could not find dataconnect.yaml in `d:\\Application Dev\\SEL Live\\dataconnect`\n"}}
[debug] [2026-07-25T11:53:34.086Z] E0725 17:23:34.042661   20540 watch.go:116] watchAllDir unable to walk dir `d:\Application Dev\SEL Live\dataconnect`: GetFileAttributesEx d:\Application Dev\SEL Live\dataconnect: The system cannot find the file specified.
E0725 17:23:34.042661   20540 watch.go:40] Failed to load config from "d:\\Application Dev\\SEL Live\\dataconnect": could not find dataconnect.yaml in `d:\Application Dev\SEL Live\dataconnect`
 {"metadata":{"emulator":{"name":"dataconnect"},"message":"E0725 17:23:34.042661   20540 watch.go:116] watchAllDir unable to walk dir `d:\\Application Dev\\SEL Live\\dataconnect`: GetFileAttributesEx d:\\Application Dev\\SEL Live\\dataconnect: The system cannot find the file specified.\nE0725 17:23:34.042661   20540 watch.go:40] Failed to load config from \"d:\\\\Application Dev\\\\SEL Live\\\\dataconnect\": could not find dataconnect.yaml in `d:\\Application Dev\\SEL Live\\dataconnect`\n"}}
[debug] [2026-07-25T11:53:44.048Z] E0725 17:23:44.044496   20540 watch.go:40] Failed to load config from "d:\\Application Dev\\SEL Live\\dataconnect": could not find dataconnect.yaml in `d:\Application Dev\SEL Live\dataconnect`
 {"metadata":{"emulator":{"name":"dataconnect"},"message":"E0725 17:23:44.044496   20540 watch.go:40] Failed to load config from \"d:\\\\Application Dev\\\\SEL Live\\\\dataconnect\": could not find dataconnect.yaml in `d:\\Application Dev\\SEL Live\\dataconnect`\n"}}
[debug] [2026-07-25T11:53:54.042Z] E0725 17:23:54.042410   20540 watch.go:40] Failed to load config from "d:\\Application Dev\\SEL Live\\dataconnect": could not find dataconnect.yaml in `d:\Application Dev\SEL Live\dataconnect`
 {"metadata":{"emulator":{"name":"dataconnect"},"message":"E0725 17:23:54.042410   20540 watch.go:40] Failed to load config from \"d:\\\\Application Dev\\\\SEL Live\\\\dataconnect\": could not find dataconnect.yaml in `d:\\Application Dev\\SEL Live\\dataconnect`\n"}}
[debug] [2026-07-25T11:54:04.042Z] E0725 17:24:04.042211   20540 watch.go:40] Failed to load config from "d:\\Application Dev\\SEL Live\\dataconnect": could not find dataconnect.yaml in `d:\Application Dev\SEL Live\dataconnect`
 {"metadata":{"emulator":{"name":"dataconnect"},"message":"E0725 17:24:04.042211   20540 watch.go:40] Failed to load config from \"d:\\\\Application Dev\\\\SEL Live\\\\dataconnect\": could not find dataconnect.yaml in `d:\\Application Dev\\SEL Live\\dataconnect`\n"}}
[debug] [2026-07-25T11:54:14.043Z] E0725 17:24:14.042420   20540 watch.go:40] Failed to load config from "d:\\Application Dev\\SEL Live\\dataconnect": could not find dataconnect.yaml in `d:\Application Dev\SEL Live\dataconnect`
 {"metadata":{"emulator":{"name":"dataconnect"},"message":"E0725 17:24:14.042420   20540 watch.go:40] Failed to load config from \"d:\\\\Application Dev\\\\SEL Live\\\\dataconnect\": could not find dataconnect.yaml in `d:\\Application Dev\\SEL Live\\dataconnect`\n"}}
[debug] [2026-07-25T11:54:24.042Z] E0725 17:24:24.042219   20540 watch.go:40] Failed to load config from "d:\\Application Dev\\SEL Live\\dataconnect": could not find dataconnect.yaml in `d:\Application Dev\SEL Live\dataconnect`
 {"metadata":{"emulator":{"name":"dataconnect"},"message":"E0725 17:24:24.042219   20540 watch.go:40] Failed to load config from \"d:\\\\Application Dev\\\\SEL Live\\\\dataconnect\": could not find dataconnect.yaml in `d:\\Application Dev\\SEL Live\\dataconnect`\n"}}
[debug] [2026-07-25T11:54:34.041Z] E0725 17:24:34.042209   20540 watch.go:116] watchAllDir unable to walk dir `d:\Application Dev\SEL Live\dataconnect`: GetFileAttributesEx d:\Application Dev\SEL Live\dataconnect: The system cannot find the file specified.
E0725 17:24:34.042209   20540 watch.go:40] Failed to load config from "d:\\Application Dev\\SEL Live\\dataconnect": could not find dataconnect.yaml in `d:\Application Dev\SEL Live\dataconnect`
 {"metadata":{"emulator":{"name":"dataconnect"},"message":"E0725 17:24:34.042209   20540 watch.go:116] watchAllDir unable to walk dir `d:\\Application Dev\\SEL Live\\dataconnect`: GetFileAttributesEx d:\\Application Dev\\SEL Live\\dataconnect: The system cannot find the file specified.\nE0725 17:24:34.042209   20540 watch.go:40] Failed to load config from \"d:\\\\Application Dev\\\\SEL Live\\\\dataconnect\": could not find dataconnect.yaml in `d:\\Application Dev\\SEL Live\\dataconnect`\n"}}
[debug] [2026-07-25T11:54:44.041Z] E0725 17:24:44.042173   20540 watch.go:40] Failed to load config from "d:\\Application Dev\\SEL Live\\dataconnect": could not find dataconnect.yaml in `d:\Application Dev\SEL Live\dataconnect`
 {"metadata":{"emulator":{"name":"dataconnect"},"message":"E0725 17:24:44.042173   20540 watch.go:40] Failed to load config from \"d:\\\\Application Dev\\\\SEL Live\\\\dataconnect\": could not find dataconnect.yaml in `d:\\Application Dev\\SEL Live\\dataconnect`\n"}}
[debug] [2026-07-25T11:54:54.041Z] E0725 17:24:54.042165   20540 watch.go:40] Failed to load config from "d:\\Application Dev\\SEL Live\\dataconnect": could not find dataconnect.yaml in `d:\Application Dev\SEL Live\dataconnect`
 {"metadata":{"emulator":{"name":"dataconnect"},"message":"E0725 17:24:54.042165   20540 watch.go:40] Failed to load config from \"d:\\\\Application Dev\\\\SEL Live\\\\dataconnect\": could not find dataconnect.yaml in `d:\\Application Dev\\SEL Live\\dataconnect`\n"}}
[debug] [2026-07-25T11:55:04.041Z] E0725 17:25:04.042649   20540 watch.go:40] Failed to load config from "d:\\Application Dev\\SEL Live\\dataconnect": could not find dataconnect.yaml in `d:\Application Dev\SEL Live\dataconnect`
 {"metadata":{"emulator":{"name":"dataconnect"},"message":"E0725 17:25:04.042649   20540 watch.go:40] Failed to load config from \"d:\\\\Application Dev\\\\SEL Live\\\\dataconnect\": could not find dataconnect.yaml in `d:\\Application Dev\\SEL Live\\dataconnect`\n"}}
[debug] [2026-07-25T11:55:14.041Z] E0725 17:25:14.042556   20540 watch.go:40] Failed to load config from "d:\\Application Dev\\SEL Live\\dataconnect": could not find dataconnect.yaml in `d:\Application Dev\SEL Live\dataconnect`
 {"metadata":{"emulator":{"name":"dataconnect"},"message":"E0725 17:25:14.042556   20540 watch.go:40] Failed to load config from \"d:\\\\Application Dev\\\\SEL Live\\\\dataconnect\": could not find dataconnect.yaml in `d:\\Application Dev\\SEL Live\\dataconnect`\n"}}
[debug] [2026-07-25T11:55:24.041Z] E0725 17:25:24.042143   20540 watch.go:40] Failed to load config from "d:\\Application Dev\\SEL Live\\dataconnect": could not find dataconnect.yaml in `d:\Application Dev\SEL Live\dataconnect`
 {"metadata":{"emulator":{"name":"dataconnect"},"message":"E0725 17:25:24.042143   20540 watch.go:40] Failed to load config from \"d:\\\\Application Dev\\\\SEL Live\\\\dataconnect\": could not find dataconnect.yaml in `d:\\Application Dev\\SEL Live\\dataconnect`\n"}}
[debug] [2026-07-25T11:55:34.042Z] E0725 17:25:34.042099   20540 watch.go:116] watchAllDir unable to walk dir `d:\Application Dev\SEL Live\dataconnect`: GetFileAttributesEx d:\Application Dev\SEL Live\dataconnect: The system cannot find the file specified.
E0725 17:25:34.042099   20540 watch.go:40] Failed to load config from "d:\\Application Dev\\SEL Live\\dataconnect": could not find dataconnect.yaml in `d:\Application Dev\SEL Live\dataconnect`
 {"metadata":{"emulator":{"name":"dataconnect"},"message":"E0725 17:25:34.042099   20540 watch.go:116] watchAllDir unable to walk dir `d:\\Application Dev\\SEL Live\\dataconnect`: GetFileAttributesEx d:\\Application Dev\\SEL Live\\dataconnect: The system cannot find the file specified.\nE0725 17:25:34.042099   20540 watch.go:40] Failed to load config from \"d:\\\\Application Dev\\\\SEL Live\\\\dataconnect\": could not find dataconnect.yaml in `d:\\Application Dev\\SEL Live\\dataconnect`\n"}}
[debug] [2026-07-25T11:55:44.042Z] E0725 17:25:44.042369   20540 watch.go:40] Failed to load config from "d:\\Application Dev\\SEL Live\\dataconnect": could not find dataconnect.yaml in `d:\Application Dev\SEL Live\dataconnect`
 {"metadata":{"emulator":{"name":"dataconnect"},"message":"E0725 17:25:44.042369   20540 watch.go:40] Failed to load config from \"d:\\\\Application Dev\\\\SEL Live\\\\dataconnect\": could not find dataconnect.yaml in `d:\\Application Dev\\SEL Live\\dataconnect`\n"}}
[debug] [2026-07-25T11:55:54.043Z] E0725 17:25:54.043191   20540 watch.go:40] Failed to load config from "d:\\Application Dev\\SEL Live\\dataconnect": could not find dataconnect.yaml in `d:\Application Dev\SEL Live\dataconnect`
 {"metadata":{"emulator":{"name":"dataconnect"},"message":"E0725 17:25:54.043191   20540 watch.go:40] Failed to load config from \"d:\\\\Application Dev\\\\SEL Live\\\\dataconnect\": could not find dataconnect.yaml in `d:\\Application Dev\\SEL Live\\dataconnect`\n"}}
[debug] [2026-07-25T11:56:04.042Z] E0725 17:26:04.042653   20540 watch.go:40] Failed to load config from "d:\\Application Dev\\SEL Live\\dataconnect": could not find dataconnect.yaml in `d:\Application Dev\SEL Live\dataconnect`
 {"metadata":{"emulator":{"name":"dataconnect"},"message":"E0725 17:26:04.042653   20540 watch.go:40] Failed to load config from \"d:\\\\Application Dev\\\\SEL Live\\\\dataconnect\": could not find dataconnect.yaml in `d:\\Application Dev\\SEL Live\\dataconnect`\n"}}
[debug] [2026-07-25T11:56:14.042Z] E0725 17:26:14.042460   20540 watch.go:40] Failed to load config from "d:\\Application Dev\\SEL Live\\dataconnect": could not find dataconnect.yaml in `d:\Application Dev\SEL Live\dataconnect`
 {"metadata":{"emulator":{"name":"dataconnect"},"message":"E0725 17:26:14.042460   20540 watch.go:40] Failed to load config from \"d:\\\\Application Dev\\\\SEL Live\\\\dataconnect\": could not find dataconnect.yaml in `d:\\Application Dev\\SEL Live\\dataconnect`\n"}}
[debug] [2026-07-25T11:56:24.042Z] E0725 17:26:24.042211   20540 watch.go:40] Failed to load config from "d:\\Application Dev\\SEL Live\\dataconnect": could not find dataconnect.yaml in `d:\Application Dev\SEL Live\dataconnect`
 {"metadata":{"emulator":{"name":"dataconnect"},"message":"E0725 17:26:24.042211   20540 watch.go:40] Failed to load config from \"d:\\\\Application Dev\\\\SEL Live\\\\dataconnect\": could not find dataconnect.yaml in `d:\\Application Dev\\SEL Live\\dataconnect`\n"}}
[debug] [2026-07-25T11:56:34.040Z] E0725 17:26:34.042111   20540 watch.go:116] watchAllDir unable to walk dir `d:\Application Dev\SEL Live\dataconnect`: GetFileAttributesEx d:\Application Dev\SEL Live\dataconnect: The system cannot find the file specified.
E0725 17:26:34.042111   20540 watch.go:40] Failed to load config from "d:\\Application Dev\\SEL Live\\dataconnect": could not find dataconnect.yaml in `d:\Application Dev\SEL Live\dataconnect`
 {"metadata":{"emulator":{"name":"dataconnect"},"message":"E0725 17:26:34.042111   20540 watch.go:116] watchAllDir unable to walk dir `d:\\Application Dev\\SEL Live\\dataconnect`: GetFileAttributesEx d:\\Application Dev\\SEL Live\\dataconnect: The system cannot find the file specified.\nE0725 17:26:34.042111   20540 watch.go:40] Failed to load config from \"d:\\\\Application Dev\\\\SEL Live\\\\dataconnect\": could not find dataconnect.yaml in `d:\\Application Dev\\SEL Live\\dataconnect`\n"}}
[debug] [2026-07-25T11:56:44.041Z] E0725 17:26:44.042495   20540 watch.go:40] Failed to load config from "d:\\Application Dev\\SEL Live\\dataconnect": could not find dataconnect.yaml in `d:\Application Dev\SEL Live\dataconnect`
 {"metadata":{"emulator":{"name":"dataconnect"},"message":"E0725 17:26:44.042495   20540 watch.go:40] Failed to load config from \"d:\\\\Application Dev\\\\SEL Live\\\\dataconnect\": could not find dataconnect.yaml in `d:\\Application Dev\\SEL Live\\dataconnect`\n"}}
[debug] [2026-07-25T11:56:54.041Z] E0725 17:26:54.042483   20540 watch.go:40] Failed to load config from "d:\\Application Dev\\SEL Live\\dataconnect": could not find dataconnect.yaml in `d:\Application Dev\SEL Live\dataconnect`
 {"metadata":{"emulator":{"name":"dataconnect"},"message":"E0725 17:26:54.042483   20540 watch.go:40] Failed to load config from \"d:\\\\Application Dev\\\\SEL Live\\\\dataconnect\": could not find dataconnect.yaml in `d:\\Application Dev\\SEL Live\\dataconnect`\n"}}
[debug] [2026-07-25T11:57:04.040Z] E0725 17:27:04.042069   20540 watch.go:40] Failed to load config from "d:\\Application Dev\\SEL Live\\dataconnect": could not find dataconnect.yaml in `d:\Application Dev\SEL Live\dataconnect`
 {"metadata":{"emulator":{"name":"dataconnect"},"message":"E0725 17:27:04.042069   20540 watch.go:40] Failed to load config from \"d:\\\\Application Dev\\\\SEL Live\\\\dataconnect\": could not find dataconnect.yaml in `d:\\Application Dev\\SEL Live\\dataconnect`\n"}}
[debug] [2026-07-25T11:57:14.041Z] E0725 17:27:14.042615   20540 watch.go:40] Failed to load config from "d:\\Application Dev\\SEL Live\\dataconnect": could not find dataconnect.yaml in `d:\Application Dev\SEL Live\dataconnect`
 {"metadata":{"emulator":{"name":"dataconnect"},"message":"E0725 17:27:14.042615   20540 watch.go:40] Failed to load config from \"d:\\\\Application Dev\\\\SEL Live\\\\dataconnect\": could not find dataconnect.yaml in `d:\\Application Dev\\SEL Live\\dataconnect`\n"}}
[debug] [2026-07-25T11:57:24.041Z] E0725 17:27:24.042491   20540 watch.go:40] Failed to load config from "d:\\Application Dev\\SEL Live\\dataconnect": could not find dataconnect.yaml in `d:\Application Dev\SEL Live\dataconnect`
 {"metadata":{"emulator":{"name":"dataconnect"},"message":"E0725 17:27:24.042491   20540 watch.go:40] Failed to load config from \"d:\\\\Application Dev\\\\SEL Live\\\\dataconnect\": could not find dataconnect.yaml in `d:\\Application Dev\\SEL Live\\dataconnect`\n"}}
[debug] [2026-07-25T11:57:34.040Z] E0725 17:27:34.042404   20540 watch.go:116] watchAllDir unable to walk dir `d:\Application Dev\SEL Live\dataconnect`: GetFileAttributesEx d:\Application Dev\SEL Live\dataconnect: The system cannot find the file specified.
E0725 17:27:34.042404   20540 watch.go:40] Failed to load config from "d:\\Application Dev\\SEL Live\\dataconnect": could not find dataconnect.yaml in `d:\Application Dev\SEL Live\dataconnect`
 {"metadata":{"emulator":{"name":"dataconnect"},"message":"E0725 17:27:34.042404   20540 watch.go:116] watchAllDir unable to walk dir `d:\\Application Dev\\SEL Live\\dataconnect`: GetFileAttributesEx d:\\Application Dev\\SEL Live\\dataconnect: The system cannot find the file specified.\nE0725 17:27:34.042404   20540 watch.go:40] Failed to load config from \"d:\\\\Application Dev\\\\SEL Live\\\\dataconnect\": could not find dataconnect.yaml in `d:\\Application Dev\\SEL Live\\dataconnect`\n"}}
[debug] [2026-07-25T11:57:44.041Z] E0725 17:27:44.042529   20540 watch.go:40] Failed to load config from "d:\\Application Dev\\SEL Live\\dataconnect": could not find dataconnect.yaml in `d:\Application Dev\SEL Live\dataconnect`
 {"metadata":{"emulator":{"name":"dataconnect"},"message":"E0725 17:27:44.042529   20540 watch.go:40] Failed to load config from \"d:\\\\Application Dev\\\\SEL Live\\\\dataconnect\": could not find dataconnect.yaml in `d:\\Application Dev\\SEL Live\\dataconnect`\n"}}
[debug] [2026-07-25T11:57:54.041Z] E0725 17:27:54.042440   20540 watch.go:40] Failed to load config from "d:\\Application Dev\\SEL Live\\dataconnect": could not find dataconnect.yaml in `d:\Application Dev\SEL Live\dataconnect`
 {"metadata":{"emulator":{"name":"dataconnect"},"message":"E0725 17:27:54.042440   20540 watch.go:40] Failed to load config from \"d:\\\\Application Dev\\\\SEL Live\\\\dataconnect\": could not find dataconnect.yaml in `d:\\Application Dev\\SEL Live\\dataconnect`\n"}}
[debug] [2026-07-25T11:58:04.041Z] E0725 17:28:04.043203   20540 watch.go:40] Failed to load config from "d:\\Application Dev\\SEL Live\\dataconnect": could not find dataconnect.yaml in `d:\Application Dev\SEL Live\dataconnect`
 {"metadata":{"emulator":{"name":"dataconnect"},"message":"E0725 17:28:04.043203   20540 watch.go:40] Failed to load config from \"d:\\\\Application Dev\\\\SEL Live\\\\dataconnect\": could not find dataconnect.yaml in `d:\\Application Dev\\SEL Live\\dataconnect`\n"}}
[debug] [2026-07-25T11:58:14.042Z] E0725 17:28:14.043690   20540 watch.go:40] Failed to load config from "d:\\Application Dev\\SEL Live\\dataconnect": could not find dataconnect.yaml in `d:\Application Dev\SEL Live\dataconnect`
 {"metadata":{"emulator":{"name":"dataconnect"},"message":"E0725 17:28:14.043690   20540 watch.go:40] Failed to load config from \"d:\\\\Application Dev\\\\SEL Live\\\\dataconnect\": could not find dataconnect.yaml in `d:\\Application Dev\\SEL Live\\dataconnect`\n"}}
[debug] [2026-07-25T11:58:24.042Z] E0725 17:28:24.043006   20540 watch.go:40] Failed to load config from "d:\\Application Dev\\SEL Live\\dataconnect": could not find dataconnect.yaml in `d:\Application Dev\SEL Live\dataconnect`
 {"metadata":{"emulator":{"name":"dataconnect"},"message":"E0725 17:28:24.043006   20540 watch.go:40] Failed to load config from \"d:\\\\Application Dev\\\\SEL Live\\\\dataconnect\": could not find dataconnect.yaml in `d:\\Application Dev\\SEL Live\\dataconnect`\n"}}
[debug] [2026-07-25T11:58:34.041Z] E0725 17:28:34.042938   20540 watch.go:116] watchAllDir unable to walk dir `d:\Application Dev\SEL Live\dataconnect`: GetFileAttributesEx d:\Application Dev\SEL Live\dataconnect: The system cannot find the file specified.
E0725 17:28:34.042938   20540 watch.go:40] Failed to load config from "d:\\Application Dev\\SEL Live\\dataconnect": could not find dataconnect.yaml in `d:\Application Dev\SEL Live\dataconnect`
 {"metadata":{"emulator":{"name":"dataconnect"},"message":"E0725 17:28:34.042938   20540 watch.go:116] watchAllDir unable to walk dir `d:\\Application Dev\\SEL Live\\dataconnect`: GetFileAttributesEx d:\\Application Dev\\SEL Live\\dataconnect: The system cannot find the file specified.\nE0725 17:28:34.042938   20540 watch.go:40] Failed to load config from \"d:\\\\Application Dev\\\\SEL Live\\\\dataconnect\": could not find dataconnect.yaml in `d:\\Application Dev\\SEL Live\\dataconnect`\n"}}
[debug] [2026-07-25T11:58:44.041Z] E0725 17:28:44.042554   20540 watch.go:40] Failed to load config from "d:\\Application Dev\\SEL Live\\dataconnect": could not find dataconnect.yaml in `d:\Application Dev\SEL Live\dataconnect`
 {"metadata":{"emulator":{"name":"dataconnect"},"message":"E0725 17:28:44.042554   20540 watch.go:40] Failed to load config from \"d:\\\\Application Dev\\\\SEL Live\\\\dataconnect\": could not find dataconnect.yaml in `d:\\Application Dev\\SEL Live\\dataconnect`\n"}}
[debug] [2026-07-25T11:58:54.041Z] E0725 17:28:54.042764   20540 watch.go:40] Failed to load config from "d:\\Application Dev\\SEL Live\\dataconnect": could not find dataconnect.yaml in `d:\Application Dev\SEL Live\dataconnect`
 {"metadata":{"emulator":{"name":"dataconnect"},"message":"E0725 17:28:54.042764   20540 watch.go:40] Failed to load config from \"d:\\\\Application Dev\\\\SEL Live\\\\dataconnect\": could not find dataconnect.yaml in `d:\\Application Dev\\SEL Live\\dataconnect`\n"}}
[debug] [2026-07-25T11:59:04.041Z] E0725 17:29:04.042875   20540 watch.go:40] Failed to load config from "d:\\Application Dev\\SEL Live\\dataconnect": could not find dataconnect.yaml in `d:\Application Dev\SEL Live\dataconnect`
 {"metadata":{"emulator":{"name":"dataconnect"},"message":"E0725 17:29:04.042875   20540 watch.go:40] Failed to load config from \"d:\\\\Application Dev\\\\SEL Live\\\\dataconnect\": could not find dataconnect.yaml in `d:\\Application Dev\\SEL Live\\dataconnect`\n"}}
[debug] [2026-07-25T11:59:14.042Z] E0725 17:29:14.044433   20540 watch.go:40] Failed to load config from "d:\\Application Dev\\SEL Live\\dataconnect": could not find dataconnect.yaml in `d:\Application Dev\SEL Live\dataconnect`
 {"metadata":{"emulator":{"name":"dataconnect"},"message":"E0725 17:29:14.044433   20540 watch.go:40] Failed to load config from \"d:\\\\Application Dev\\\\SEL Live\\\\dataconnect\": could not find dataconnect.yaml in `d:\\Application Dev\\SEL Live\\dataconnect`\n"}}
[debug] [2026-07-25T11:59:24.047Z] E0725 17:29:24.046552   20540 watch.go:40] Failed to load config from "d:\\Application Dev\\SEL Live\\dataconnect": could not find dataconnect.yaml in `d:\Application Dev\SEL Live\dataconnect`
 {"metadata":{"emulator":{"name":"dataconnect"},"message":"E0725 17:29:24.046552   20540 watch.go:40] Failed to load config from \"d:\\\\Application Dev\\\\SEL Live\\\\dataconnect\": could not find dataconnect.yaml in `d:\\Application Dev\\SEL Live\\dataconnect`\n"}}
[debug] [2026-07-25T11:59:34.038Z] E0725 17:29:34.042136   20540 watch.go:116] watchAllDir unable to walk dir `d:\Application Dev\SEL Live\dataconnect`: GetFileAttributesEx d:\Application Dev\SEL Live\dataconnect: The system cannot find the file specified.
E0725 17:29:34.042136   20540 watch.go:40] Failed to load config from "d:\\Application Dev\\SEL Live\\dataconnect": could not find dataconnect.yaml in `d:\Application Dev\SEL Live\dataconnect`
 {"metadata":{"emulator":{"name":"dataconnect"},"message":"E0725 17:29:34.042136   20540 watch.go:116] watchAllDir unable to walk dir `d:\\Application Dev\\SEL Live\\dataconnect`: GetFileAttributesEx d:\\Application Dev\\SEL Live\\dataconnect: The system cannot find the file specified.\nE0725 17:29:34.042136   20540 watch.go:40] Failed to load config from \"d:\\\\Application Dev\\\\SEL Live\\\\dataconnect\": could not find dataconnect.yaml in `d:\\Application Dev\\SEL Live\\dataconnect`\n"}}
[debug] [2026-07-25T11:59:44.038Z] E0725 17:29:44.042385   20540 watch.go:40] Failed to load config from "d:\\Application Dev\\SEL Live\\dataconnect": could not find dataconnect.yaml in `d:\Application Dev\SEL Live\dataconnect`
 {"metadata":{"emulator":{"name":"dataconnect"},"message":"E0725 17:29:44.042385   20540 watch.go:40] Failed to load config from \"d:\\\\Application Dev\\\\SEL Live\\\\dataconnect\": could not find dataconnect.yaml in `d:\\Application Dev\\SEL Live\\dataconnect`\n"}}
[debug] [2026-07-25T11:59:54.040Z] E0725 17:29:54.043998   20540 watch.go:40] Failed to load config from "d:\\Application Dev\\SEL Live\\dataconnect": could not find dataconnect.yaml in `d:\Application Dev\SEL Live\dataconnect`
 {"metadata":{"emulator":{"name":"dataconnect"},"message":"E0725 17:29:54.043998   20540 watch.go:40] Failed to load config from \"d:\\\\Application Dev\\\\SEL Live\\\\dataconnect\": could not find dataconnect.yaml in `d:\\Application Dev\\SEL Live\\dataconnect`\n"}}
[debug] [2026-07-25T12:00:04.038Z] E0725 17:30:04.042243   20540 watch.go:40] Failed to load config from "d:\\Application Dev\\SEL Live\\dataconnect": could not find dataconnect.yaml in `d:\Application Dev\SEL Live\dataconnect`
 {"metadata":{"emulator":{"name":"dataconnect"},"message":"E0725 17:30:04.042243   20540 watch.go:40] Failed to load config from \"d:\\\\Application Dev\\\\SEL Live\\\\dataconnect\": could not find dataconnect.yaml in `d:\\Application Dev\\SEL Live\\dataconnect`\n"}}
[debug] [2026-07-25T12:00:14.038Z] E0725 17:30:14.042343   20540 watch.go:40] Failed to load config from "d:\\Application Dev\\SEL Live\\dataconnect": could not find dataconnect.yaml in `d:\Application Dev\SEL Live\dataconnect`
 {"metadata":{"emulator":{"name":"dataconnect"},"message":"E0725 17:30:14.042343   20540 watch.go:40] Failed to load config from \"d:\\\\Application Dev\\\\SEL Live\\\\dataconnect\": could not find dataconnect.yaml in `d:\\Application Dev\\SEL Live\\dataconnect`\n"}}
[debug] [2026-07-25T12:00:24.038Z] E0725 17:30:24.042094   20540 watch.go:40] Failed to load config from "d:\\Application Dev\\SEL Live\\dataconnect": could not find dataconnect.yaml in `d:\Application Dev\SEL Live\dataconnect`
 {"metadata":{"emulator":{"name":"dataconnect"},"message":"E0725 17:30:24.042094   20540 watch.go:40] Failed to load config from \"d:\\\\Application Dev\\\\SEL Live\\\\dataconnect\": could not find dataconnect.yaml in `d:\\Application Dev\\SEL Live\\dataconnect`\n"}}
[debug] [2026-07-25T12:00:34.040Z] E0725 17:30:34.042166   20540 watch.go:116] watchAllDir unable to walk dir `d:\Application Dev\SEL Live\dataconnect`: GetFileAttributesEx d:\Application Dev\SEL Live\dataconnect: The system cannot find the file specified.
E0725 17:30:34.042166   20540 watch.go:40] Failed to load config from "d:\\Application Dev\\SEL Live\\dataconnect": could not find dataconnect.yaml in `d:\Application Dev\SEL Live\dataconnect`
 {"metadata":{"emulator":{"name":"dataconnect"},"message":"E0725 17:30:34.042166   20540 watch.go:116] watchAllDir unable to walk dir `d:\\Application Dev\\SEL Live\\dataconnect`: GetFileAttributesEx d:\\Application Dev\\SEL Live\\dataconnect: The system cannot find the file specified.\nE0725 17:30:34.042166   20540 watch.go:40] Failed to load config from \"d:\\\\Application Dev\\\\SEL Live\\\\dataconnect\": could not find dataconnect.yaml in `d:\\Application Dev\\SEL Live\\dataconnect`\n"}}
[debug] [2026-07-25T12:00:44.041Z] E0725 17:30:44.042147   20540 watch.go:40] Failed to load config from "d:\\Application Dev\\SEL Live\\dataconnect": could not find dataconnect.yaml in `d:\Application Dev\SEL Live\dataconnect`
 {"metadata":{"emulator":{"name":"dataconnect"},"message":"E0725 17:30:44.042147   20540 watch.go:40] Failed to load config from \"d:\\\\Application Dev\\\\SEL Live\\\\dataconnect\": could not find dataconnect.yaml in `d:\\Application Dev\\SEL Live\\dataconnect`\n"}}
[debug] [2026-07-25T12:00:54.040Z] E0725 17:30:54.042185   20540 watch.go:40] Failed to load config from "d:\\Application Dev\\SEL Live\\dataconnect": could not find dataconnect.yaml in `d:\Application Dev\SEL Live\dataconnect`
 {"metadata":{"emulator":{"name":"dataconnect"},"message":"E0725 17:30:54.042185   20540 watch.go:40] Failed to load config from \"d:\\\\Application Dev\\\\SEL Live\\\\dataconnect\": could not find dataconnect.yaml in `d:\\Application Dev\\SEL Live\\dataconnect`\n"}}
[debug] [2026-07-25T12:01:04.041Z] E0725 17:31:04.042328   20540 watch.go:40] Failed to load config from "d:\\Application Dev\\SEL Live\\dataconnect": could not find dataconnect.yaml in `d:\Application Dev\SEL Live\dataconnect`
 {"metadata":{"emulator":{"name":"dataconnect"},"message":"E0725 17:31:04.042328   20540 watch.go:40] Failed to load config from \"d:\\\\Application Dev\\\\SEL Live\\\\dataconnect\": could not find dataconnect.yaml in `d:\\Application Dev\\SEL Live\\dataconnect`\n"}}
[debug] [2026-07-25T12:01:14.040Z] E0725 17:31:14.042190   20540 watch.go:40] Failed to load config from "d:\\Application Dev\\SEL Live\\dataconnect": could not find dataconnect.yaml in `d:\Application Dev\SEL Live\dataconnect`
 {"metadata":{"emulator":{"name":"dataconnect"},"message":"E0725 17:31:14.042190   20540 watch.go:40] Failed to load config from \"d:\\\\Application Dev\\\\SEL Live\\\\dataconnect\": could not find dataconnect.yaml in `d:\\Application Dev\\SEL Live\\dataconnect`\n"}}
[debug] [2026-07-25T12:01:24.041Z] E0725 17:31:24.042800   20540 watch.go:40] Failed to load config from "d:\\Application Dev\\SEL Live\\dataconnect": could not find dataconnect.yaml in `d:\Application Dev\SEL Live\dataconnect`
 {"metadata":{"emulator":{"name":"dataconnect"},"message":"E0725 17:31:24.042800   20540 watch.go:40] Failed to load config from \"d:\\\\Application Dev\\\\SEL Live\\\\dataconnect\": could not find dataconnect.yaml in `d:\\Application Dev\\SEL Live\\dataconnect`\n"}}
[debug] [2026-07-25T12:01:34.040Z] E0725 17:31:34.042458   20540 watch.go:116] watchAllDir unable to walk dir `d:\Application Dev\SEL Live\dataconnect`: GetFileAttributesEx d:\Application Dev\SEL Live\dataconnect: The system cannot find the file specified.
E0725 17:31:34.042458   20540 watch.go:40] Failed to load config from "d:\\Application Dev\\SEL Live\\dataconnect": could not find dataconnect.yaml in `d:\Application Dev\SEL Live\dataconnect`
 {"metadata":{"emulator":{"name":"dataconnect"},"message":"E0725 17:31:34.042458   20540 watch.go:116] watchAllDir unable to walk dir `d:\\Application Dev\\SEL Live\\dataconnect`: GetFileAttributesEx d:\\Application Dev\\SEL Live\\dataconnect: The system cannot find the file specified.\nE0725 17:31:34.042458   20540 watch.go:40] Failed to load config from \"d:\\\\Application Dev\\\\SEL Live\\\\dataconnect\": could not find dataconnect.yaml in `d:\\Application Dev\\SEL Live\\dataconnect`\n"}}
[debug] [2026-07-25T12:01:44.040Z] E0725 17:31:44.042472   20540 watch.go:40] Failed to load config from "d:\\Application Dev\\SEL Live\\dataconnect": could not find dataconnect.yaml in `d:\Application Dev\SEL Live\dataconnect`
 {"metadata":{"emulator":{"name":"dataconnect"},"message":"E0725 17:31:44.042472   20540 watch.go:40] Failed to load config from \"d:\\\\Application Dev\\\\SEL Live\\\\dataconnect\": could not find dataconnect.yaml in `d:\\Application Dev\\SEL Live\\dataconnect`\n"}}
[debug] [2026-07-25T12:01:54.040Z] E0725 17:31:54.042377   20540 watch.go:40] Failed to load config from "d:\\Application Dev\\SEL Live\\dataconnect": could not find dataconnect.yaml in `d:\Application Dev\SEL Live\dataconnect`
 {"metadata":{"emulator":{"name":"dataconnect"},"message":"E0725 17:31:54.042377   20540 watch.go:40] Failed to load config from \"d:\\\\Application Dev\\\\SEL Live\\\\dataconnect\": could not find dataconnect.yaml in `d:\\Application Dev\\SEL Live\\dataconnect`\n"}}
[debug] [2026-07-25T12:02:04.041Z] E0725 17:32:04.042521   20540 watch.go:40] Failed to load config from "d:\\Application Dev\\SEL Live\\dataconnect": could not find dataconnect.yaml in `d:\Application Dev\SEL Live\dataconnect`
 {"metadata":{"emulator":{"name":"dataconnect"},"message":"E0725 17:32:04.042521   20540 watch.go:40] Failed to load config from \"d:\\\\Application Dev\\\\SEL Live\\\\dataconnect\": could not find dataconnect.yaml in `d:\\Application Dev\\SEL Live\\dataconnect`\n"}}
[debug] [2026-07-25T12:02:14.040Z] E0725 17:32:14.042553   20540 watch.go:40] Failed to load config from "d:\\Application Dev\\SEL Live\\dataconnect": could not find dataconnect.yaml in `d:\Application Dev\SEL Live\dataconnect`
 {"metadata":{"emulator":{"name":"dataconnect"},"message":"E0725 17:32:14.042553   20540 watch.go:40] Failed to load config from \"d:\\\\Application Dev\\\\SEL Live\\\\dataconnect\": could not find dataconnect.yaml in `d:\\Application Dev\\SEL Live\\dataconnect`\n"}}
[debug] [2026-07-25T12:02:24.040Z] E0725 17:32:24.042429   20540 watch.go:40] Failed to load config from "d:\\Application Dev\\SEL Live\\dataconnect": could not find dataconnect.yaml in `d:\Application Dev\SEL Live\dataconnect`
 {"metadata":{"emulator":{"name":"dataconnect"},"message":"E0725 17:32:24.042429   20540 watch.go:40] Failed to load config from \"d:\\\\Application Dev\\\\SEL Live\\\\dataconnect\": could not find dataconnect.yaml in `d:\\Application Dev\\SEL Live\\dataconnect`\n"}}
[debug] [2026-07-25T12:02:34.040Z] E0725 17:32:34.043688   20540 watch.go:116] watchAllDir unable to walk dir `d:\Application Dev\SEL Live\dataconnect`: GetFileAttributesEx d:\Application Dev\SEL Live\dataconnect: The system cannot find the file specified.
E0725 17:32:34.043688   20540 watch.go:40] Failed to load config from "d:\\Application Dev\\SEL Live\\dataconnect": could not find dataconnect.yaml in `d:\Application Dev\SEL Live\dataconnect`
 {"metadata":{"emulator":{"name":"dataconnect"},"message":"E0725 17:32:34.043688   20540 watch.go:116] watchAllDir unable to walk dir `d:\\Application Dev\\SEL Live\\dataconnect`: GetFileAttributesEx d:\\Application Dev\\SEL Live\\dataconnect: The system cannot find the file specified.\nE0725 17:32:34.043688   20540 watch.go:40] Failed to load config from \"d:\\\\Application Dev\\\\SEL Live\\\\dataconnect\": could not find dataconnect.yaml in `d:\\Application Dev\\SEL Live\\dataconnect`\n"}}
[debug] [2026-07-25T12:02:44.039Z] E0725 17:32:44.042623   20540 watch.go:40] Failed to load config from "d:\\Application Dev\\SEL Live\\dataconnect": could not find dataconnect.yaml in `d:\Application Dev\SEL Live\dataconnect`
 {"metadata":{"emulator":{"name":"dataconnect"},"message":"E0725 17:32:44.042623   20540 watch.go:40] Failed to load config from \"d:\\\\Application Dev\\\\SEL Live\\\\dataconnect\": could not find dataconnect.yaml in `d:\\Application Dev\\SEL Live\\dataconnect`\n"}}
[debug] [2026-07-25T12:02:54.039Z] E0725 17:32:54.042555   20540 watch.go:40] Failed to load config from "d:\\Application Dev\\SEL Live\\dataconnect": could not find dataconnect.yaml in `d:\Application Dev\SEL Live\dataconnect`
 {"metadata":{"emulator":{"name":"dataconnect"},"message":"E0725 17:32:54.042555   20540 watch.go:40] Failed to load config from \"d:\\\\Application Dev\\\\SEL Live\\\\dataconnect\": could not find dataconnect.yaml in `d:\\Application Dev\\SEL Live\\dataconnect`\n"}}
[debug] [2026-07-25T12:03:04.039Z] E0725 17:33:04.042409   20540 watch.go:40] Failed to load config from "d:\\Application Dev\\SEL Live\\dataconnect": could not find dataconnect.yaml in `d:\Application Dev\SEL Live\dataconnect`
 {"metadata":{"emulator":{"name":"dataconnect"},"message":"E0725 17:33:04.042409   20540 watch.go:40] Failed to load config from \"d:\\\\Application Dev\\\\SEL Live\\\\dataconnect\": could not find dataconnect.yaml in `d:\\Application Dev\\SEL Live\\dataconnect`\n"}}
[debug] [2026-07-25T12:03:14.038Z] E0725 17:33:14.042327   20540 watch.go:40] Failed to load config from "d:\\Application Dev\\SEL Live\\dataconnect": could not find dataconnect.yaml in `d:\Application Dev\SEL Live\dataconnect`
 {"metadata":{"emulator":{"name":"dataconnect"},"message":"E0725 17:33:14.042327   20540 watch.go:40] Failed to load config from \"d:\\\\Application Dev\\\\SEL Live\\\\dataconnect\": could not find dataconnect.yaml in `d:\\Application Dev\\SEL Live\\dataconnect`\n"}}
[debug] [2026-07-25T12:03:24.039Z] E0725 17:33:24.042575   20540 watch.go:40] Failed to load config from "d:\\Application Dev\\SEL Live\\dataconnect": could not find dataconnect.yaml in `d:\Application Dev\SEL Live\dataconnect`
 {"metadata":{"emulator":{"name":"dataconnect"},"message":"E0725 17:33:24.042575   20540 watch.go:40] Failed to load config from \"d:\\\\Application Dev\\\\SEL Live\\\\dataconnect\": could not find dataconnect.yaml in `d:\\Application Dev\\SEL Live\\dataconnect`\n"}}
[debug] [2026-07-25T12:03:34.039Z] E0725 17:33:34.042228   20540 watch.go:116] watchAllDir unable to walk dir `d:\Application Dev\SEL Live\dataconnect`: GetFileAttributesEx d:\Application Dev\SEL Live\dataconnect: The system cannot find the file specified.
E0725 17:33:34.042228   20540 watch.go:40] Failed to load config from "d:\\Application Dev\\SEL Live\\dataconnect": could not find dataconnect.yaml in `d:\Application Dev\SEL Live\dataconnect`
 {"metadata":{"emulator":{"name":"dataconnect"},"message":"E0725 17:33:34.042228   20540 watch.go:116] watchAllDir unable to walk dir `d:\\Application Dev\\SEL Live\\dataconnect`: GetFileAttributesEx d:\\Application Dev\\SEL Live\\dataconnect: The system cannot find the file specified.\nE0725 17:33:34.042228   20540 watch.go:40] Failed to load config from \"d:\\\\Application Dev\\\\SEL Live\\\\dataconnect\": could not find dataconnect.yaml in `d:\\Application Dev\\SEL Live\\dataconnect`\n"}}
[debug] [2026-07-25T12:03:44.039Z] E0725 17:33:44.042333   20540 watch.go:40] Failed to load config from "d:\\Application Dev\\SEL Live\\dataconnect": could not find dataconnect.yaml in `d:\Application Dev\SEL Live\dataconnect`
 {"metadata":{"emulator":{"name":"dataconnect"},"message":"E0725 17:33:44.042333   20540 watch.go:40] Failed to load config from \"d:\\\\Application Dev\\\\SEL Live\\\\dataconnect\": could not find dataconnect.yaml in `d:\\Application Dev\\SEL Live\\dataconnect`\n"}}
[debug] [2026-07-25T12:03:54.039Z] E0725 17:33:54.042160   20540 watch.go:40] Failed to load config from "d:\\Application Dev\\SEL Live\\dataconnect": could not find dataconnect.yaml in `d:\Application Dev\SEL Live\dataconnect`
 {"metadata":{"emulator":{"name":"dataconnect"},"message":"E0725 17:33:54.042160   20540 watch.go:40] Failed to load config from \"d:\\\\Application Dev\\\\SEL Live\\\\dataconnect\": could not find dataconnect.yaml in `d:\\Application Dev\\SEL Live\\dataconnect`\n"}}
[debug] [2026-07-25T12:04:04.040Z] E0725 17:34:04.043347   20540 watch.go:40] Failed to load config from "d:\\Application Dev\\SEL Live\\dataconnect": could not find dataconnect.yaml in `d:\Application Dev\SEL Live\dataconnect`
 {"metadata":{"emulator":{"name":"dataconnect"},"message":"E0725 17:34:04.043347   20540 watch.go:40] Failed to load config from \"d:\\\\Application Dev\\\\SEL Live\\\\dataconnect\": could not find dataconnect.yaml in `d:\\Application Dev\\SEL Live\\dataconnect`\n"}}
[debug] [2026-07-25T12:04:14.040Z] E0725 17:34:14.042990   20540 watch.go:40] Failed to load config from "d:\\Application Dev\\SEL Live\\dataconnect": could not find dataconnect.yaml in `d:\Application Dev\SEL Live\dataconnect`
 {"metadata":{"emulator":{"name":"dataconnect"},"message":"E0725 17:34:14.042990   20540 watch.go:40] Failed to load config from \"d:\\\\Application Dev\\\\SEL Live\\\\dataconnect\": could not find dataconnect.yaml in `d:\\Application Dev\\SEL Live\\dataconnect`\n"}}
[debug] [2026-07-25T12:04:24.040Z] E0725 17:34:24.042408   20540 watch.go:40] Failed to load config from "d:\\Application Dev\\SEL Live\\dataconnect": could not find dataconnect.yaml in `d:\Application Dev\SEL Live\dataconnect`
 {"metadata":{"emulator":{"name":"dataconnect"},"message":"E0725 17:34:24.042408   20540 watch.go:40] Failed to load config from \"d:\\\\Application Dev\\\\SEL Live\\\\dataconnect\": could not find dataconnect.yaml in `d:\\Application Dev\\SEL Live\\dataconnect`\n"}}
[debug] [2026-07-25T12:04:34.039Z] E0725 17:34:34.042406   20540 watch.go:116] watchAllDir unable to walk dir `d:\Application Dev\SEL Live\dataconnect`: GetFileAttributesEx d:\Application Dev\SEL Live\dataconnect: The system cannot find the file specified.
E0725 17:34:34.042406   20540 watch.go:40] Failed to load config from "d:\\Application Dev\\SEL Live\\dataconnect": could not find dataconnect.yaml in `d:\Application Dev\SEL Live\dataconnect`
 {"metadata":{"emulator":{"name":"dataconnect"},"message":"E0725 17:34:34.042406   20540 watch.go:116] watchAllDir unable to walk dir `d:\\Application Dev\\SEL Live\\dataconnect`: GetFileAttributesEx d:\\Application Dev\\SEL Live\\dataconnect: The system cannot find the file specified.\nE0725 17:34:34.042406   20540 watch.go:40] Failed to load config from \"d:\\\\Application Dev\\\\SEL Live\\\\dataconnect\": could not find dataconnect.yaml in `d:\\Application Dev\\SEL Live\\dataconnect`\n"}}
[debug] [2026-07-25T12:04:44.039Z] E0725 17:34:44.042377   20540 watch.go:40] Failed to load config from "d:\\Application Dev\\SEL Live\\dataconnect": could not find dataconnect.yaml in `d:\Application Dev\SEL Live\dataconnect`
 {"metadata":{"emulator":{"name":"dataconnect"},"message":"E0725 17:34:44.042377   20540 watch.go:40] Failed to load config from \"d:\\\\Application Dev\\\\SEL Live\\\\dataconnect\": could not find dataconnect.yaml in `d:\\Application Dev\\SEL Live\\dataconnect`\n"}}
[debug] [2026-07-25T12:04:54.039Z] E0725 17:34:54.042429   20540 watch.go:40] Failed to load config from "d:\\Application Dev\\SEL Live\\dataconnect": could not find dataconnect.yaml in `d:\Application Dev\SEL Live\dataconnect`
 {"metadata":{"emulator":{"name":"dataconnect"},"message":"E0725 17:34:54.042429   20540 watch.go:40] Failed to load config from \"d:\\\\Application Dev\\\\SEL Live\\\\dataconnect\": could not find dataconnect.yaml in `d:\\Application Dev\\SEL Live\\dataconnect`\n"}}
[debug] [2026-07-25T12:05:04.040Z] E0725 17:35:04.042308   20540 watch.go:40] Failed to load config from "d:\\Application Dev\\SEL Live\\dataconnect": could not find dataconnect.yaml in `d:\Application Dev\SEL Live\dataconnect`
 {"metadata":{"emulator":{"name":"dataconnect"},"message":"E0725 17:35:04.042308   20540 watch.go:40] Failed to load config from \"d:\\\\Application Dev\\\\SEL Live\\\\dataconnect\": could not find dataconnect.yaml in `d:\\Application Dev\\SEL Live\\dataconnect`\n"}}
[debug] [2026-07-25T12:05:14.039Z] E0725 17:35:14.042200   20540 watch.go:40] Failed to load config from "d:\\Application Dev\\SEL Live\\dataconnect": could not find dataconnect.yaml in `d:\Application Dev\SEL Live\dataconnect`
 {"metadata":{"emulator":{"name":"dataconnect"},"message":"E0725 17:35:14.042200   20540 watch.go:40] Failed to load config from \"d:\\\\Application Dev\\\\SEL Live\\\\dataconnect\": could not find dataconnect.yaml in `d:\\Application Dev\\SEL Live\\dataconnect`\n"}}
[debug] [2026-07-25T12:05:24.039Z] E0725 17:35:24.042590   20540 watch.go:40] Failed to load config from "d:\\Application Dev\\SEL Live\\dataconnect": could not find dataconnect.yaml in `d:\Application Dev\SEL Live\dataconnect`
 {"metadata":{"emulator":{"name":"dataconnect"},"message":"E0725 17:35:24.042590   20540 watch.go:40] Failed to load config from \"d:\\\\Application Dev\\\\SEL Live\\\\dataconnect\": could not find dataconnect.yaml in `d:\\Application Dev\\SEL Live\\dataconnect`\n"}}
[debug] [2026-07-25T12:05:34.042Z] E0725 17:35:34.042238   20540 watch.go:116] watchAllDir unable to walk dir `d:\Application Dev\SEL Live\dataconnect`: GetFileAttributesEx d:\Application Dev\SEL Live\dataconnect: The system cannot find the file specified.
 {"metadata":{"emulator":{"name":"dataconnect"},"message":"E0725 17:35:34.042238   20540 watch.go:116] watchAllDir unable to walk dir `d:\\Application Dev\\SEL Live\\dataconnect`: GetFileAttributesEx d:\\Application Dev\\SEL Live\\dataconnect: The system cannot find the file specified.\n"}}
[debug] [2026-07-25T12:05:34.043Z] E0725 17:35:34.042998   20540 watch.go:40] Failed to load config from "d:\\Application Dev\\SEL Live\\dataconnect": could not find dataconnect.yaml in `d:\Application Dev\SEL Live\dataconnect`
 {"metadata":{"emulator":{"name":"dataconnect"},"message":"E0725 17:35:34.042998   20540 watch.go:40] Failed to load config from \"d:\\\\Application Dev\\\\SEL Live\\\\dataconnect\": could not find dataconnect.yaml in `d:\\Application Dev\\SEL Live\\dataconnect`\n"}}
[debug] [2026-07-25T12:05:44.042Z] E0725 17:35:44.042842   20540 watch.go:40] Failed to load config from "d:\\Application Dev\\SEL Live\\dataconnect": could not find dataconnect.yaml in `d:\Application Dev\SEL Live\dataconnect`
 {"metadata":{"emulator":{"name":"dataconnect"},"message":"E0725 17:35:44.042842   20540 watch.go:40] Failed to load config from \"d:\\\\Application Dev\\\\SEL Live\\\\dataconnect\": could not find dataconnect.yaml in `d:\\Application Dev\\SEL Live\\dataconnect`\n"}}
[debug] [2026-07-25T12:05:54.042Z] E0725 17:35:54.042664   20540 watch.go:40] Failed to load config from "d:\\Application Dev\\SEL Live\\dataconnect": could not find dataconnect.yaml in `d:\Application Dev\SEL Live\dataconnect`
 {"metadata":{"emulator":{"name":"dataconnect"},"message":"E0725 17:35:54.042664   20540 watch.go:40] Failed to load config from \"d:\\\\Application Dev\\\\SEL Live\\\\dataconnect\": could not find dataconnect.yaml in `d:\\Application Dev\\SEL Live\\dataconnect`\n"}}
[debug] [2026-07-25T12:06:04.042Z] E0725 17:36:04.042554   20540 watch.go:40] Failed to load config from "d:\\Application Dev\\SEL Live\\dataconnect": could not find dataconnect.yaml in `d:\Application Dev\SEL Live\dataconnect`
 {"metadata":{"emulator":{"name":"dataconnect"},"message":"E0725 17:36:04.042554   20540 watch.go:40] Failed to load config from \"d:\\\\Application Dev\\\\SEL Live\\\\dataconnect\": could not find dataconnect.yaml in `d:\\Application Dev\\SEL Live\\dataconnect`\n"}}
[debug] [2026-07-25T12:06:14.041Z] E0725 17:36:14.042391   20540 watch.go:40] Failed to load config from "d:\\Application Dev\\SEL Live\\dataconnect": could not find dataconnect.yaml in `d:\Application Dev\SEL Live\dataconnect`
 {"metadata":{"emulator":{"name":"dataconnect"},"message":"E0725 17:36:14.042391   20540 watch.go:40] Failed to load config from \"d:\\\\Application Dev\\\\SEL Live\\\\dataconnect\": could not find dataconnect.yaml in `d:\\Application Dev\\SEL Live\\dataconnect`\n"}}
[debug] [2026-07-25T12:06:24.042Z] E0725 17:36:24.042912   20540 watch.go:40] Failed to load config from "d:\\Application Dev\\SEL Live\\dataconnect": could not find dataconnect.yaml in `d:\Application Dev\SEL Live\dataconnect`
 {"metadata":{"emulator":{"name":"dataconnect"},"message":"E0725 17:36:24.042912   20540 watch.go:40] Failed to load config from \"d:\\\\Application Dev\\\\SEL Live\\\\dataconnect\": could not find dataconnect.yaml in `d:\\Application Dev\\SEL Live\\dataconnect`\n"}}
[debug] [2026-07-25T12:06:34.042Z] E0725 17:36:34.042250   20540 watch.go:116] watchAllDir unable to walk dir `d:\Application Dev\SEL Live\dataconnect`: GetFileAttributesEx d:\Application Dev\SEL Live\dataconnect: The system cannot find the file specified.
 {"metadata":{"emulator":{"name":"dataconnect"},"message":"E0725 17:36:34.042250   20540 watch.go:116] watchAllDir unable to walk dir `d:\\Application Dev\\SEL Live\\dataconnect`: GetFileAttributesEx d:\\Application Dev\\SEL Live\\dataconnect: The system cannot find the file specified.\n"}}
[debug] [2026-07-25T12:06:34.046Z] E0725 17:36:34.043304   20540 watch.go:40] Failed to load config from "d:\\Application Dev\\SEL Live\\dataconnect": could not find dataconnect.yaml in `d:\Application Dev\SEL Live\dataconnect`
 {"metadata":{"emulator":{"name":"dataconnect"},"message":"E0725 17:36:34.043304   20540 watch.go:40] Failed to load config from \"d:\\\\Application Dev\\\\SEL Live\\\\dataconnect\": could not find dataconnect.yaml in `d:\\Application Dev\\SEL Live\\dataconnect`\n"}}
[debug] [2026-07-25T12:06:44.042Z] E0725 17:36:44.042799   20540 watch.go:40] Failed to load config from "d:\\Application Dev\\SEL Live\\dataconnect": could not find dataconnect.yaml in `d:\Application Dev\SEL Live\dataconnect`
 {"metadata":{"emulator":{"name":"dataconnect"},"message":"E0725 17:36:44.042799   20540 watch.go:40] Failed to load config from \"d:\\\\Application Dev\\\\SEL Live\\\\dataconnect\": could not find dataconnect.yaml in `d:\\Application Dev\\SEL Live\\dataconnect`\n"}}
[debug] [2026-07-25T12:06:54.041Z] E0725 17:36:54.042600   20540 watch.go:40] Failed to load config from "d:\\Application Dev\\SEL Live\\dataconnect": could not find dataconnect.yaml in `d:\Application Dev\SEL Live\dataconnect`
 {"metadata":{"emulator":{"name":"dataconnect"},"message":"E0725 17:36:54.042600   20540 watch.go:40] Failed to load config from \"d:\\\\Application Dev\\\\SEL Live\\\\dataconnect\": could not find dataconnect.yaml in `d:\\Application Dev\\SEL Live\\dataconnect`\n"}}
[debug] [2026-07-25T12:07:04.041Z] E0725 17:37:04.042278   20540 watch.go:40] Failed to load config from "d:\\Application Dev\\SEL Live\\dataconnect": could not find dataconnect.yaml in `d:\Application Dev\SEL Live\dataconnect`
 {"metadata":{"emulator":{"name":"dataconnect"},"message":"E0725 17:37:04.042278   20540 watch.go:40] Failed to load config from \"d:\\\\Application Dev\\\\SEL Live\\\\dataconnect\": could not find dataconnect.yaml in `d:\\Application Dev\\SEL Live\\dataconnect`\n"}}
[debug] [2026-07-25T12:07:14.041Z] E0725 17:37:14.042177   20540 watch.go:40] Failed to load config from "d:\\Application Dev\\SEL Live\\dataconnect": could not find dataconnect.yaml in `d:\Application Dev\SEL Live\dataconnect`
 {"metadata":{"emulator":{"name":"dataconnect"},"message":"E0725 17:37:14.042177   20540 watch.go:40] Failed to load config from \"d:\\\\Application Dev\\\\SEL Live\\\\dataconnect\": could not find dataconnect.yaml in `d:\\Application Dev\\SEL Live\\dataconnect`\n"}}
[debug] [2026-07-25T12:07:24.041Z] E0725 17:37:24.042246   20540 watch.go:40] Failed to load config from "d:\\Application Dev\\SEL Live\\dataconnect": could not find dataconnect.yaml in `d:\Application Dev\SEL Live\dataconnect`
 {"metadata":{"emulator":{"name":"dataconnect"},"message":"E0725 17:37:24.042246   20540 watch.go:40] Failed to load config from \"d:\\\\Application Dev\\\\SEL Live\\\\dataconnect\": could not find dataconnect.yaml in `d:\\Application Dev\\SEL Live\\dataconnect`\n"}}
[debug] [2026-07-25T12:07:34.042Z] E0725 17:37:34.042274   20540 watch.go:116] watchAllDir unable to walk dir `d:\Application Dev\SEL Live\dataconnect`: GetFileAttributesEx d:\Application Dev\SEL Live\dataconnect: The system cannot find the file specified.
 {"metadata":{"emulator":{"name":"dataconnect"},"message":"E0725 17:37:34.042274   20540 watch.go:116] watchAllDir unable to walk dir `d:\\Application Dev\\SEL Live\\dataconnect`: GetFileAttributesEx d:\\Application Dev\\SEL Live\\dataconnect: The system cannot find the file specified.\n"}}
[debug] [2026-07-25T12:07:34.042Z] E0725 17:37:34.042719   20540 watch.go:40] Failed to load config from "d:\\Application Dev\\SEL Live\\dataconnect": could not find dataconnect.yaml in `d:\Application Dev\SEL Live\dataconnect`
 {"metadata":{"emulator":{"name":"dataconnect"},"message":"E0725 17:37:34.042719   20540 watch.go:40] Failed to load config from \"d:\\\\Application Dev\\\\SEL Live\\\\dataconnect\": could not find dataconnect.yaml in `d:\\Application Dev\\SEL Live\\dataconnect`\n"}}
[debug] [2026-07-25T12:07:44.042Z] E0725 17:37:44.042612   20540 watch.go:40] Failed to load config from "d:\\Application Dev\\SEL Live\\dataconnect": could not find dataconnect.yaml in `d:\Application Dev\SEL Live\dataconnect`
 {"metadata":{"emulator":{"name":"dataconnect"},"message":"E0725 17:37:44.042612   20540 watch.go:40] Failed to load config from \"d:\\\\Application Dev\\\\SEL Live\\\\dataconnect\": could not find dataconnect.yaml in `d:\\Application Dev\\SEL Live\\dataconnect`\n"}}
[debug] [2026-07-25T12:07:54.041Z] E0725 17:37:54.042058   20540 watch.go:40] Failed to load config from "d:\\Application Dev\\SEL Live\\dataconnect": could not find dataconnect.yaml in `d:\Application Dev\SEL Live\dataconnect`
 {"metadata":{"emulator":{"name":"dataconnect"},"message":"E0725 17:37:54.042058   20540 watch.go:40] Failed to load config from \"d:\\\\Application Dev\\\\SEL Live\\\\dataconnect\": could not find dataconnect.yaml in `d:\\Application Dev\\SEL Live\\dataconnect`\n"}}
[debug] [2026-07-25T12:08:04.042Z] E0725 17:38:04.042286   20540 watch.go:40] Failed to load config from "d:\\Application Dev\\SEL Live\\dataconnect": could not find dataconnect.yaml in `d:\Application Dev\SEL Live\dataconnect`
 {"metadata":{"emulator":{"name":"dataconnect"},"message":"E0725 17:38:04.042286   20540 watch.go:40] Failed to load config from \"d:\\\\Application Dev\\\\SEL Live\\\\dataconnect\": could not find dataconnect.yaml in `d:\\Application Dev\\SEL Live\\dataconnect`\n"}}
[debug] [2026-07-25T12:08:14.042Z] E0725 17:38:14.042470   20540 watch.go:40] Failed to load config from "d:\\Application Dev\\SEL Live\\dataconnect": could not find dataconnect.yaml in `d:\Application Dev\SEL Live\dataconnect`
 {"metadata":{"emulator":{"name":"dataconnect"},"message":"E0725 17:38:14.042470   20540 watch.go:40] Failed to load config from \"d:\\\\Application Dev\\\\SEL Live\\\\dataconnect\": could not find dataconnect.yaml in `d:\\Application Dev\\SEL Live\\dataconnect`\n"}}
[debug] [2026-07-25T12:08:24.042Z] E0725 17:38:24.042533   20540 watch.go:40] Failed to load config from "d:\\Application Dev\\SEL Live\\dataconnect": could not find dataconnect.yaml in `d:\Application Dev\SEL Live\dataconnect`
 {"metadata":{"emulator":{"name":"dataconnect"},"message":"E0725 17:38:24.042533   20540 watch.go:40] Failed to load config from \"d:\\\\Application Dev\\\\SEL Live\\\\dataconnect\": could not find dataconnect.yaml in `d:\\Application Dev\\SEL Live\\dataconnect`\n"}}
[debug] [2026-07-25T12:08:34.042Z] E0725 17:38:34.042377   20540 watch.go:116] watchAllDir unable to walk dir `d:\Application Dev\SEL Live\dataconnect`: GetFileAttributesEx d:\Application Dev\SEL Live\dataconnect: The system cannot find the file specified.
E0725 17:38:34.042377   20540 watch.go:40] Failed to load config from "d:\\Application Dev\\SEL Live\\dataconnect": could not find dataconnect.yaml in `d:\Application Dev\SEL Live\dataconnect`
 {"metadata":{"emulator":{"name":"dataconnect"},"message":"E0725 17:38:34.042377   20540 watch.go:116] watchAllDir unable to walk dir `d:\\Application Dev\\SEL Live\\dataconnect`: GetFileAttributesEx d:\\Application Dev\\SEL Live\\dataconnect: The system cannot find the file specified.\nE0725 17:38:34.042377   20540 watch.go:40] Failed to load config from \"d:\\\\Application Dev\\\\SEL Live\\\\dataconnect\": could not find dataconnect.yaml in `d:\\Application Dev\\SEL Live\\dataconnect`\n"}}
[debug] [2026-07-25T12:08:44.042Z] E0725 17:38:44.042652   20540 watch.go:40] Failed to load config from "d:\\Application Dev\\SEL Live\\dataconnect": could not find dataconnect.yaml in `d:\Application Dev\SEL Live\dataconnect`
 {"metadata":{"emulator":{"name":"dataconnect"},"message":"E0725 17:38:44.042652   20540 watch.go:40] Failed to load config from \"d:\\\\Application Dev\\\\SEL Live\\\\dataconnect\": could not find dataconnect.yaml in `d:\\Application Dev\\SEL Live\\dataconnect`\n"}}
[debug] [2026-07-25T12:08:54.042Z] E0725 17:38:54.042401   20540 watch.go:40] Failed to load config from "d:\\Application Dev\\SEL Live\\dataconnect": could not find dataconnect.yaml in `d:\Application Dev\SEL Live\dataconnect`
 {"metadata":{"emulator":{"name":"dataconnect"},"message":"E0725 17:38:54.042401   20540 watch.go:40] Failed to load config from \"d:\\\\Application Dev\\\\SEL Live\\\\dataconnect\": could not find dataconnect.yaml in `d:\\Application Dev\\SEL Live\\dataconnect`\n"}}
[debug] [2026-07-25T12:09:04.042Z] E0725 17:39:04.042506   20540 watch.go:40] Failed to load config from "d:\\Application Dev\\SEL Live\\dataconnect": could not find dataconnect.yaml in `d:\Application Dev\SEL Live\dataconnect`
 {"metadata":{"emulator":{"name":"dataconnect"},"message":"E0725 17:39:04.042506   20540 watch.go:40] Failed to load config from \"d:\\\\Application Dev\\\\SEL Live\\\\dataconnect\": could not find dataconnect.yaml in `d:\\Application Dev\\SEL Live\\dataconnect`\n"}}
[debug] [2026-07-25T12:09:14.042Z] E0725 17:39:14.042079   20540 watch.go:40] Failed to load config from "d:\\Application Dev\\SEL Live\\dataconnect": could not find dataconnect.yaml in `d:\Application Dev\SEL Live\dataconnect`
 {"metadata":{"emulator":{"name":"dataconnect"},"message":"E0725 17:39:14.042079   20540 watch.go:40] Failed to load config from \"d:\\\\Application Dev\\\\SEL Live\\\\dataconnect\": could not find dataconnect.yaml in `d:\\Application Dev\\SEL Live\\dataconnect`\n"}}
[debug] [2026-07-25T12:09:24.042Z] E0725 17:39:24.042204   20540 watch.go:40] Failed to load config from "d:\\Application Dev\\SEL Live\\dataconnect": could not find dataconnect.yaml in `d:\Application Dev\SEL Live\dataconnect`
 {"metadata":{"emulator":{"name":"dataconnect"},"message":"E0725 17:39:24.042204   20540 watch.go:40] Failed to load config from \"d:\\\\Application Dev\\\\SEL Live\\\\dataconnect\": could not find dataconnect.yaml in `d:\\Application Dev\\SEL Live\\dataconnect`\n"}}
[debug] [2026-07-25T12:09:34.042Z] E0725 17:39:34.042088   20540 watch.go:116] watchAllDir unable to walk dir `d:\Application Dev\SEL Live\dataconnect`: GetFileAttributesEx d:\Application Dev\SEL Live\dataconnect: The system cannot find the file specified.
E0725 17:39:34.042088   20540 watch.go:40] Failed to load config from "d:\\Application Dev\\SEL Live\\dataconnect": could not find dataconnect.yaml in `d:\Application Dev\SEL Live\dataconnect`
 {"metadata":{"emulator":{"name":"dataconnect"},"message":"E0725 17:39:34.042088   20540 watch.go:116] watchAllDir unable to walk dir `d:\\Application Dev\\SEL Live\\dataconnect`: GetFileAttributesEx d:\\Application Dev\\SEL Live\\dataconnect: The system cannot find the file specified.\nE0725 17:39:34.042088   20540 watch.go:40] Failed to load config from \"d:\\\\Application Dev\\\\SEL Live\\\\dataconnect\": could not find dataconnect.yaml in `d:\\Application Dev\\SEL Live\\dataconnect`\n"}}
[debug] [2026-07-25T12:09:44.042Z] E0725 17:39:44.042547   20540 watch.go:40] Failed to load config from "d:\\Application Dev\\SEL Live\\dataconnect": could not find dataconnect.yaml in `d:\Application Dev\SEL Live\dataconnect`
 {"metadata":{"emulator":{"name":"dataconnect"},"message":"E0725 17:39:44.042547   20540 watch.go:40] Failed to load config from \"d:\\\\Application Dev\\\\SEL Live\\\\dataconnect\": could not find dataconnect.yaml in `d:\\Application Dev\\SEL Live\\dataconnect`\n"}}
[debug] [2026-07-25T12:09:54.042Z] E0725 17:39:54.042298   20540 watch.go:40] Failed to load config from "d:\\Application Dev\\SEL Live\\dataconnect": could not find dataconnect.yaml in `d:\Application Dev\SEL Live\dataconnect`
 {"metadata":{"emulator":{"name":"dataconnect"},"message":"E0725 17:39:54.042298   20540 watch.go:40] Failed to load config from \"d:\\\\Application Dev\\\\SEL Live\\\\dataconnect\": could not find dataconnect.yaml in `d:\\Application Dev\\SEL Live\\dataconnect`\n"}}
[debug] [2026-07-25T12:10:04.042Z] E0725 17:40:04.042095   20540 watch.go:40] Failed to load config from "d:\\Application Dev\\SEL Live\\dataconnect": could not find dataconnect.yaml in `d:\Application Dev\SEL Live\dataconnect`
 {"metadata":{"emulator":{"name":"dataconnect"},"message":"E0725 17:40:04.042095   20540 watch.go:40] Failed to load config from \"d:\\\\Application Dev\\\\SEL Live\\\\dataconnect\": could not find dataconnect.yaml in `d:\\Application Dev\\SEL Live\\dataconnect`\n"}}
[debug] [2026-07-25T12:10:14.044Z] E0725 17:40:14.044793   20540 watch.go:40] Failed to load config from "d:\\Application Dev\\SEL Live\\dataconnect": could not find dataconnect.yaml in `d:\Application Dev\SEL Live\dataconnect`
 {"metadata":{"emulator":{"name":"dataconnect"},"message":"E0725 17:40:14.044793   20540 watch.go:40] Failed to load config from \"d:\\\\Application Dev\\\\SEL Live\\\\dataconnect\": could not find dataconnect.yaml in `d:\\Application Dev\\SEL Live\\dataconnect`\n"}}
[debug] [2026-07-25T12:10:24.044Z] E0725 17:40:24.044482   20540 watch.go:40] Failed to load config from "d:\\Application Dev\\SEL Live\\dataconnect": could not find dataconnect.yaml in `d:\Application Dev\SEL Live\dataconnect`
 {"metadata":{"emulator":{"name":"dataconnect"},"message":"E0725 17:40:24.044482   20540 watch.go:40] Failed to load config from \"d:\\\\Application Dev\\\\SEL Live\\\\dataconnect\": could not find dataconnect.yaml in `d:\\Application Dev\\SEL Live\\dataconnect`\n"}}
[debug] [2026-07-25T12:10:34.042Z] E0725 17:40:34.042493   20540 watch.go:116] watchAllDir unable to walk dir `d:\Application Dev\SEL Live\dataconnect`: GetFileAttributesEx d:\Application Dev\SEL Live\dataconnect: The system cannot find the file specified.
 {"metadata":{"emulator":{"name":"dataconnect"},"message":"E0725 17:40:34.042493   20540 watch.go:116] watchAllDir unable to walk dir `d:\\Application Dev\\SEL Live\\dataconnect`: GetFileAttributesEx d:\\Application Dev\\SEL Live\\dataconnect: The system cannot find the file specified.\n"}}
[debug] [2026-07-25T12:10:34.043Z] E0725 17:40:34.042493   20540 watch.go:40] Failed to load config from "d:\\Application Dev\\SEL Live\\dataconnect": could not find dataconnect.yaml in `d:\Application Dev\SEL Live\dataconnect`
 {"metadata":{"emulator":{"name":"dataconnect"},"message":"E0725 17:40:34.042493   20540 watch.go:40] Failed to load config from \"d:\\\\Application Dev\\\\SEL Live\\\\dataconnect\": could not find dataconnect.yaml in `d:\\Application Dev\\SEL Live\\dataconnect`\n"}}
[debug] [2026-07-25T12:10:44.042Z] E0725 17:40:44.042635   20540 watch.go:40] Failed to load config from "d:\\Application Dev\\SEL Live\\dataconnect": could not find dataconnect.yaml in `d:\Application Dev\SEL Live\dataconnect`
 {"metadata":{"emulator":{"name":"dataconnect"},"message":"E0725 17:40:44.042635   20540 watch.go:40] Failed to load config from \"d:\\\\Application Dev\\\\SEL Live\\\\dataconnect\": could not find dataconnect.yaml in `d:\\Application Dev\\SEL Live\\dataconnect`\n"}}
[debug] [2026-07-25T12:10:54.042Z] E0725 17:40:54.042486   20540 watch.go:40] Failed to load config from "d:\\Application Dev\\SEL Live\\dataconnect": could not find dataconnect.yaml in `d:\Application Dev\SEL Live\dataconnect`
 {"metadata":{"emulator":{"name":"dataconnect"},"message":"E0725 17:40:54.042486   20540 watch.go:40] Failed to load config from \"d:\\\\Application Dev\\\\SEL Live\\\\dataconnect\": could not find dataconnect.yaml in `d:\\Application Dev\\SEL Live\\dataconnect`\n"}}
[debug] [2026-07-25T12:11:04.042Z] E0725 17:41:04.042370   20540 watch.go:40] Failed to load config from "d:\\Application Dev\\SEL Live\\dataconnect": could not find dataconnect.yaml in `d:\Application Dev\SEL Live\dataconnect`
 {"metadata":{"emulator":{"name":"dataconnect"},"message":"E0725 17:41:04.042370   20540 watch.go:40] Failed to load config from \"d:\\\\Application Dev\\\\SEL Live\\\\dataconnect\": could not find dataconnect.yaml in `d:\\Application Dev\\SEL Live\\dataconnect`\n"}}
[debug] [2026-07-25T12:11:14.042Z] E0725 17:41:14.042442   20540 watch.go:40] Failed to load config from "d:\\Application Dev\\SEL Live\\dataconnect": could not find dataconnect.yaml in `d:\Application Dev\SEL Live\dataconnect`
 {"metadata":{"emulator":{"name":"dataconnect"},"message":"E0725 17:41:14.042442   20540 watch.go:40] Failed to load config from \"d:\\\\Application Dev\\\\SEL Live\\\\dataconnect\": could not find dataconnect.yaml in `d:\\Application Dev\\SEL Live\\dataconnect`\n"}}
[debug] [2026-07-25T12:11:24.044Z] E0725 17:41:24.044851   20540 watch.go:40] Failed to load config from "d:\\Application Dev\\SEL Live\\dataconnect": could not find dataconnect.yaml in `d:\Application Dev\SEL Live\dataconnect`
 {"metadata":{"emulator":{"name":"dataconnect"},"message":"E0725 17:41:24.044851   20540 watch.go:40] Failed to load config from \"d:\\\\Application Dev\\\\SEL Live\\\\dataconnect\": could not find dataconnect.yaml in `d:\\Application Dev\\SEL Live\\dataconnect`\n"}}
[debug] [2026-07-25T12:11:34.041Z] E0725 17:41:34.042425   20540 watch.go:116] watchAllDir unable to walk dir `d:\Application Dev\SEL Live\dataconnect`: GetFileAttributesEx d:\Application Dev\SEL Live\dataconnect: The system cannot find the file specified.
E0725 17:41:34.042425   20540 watch.go:40] Failed to load config from "d:\\Application Dev\\SEL Live\\dataconnect": could not find dataconnect.yaml in `d:\Application Dev\SEL Live\dataconnect`
 {"metadata":{"emulator":{"name":"dataconnect"},"message":"E0725 17:41:34.042425   20540 watch.go:116] watchAllDir unable to walk dir `d:\\Application Dev\\SEL Live\\dataconnect`: GetFileAttributesEx d:\\Application Dev\\SEL Live\\dataconnect: The system cannot find the file specified.\nE0725 17:41:34.042425   20540 watch.go:40] Failed to load config from \"d:\\\\Application Dev\\\\SEL Live\\\\dataconnect\": could not find dataconnect.yaml in `d:\\Application Dev\\SEL Live\\dataconnect`\n"}}
[debug] [2026-07-25T12:11:44.040Z] E0725 17:41:44.042087   20540 watch.go:40] Failed to load config from "d:\\Application Dev\\SEL Live\\dataconnect": could not find dataconnect.yaml in `d:\Application Dev\SEL Live\dataconnect`
 {"metadata":{"emulator":{"name":"dataconnect"},"message":"E0725 17:41:44.042087   20540 watch.go:40] Failed to load config from \"d:\\\\Application Dev\\\\SEL Live\\\\dataconnect\": could not find dataconnect.yaml in `d:\\Application Dev\\SEL Live\\dataconnect`\n"}}
[debug] [2026-07-25T12:11:54.041Z] E0725 17:41:54.042250   20540 watch.go:40] Failed to load config from "d:\\Application Dev\\SEL Live\\dataconnect": could not find dataconnect.yaml in `d:\Application Dev\SEL Live\dataconnect`
 {"metadata":{"emulator":{"name":"dataconnect"},"message":"E0725 17:41:54.042250   20540 watch.go:40] Failed to load config from \"d:\\\\Application Dev\\\\SEL Live\\\\dataconnect\": could not find dataconnect.yaml in `d:\\Application Dev\\SEL Live\\dataconnect`\n"}}
[debug] [2026-07-25T12:12:04.040Z] E0725 17:42:04.042175   20540 watch.go:40] Failed to load config from "d:\\Application Dev\\SEL Live\\dataconnect": could not find dataconnect.yaml in `d:\Application Dev\SEL Live\dataconnect`
 {"metadata":{"emulator":{"name":"dataconnect"},"message":"E0725 17:42:04.042175   20540 watch.go:40] Failed to load config from \"d:\\\\Application Dev\\\\SEL Live\\\\dataconnect\": could not find dataconnect.yaml in `d:\\Application Dev\\SEL Live\\dataconnect`\n"}}
[debug] [2026-07-25T12:12:14.041Z] E0725 17:42:14.042290   20540 watch.go:40] Failed to load config from "d:\\Application Dev\\SEL Live\\dataconnect": could not find dataconnect.yaml in `d:\Application Dev\SEL Live\dataconnect`
 {"metadata":{"emulator":{"name":"dataconnect"},"message":"E0725 17:42:14.042290   20540 watch.go:40] Failed to load config from \"d:\\\\Application Dev\\\\SEL Live\\\\dataconnect\": could not find dataconnect.yaml in `d:\\Application Dev\\SEL Live\\dataconnect`\n"}}
[debug] [2026-07-25T12:12:24.041Z] E0725 17:42:24.042274   20540 watch.go:40] Failed to load config from "d:\\Application Dev\\SEL Live\\dataconnect": could not find dataconnect.yaml in `d:\Application Dev\SEL Live\dataconnect`
 {"metadata":{"emulator":{"name":"dataconnect"},"message":"E0725 17:42:24.042274   20540 watch.go:40] Failed to load config from \"d:\\\\Application Dev\\\\SEL Live\\\\dataconnect\": could not find dataconnect.yaml in `d:\\Application Dev\\SEL Live\\dataconnect`\n"}}
[debug] [2026-07-25T12:12:34.042Z] E0725 17:42:34.042110   20540 watch.go:116] watchAllDir unable to walk dir `d:\Application Dev\SEL Live\dataconnect`: GetFileAttributesEx d:\Application Dev\SEL Live\dataconnect: The system cannot find the file specified.
E0725 17:42:34.042110   20540 watch.go:40] Failed to load config from "d:\\Application Dev\\SEL Live\\dataconnect": could not find dataconnect.yaml in `d:\Application Dev\SEL Live\dataconnect`
 {"metadata":{"emulator":{"name":"dataconnect"},"message":"E0725 17:42:34.042110   20540 watch.go:116] watchAllDir unable to walk dir `d:\\Application Dev\\SEL Live\\dataconnect`: GetFileAttributesEx d:\\Application Dev\\SEL Live\\dataconnect: The system cannot find the file specified.\nE0725 17:42:34.042110   20540 watch.go:40] Failed to load config from \"d:\\\\Application Dev\\\\SEL Live\\\\dataconnect\": could not find dataconnect.yaml in `d:\\Application Dev\\SEL Live\\dataconnect`\n"}}
[debug] [2026-07-25T12:12:44.043Z] E0725 17:42:44.043533   20540 watch.go:40] Failed to load config from "d:\\Application Dev\\SEL Live\\dataconnect": could not find dataconnect.yaml in `d:\Application Dev\SEL Live\dataconnect`
 {"metadata":{"emulator":{"name":"dataconnect"},"message":"E0725 17:42:44.043533   20540 watch.go:40] Failed to load config from \"d:\\\\Application Dev\\\\SEL Live\\\\dataconnect\": could not find dataconnect.yaml in `d:\\Application Dev\\SEL Live\\dataconnect`\n"}}
[debug] [2026-07-25T12:12:54.042Z] E0725 17:42:54.042178   20540 watch.go:40] Failed to load config from "d:\\Application Dev\\SEL Live\\dataconnect": could not find dataconnect.yaml in `d:\Application Dev\SEL Live\dataconnect`
 {"metadata":{"emulator":{"name":"dataconnect"},"message":"E0725 17:42:54.042178   20540 watch.go:40] Failed to load config from \"d:\\\\Application Dev\\\\SEL Live\\\\dataconnect\": could not find dataconnect.yaml in `d:\\Application Dev\\SEL Live\\dataconnect`\n"}}
[debug] [2026-07-25T12:13:04.042Z] E0725 17:43:04.042326   20540 watch.go:40] Failed to load config from "d:\\Application Dev\\SEL Live\\dataconnect": could not find dataconnect.yaml in `d:\Application Dev\SEL Live\dataconnect`
 {"metadata":{"emulator":{"name":"dataconnect"},"message":"E0725 17:43:04.042326   20540 watch.go:40] Failed to load config from \"d:\\\\Application Dev\\\\SEL Live\\\\dataconnect\": could not find dataconnect.yaml in `d:\\Application Dev\\SEL Live\\dataconnect`\n"}}
[debug] [2026-07-25T12:13:14.044Z] E0725 17:43:14.044780   20540 watch.go:40] Failed to load config from "d:\\Application Dev\\SEL Live\\dataconnect": could not find dataconnect.yaml in `d:\Application Dev\SEL Live\dataconnect`
 {"metadata":{"emulator":{"name":"dataconnect"},"message":"E0725 17:43:14.044780   20540 watch.go:40] Failed to load config from \"d:\\\\Application Dev\\\\SEL Live\\\\dataconnect\": could not find dataconnect.yaml in `d:\\Application Dev\\SEL Live\\dataconnect`\n"}}
[debug] [2026-07-25T12:13:24.044Z] E0725 17:43:24.044589   20540 watch.go:40] Failed to load config from "d:\\Application Dev\\SEL Live\\dataconnect": could not find dataconnect.yaml in `d:\Application Dev\SEL Live\dataconnect`
 {"metadata":{"emulator":{"name":"dataconnect"},"message":"E0725 17:43:24.044589   20540 watch.go:40] Failed to load config from \"d:\\\\Application Dev\\\\SEL Live\\\\dataconnect\": could not find dataconnect.yaml in `d:\\Application Dev\\SEL Live\\dataconnect`\n"}}
[debug] [2026-07-25T12:13:34.039Z] E0725 17:43:34.042469   20540 watch.go:116] watchAllDir unable to walk dir `d:\Application Dev\SEL Live\dataconnect`: GetFileAttributesEx d:\Application Dev\SEL Live\dataconnect: The system cannot find the file specified.
E0725 17:43:34.042469   20540 watch.go:40] Failed to load config from "d:\\Application Dev\\SEL Live\\dataconnect": could not find dataconnect.yaml in `d:\Application Dev\SEL Live\dataconnect`
 {"metadata":{"emulator":{"name":"dataconnect"},"message":"E0725 17:43:34.042469   20540 watch.go:116] watchAllDir unable to walk dir `d:\\Application Dev\\SEL Live\\dataconnect`: GetFileAttributesEx d:\\Application Dev\\SEL Live\\dataconnect: The system cannot find the file specified.\nE0725 17:43:34.042469   20540 watch.go:40] Failed to load config from \"d:\\\\Application Dev\\\\SEL Live\\\\dataconnect\": could not find dataconnect.yaml in `d:\\Application Dev\\SEL Live\\dataconnect`\n"}}
[debug] [2026-07-25T12:13:44.040Z] E0725 17:43:44.043407   20540 watch.go:40] Failed to load config from "d:\\Application Dev\\SEL Live\\dataconnect": could not find dataconnect.yaml in `d:\Application Dev\SEL Live\dataconnect`
 {"metadata":{"emulator":{"name":"dataconnect"},"message":"E0725 17:43:44.043407   20540 watch.go:40] Failed to load config from \"d:\\\\Application Dev\\\\SEL Live\\\\dataconnect\": could not find dataconnect.yaml in `d:\\Application Dev\\SEL Live\\dataconnect`\n"}}
[debug] [2026-07-25T12:13:54.040Z] E0725 17:43:54.043373   20540 watch.go:40] Failed to load config from "d:\\Application Dev\\SEL Live\\dataconnect": could not find dataconnect.yaml in `d:\Application Dev\SEL Live\dataconnect`
 {"metadata":{"emulator":{"name":"dataconnect"},"message":"E0725 17:43:54.043373   20540 watch.go:40] Failed to load config from \"d:\\\\Application Dev\\\\SEL Live\\\\dataconnect\": could not find dataconnect.yaml in `d:\\Application Dev\\SEL Live\\dataconnect`\n"}}
[debug] [2026-07-25T12:14:04.039Z] E0725 17:44:04.042271   20540 watch.go:40] Failed to load config from "d:\\Application Dev\\SEL Live\\dataconnect": could not find dataconnect.yaml in `d:\Application Dev\SEL Live\dataconnect`
 {"metadata":{"emulator":{"name":"dataconnect"},"message":"E0725 17:44:04.042271   20540 watch.go:40] Failed to load config from \"d:\\\\Application Dev\\\\SEL Live\\\\dataconnect\": could not find dataconnect.yaml in `d:\\Application Dev\\SEL Live\\dataconnect`\n"}}
[debug] [2026-07-25T12:14:14.039Z] E0725 17:44:14.042514   20540 watch.go:40] Failed to load config from "d:\\Application Dev\\SEL Live\\dataconnect": could not find dataconnect.yaml in `d:\Application Dev\SEL Live\dataconnect`
 {"metadata":{"emulator":{"name":"dataconnect"},"message":"E0725 17:44:14.042514   20540 watch.go:40] Failed to load config from \"d:\\\\Application Dev\\\\SEL Live\\\\dataconnect\": could not find dataconnect.yaml in `d:\\Application Dev\\SEL Live\\dataconnect`\n"}}
[debug] [2026-07-25T12:14:24.039Z] E0725 17:44:24.042287   20540 watch.go:40] Failed to load config from "d:\\Application Dev\\SEL Live\\dataconnect": could not find dataconnect.yaml in `d:\Application Dev\SEL Live\dataconnect`
 {"metadata":{"emulator":{"name":"dataconnect"},"message":"E0725 17:44:24.042287   20540 watch.go:40] Failed to load config from \"d:\\\\Application Dev\\\\SEL Live\\\\dataconnect\": could not find dataconnect.yaml in `d:\\Application Dev\\SEL Live\\dataconnect`\n"}}
[debug] [2026-07-25T12:14:34.047Z] E0725 17:44:34.048631   20540 watch.go:40] Failed to load config from "d:\\Application Dev\\SEL Live\\dataconnect": could not find dataconnect.yaml in `d:\Application Dev\SEL Live\dataconnect`
E0725 17:44:34.048631   20540 watch.go:116] watchAllDir unable to walk dir `d:\Application Dev\SEL Live\dataconnect`: GetFileAttributesEx d:\Application Dev\SEL Live\dataconnect: The system cannot find the file specified.
 {"metadata":{"emulator":{"name":"dataconnect"},"message":"E0725 17:44:34.048631   20540 watch.go:40] Failed to load config from \"d:\\\\Application Dev\\\\SEL Live\\\\dataconnect\": could not find dataconnect.yaml in `d:\\Application Dev\\SEL Live\\dataconnect`\nE0725 17:44:34.048631   20540 watch.go:116] watchAllDir unable to walk dir `d:\\Application Dev\\SEL Live\\dataconnect`: GetFileAttributesEx d:\\Application Dev\\SEL Live\\dataconnect: The system cannot find the file specified.\n"}}
[debug] [2026-07-25T12:14:44.043Z] E0725 17:44:44.044043   20540 watch.go:40] Failed to load config from "d:\\Application Dev\\SEL Live\\dataconnect": could not find dataconnect.yaml in `d:\Application Dev\SEL Live\dataconnect`
 {"metadata":{"emulator":{"name":"dataconnect"},"message":"E0725 17:44:44.044043   20540 watch.go:40] Failed to load config from \"d:\\\\Application Dev\\\\SEL Live\\\\dataconnect\": could not find dataconnect.yaml in `d:\\Application Dev\\SEL Live\\dataconnect`\n"}}
[debug] [2026-07-25T12:14:54.044Z] E0725 17:44:54.045181   20540 watch.go:40] Failed to load config from "d:\\Application Dev\\SEL Live\\dataconnect": could not find dataconnect.yaml in `d:\Application Dev\SEL Live\dataconnect`
 {"metadata":{"emulator":{"name":"dataconnect"},"message":"E0725 17:44:54.045181   20540 watch.go:40] Failed to load config from \"d:\\\\Application Dev\\\\SEL Live\\\\dataconnect\": could not find dataconnect.yaml in `d:\\Application Dev\\SEL Live\\dataconnect`\n"}}
[debug] [2026-07-25T12:15:04.041Z] E0725 17:45:04.042427   20540 watch.go:40] Failed to load config from "d:\\Application Dev\\SEL Live\\dataconnect": could not find dataconnect.yaml in `d:\Application Dev\SEL Live\dataconnect`
 {"metadata":{"emulator":{"name":"dataconnect"},"message":"E0725 17:45:04.042427   20540 watch.go:40] Failed to load config from \"d:\\\\Application Dev\\\\SEL Live\\\\dataconnect\": could not find dataconnect.yaml in `d:\\Application Dev\\SEL Live\\dataconnect`\n"}}
[debug] [2026-07-25T12:15:14.042Z] E0725 17:45:14.042404   20540 watch.go:40] Failed to load config from "d:\\Application Dev\\SEL Live\\dataconnect": could not find dataconnect.yaml in `d:\Application Dev\SEL Live\dataconnect`
 {"metadata":{"emulator":{"name":"dataconnect"},"message":"E0725 17:45:14.042404   20540 watch.go:40] Failed to load config from \"d:\\\\Application Dev\\\\SEL Live\\\\dataconnect\": could not find dataconnect.yaml in `d:\\Application Dev\\SEL Live\\dataconnect`\n"}}
[debug] [2026-07-25T12:15:24.042Z] E0725 17:45:24.043144   20540 watch.go:40] Failed to load config from "d:\\Application Dev\\SEL Live\\dataconnect": could not find dataconnect.yaml in `d:\Application Dev\SEL Live\dataconnect`
 {"metadata":{"emulator":{"name":"dataconnect"},"message":"E0725 17:45:24.043144   20540 watch.go:40] Failed to load config from \"d:\\\\Application Dev\\\\SEL Live\\\\dataconnect\": could not find dataconnect.yaml in `d:\\Application Dev\\SEL Live\\dataconnect`\n"}}
[debug] [2026-07-25T12:15:34.040Z] E0725 17:45:34.042254   20540 watch.go:116] watchAllDir unable to walk dir `d:\Application Dev\SEL Live\dataconnect`: GetFileAttributesEx d:\Application Dev\SEL Live\dataconnect: The system cannot find the file specified.
E0725 17:45:34.042254   20540 watch.go:40] Failed to load config from "d:\\Application Dev\\SEL Live\\dataconnect": could not find dataconnect.yaml in `d:\Application Dev\SEL Live\dataconnect`
 {"metadata":{"emulator":{"name":"dataconnect"},"message":"E0725 17:45:34.042254   20540 watch.go:116] watchAllDir unable to walk dir `d:\\Application Dev\\SEL Live\\dataconnect`: GetFileAttributesEx d:\\Application Dev\\SEL Live\\dataconnect: The system cannot find the file specified.\nE0725 17:45:34.042254   20540 watch.go:40] Failed to load config from \"d:\\\\Application Dev\\\\SEL Live\\\\dataconnect\": could not find dataconnect.yaml in `d:\\Application Dev\\SEL Live\\dataconnect`\n"}}
[debug] [2026-07-25T12:15:44.040Z] E0725 17:45:44.042282   20540 watch.go:40] Failed to load config from "d:\\Application Dev\\SEL Live\\dataconnect": could not find dataconnect.yaml in `d:\Application Dev\SEL Live\dataconnect`
 {"metadata":{"emulator":{"name":"dataconnect"},"message":"E0725 17:45:44.042282   20540 watch.go:40] Failed to load config from \"d:\\\\Application Dev\\\\SEL Live\\\\dataconnect\": could not find dataconnect.yaml in `d:\\Application Dev\\SEL Live\\dataconnect`\n"}}
[debug] [2026-07-25T12:15:54.040Z] E0725 17:45:54.042167   20540 watch.go:40] Failed to load config from "d:\\Application Dev\\SEL Live\\dataconnect": could not find dataconnect.yaml in `d:\Application Dev\SEL Live\dataconnect`
 {"metadata":{"emulator":{"name":"dataconnect"},"message":"E0725 17:45:54.042167   20540 watch.go:40] Failed to load config from \"d:\\\\Application Dev\\\\SEL Live\\\\dataconnect\": could not find dataconnect.yaml in `d:\\Application Dev\\SEL Live\\dataconnect`\n"}}
[debug] [2026-07-25T12:16:04.041Z] E0725 17:46:04.043378   20540 watch.go:40] Failed to load config from "d:\\Application Dev\\SEL Live\\dataconnect": could not find dataconnect.yaml in `d:\Application Dev\SEL Live\dataconnect`
 {"metadata":{"emulator":{"name":"dataconnect"},"message":"E0725 17:46:04.043378   20540 watch.go:40] Failed to load config from \"d:\\\\Application Dev\\\\SEL Live\\\\dataconnect\": could not find dataconnect.yaml in `d:\\Application Dev\\SEL Live\\dataconnect`\n"}}
[debug] [2026-07-25T12:16:14.040Z] E0725 17:46:14.042260   20540 watch.go:40] Failed to load config from "d:\\Application Dev\\SEL Live\\dataconnect": could not find dataconnect.yaml in `d:\Application Dev\SEL Live\dataconnect`
 {"metadata":{"emulator":{"name":"dataconnect"},"message":"E0725 17:46:14.042260   20540 watch.go:40] Failed to load config from \"d:\\\\Application Dev\\\\SEL Live\\\\dataconnect\": could not find dataconnect.yaml in `d:\\Application Dev\\SEL Live\\dataconnect`\n"}}
[debug] [2026-07-25T12:16:24.041Z] E0725 17:46:24.042380   20540 watch.go:40] Failed to load config from "d:\\Application Dev\\SEL Live\\dataconnect": could not find dataconnect.yaml in `d:\Application Dev\SEL Live\dataconnect`
 {"metadata":{"emulator":{"name":"dataconnect"},"message":"E0725 17:46:24.042380   20540 watch.go:40] Failed to load config from \"d:\\\\Application Dev\\\\SEL Live\\\\dataconnect\": could not find dataconnect.yaml in `d:\\Application Dev\\SEL Live\\dataconnect`\n"}}
[debug] [2026-07-25T12:16:34.041Z] E0725 17:46:34.042411   20540 watch.go:116] watchAllDir unable to walk dir `d:\Application Dev\SEL Live\dataconnect`: GetFileAttributesEx d:\Application Dev\SEL Live\dataconnect: The system cannot find the file specified.
E0725 17:46:34.042411   20540 watch.go:40] Failed to load config from "d:\\Application Dev\\SEL Live\\dataconnect": could not find dataconnect.yaml in `d:\Application Dev\SEL Live\dataconnect`
 {"metadata":{"emulator":{"name":"dataconnect"},"message":"E0725 17:46:34.042411   20540 watch.go:116] watchAllDir unable to walk dir `d:\\Application Dev\\SEL Live\\dataconnect`: GetFileAttributesEx d:\\Application Dev\\SEL Live\\dataconnect: The system cannot find the file specified.\nE0725 17:46:34.042411   20540 watch.go:40] Failed to load config from \"d:\\\\Application Dev\\\\SEL Live\\\\dataconnect\": could not find dataconnect.yaml in `d:\\Application Dev\\SEL Live\\dataconnect`\n"}}
[debug] [2026-07-25T12:16:44.041Z] E0725 17:46:44.042333   20540 watch.go:40] Failed to load config from "d:\\Application Dev\\SEL Live\\dataconnect": could not find dataconnect.yaml in `d:\Application Dev\SEL Live\dataconnect`
 {"metadata":{"emulator":{"name":"dataconnect"},"message":"E0725 17:46:44.042333   20540 watch.go:40] Failed to load config from \"d:\\\\Application Dev\\\\SEL Live\\\\dataconnect\": could not find dataconnect.yaml in `d:\\Application Dev\\SEL Live\\dataconnect`\n"}}
[debug] [2026-07-25T12:16:54.043Z] E0725 17:46:54.042148   20540 watch.go:40] Failed to load config from "d:\\Application Dev\\SEL Live\\dataconnect": could not find dataconnect.yaml in `d:\Application Dev\SEL Live\dataconnect`
 {"metadata":{"emulator":{"name":"dataconnect"},"message":"E0725 17:46:54.042148   20540 watch.go:40] Failed to load config from \"d:\\\\Application Dev\\\\SEL Live\\\\dataconnect\": could not find dataconnect.yaml in `d:\\Application Dev\\SEL Live\\dataconnect`\n"}}
[debug] [2026-07-25T12:17:04.041Z] E0725 17:47:04.042369   20540 watch.go:40] Failed to load config from "d:\\Application Dev\\SEL Live\\dataconnect": could not find dataconnect.yaml in `d:\Application Dev\SEL Live\dataconnect`
 {"metadata":{"emulator":{"name":"dataconnect"},"message":"E0725 17:47:04.042369   20540 watch.go:40] Failed to load config from \"d:\\\\Application Dev\\\\SEL Live\\\\dataconnect\": could not find dataconnect.yaml in `d:\\Application Dev\\SEL Live\\dataconnect`\n"}}
[debug] [2026-07-25T12:17:14.041Z] E0725 17:47:14.042163   20540 watch.go:40] Failed to load config from "d:\\Application Dev\\SEL Live\\dataconnect": could not find dataconnect.yaml in `d:\Application Dev\SEL Live\dataconnect`
 {"metadata":{"emulator":{"name":"dataconnect"},"message":"E0725 17:47:14.042163   20540 watch.go:40] Failed to load config from \"d:\\\\Application Dev\\\\SEL Live\\\\dataconnect\": could not find dataconnect.yaml in `d:\\Application Dev\\SEL Live\\dataconnect`\n"}}
[debug] [2026-07-25T12:17:24.041Z] E0725 17:47:24.042599   20540 watch.go:40] Failed to load config from "d:\\Application Dev\\SEL Live\\dataconnect": could not find dataconnect.yaml in `d:\Application Dev\SEL Live\dataconnect`
 {"metadata":{"emulator":{"name":"dataconnect"},"message":"E0725 17:47:24.042599   20540 watch.go:40] Failed to load config from \"d:\\\\Application Dev\\\\SEL Live\\\\dataconnect\": could not find dataconnect.yaml in `d:\\Application Dev\\SEL Live\\dataconnect`\n"}}
[debug] [2026-07-25T12:17:34.042Z] E0725 17:47:34.042254   20540 watch.go:116] watchAllDir unable to walk dir `d:\Application Dev\SEL Live\dataconnect`: GetFileAttributesEx d:\Application Dev\SEL Live\dataconnect: The system cannot find the file specified.
 {"metadata":{"emulator":{"name":"dataconnect"},"message":"E0725 17:47:34.042254   20540 watch.go:116] watchAllDir unable to walk dir `d:\\Application Dev\\SEL Live\\dataconnect`: GetFileAttributesEx d:\\Application Dev\\SEL Live\\dataconnect: The system cannot find the file specified.\n"}}
[debug] [2026-07-25T12:17:34.043Z] E0725 17:47:34.043422   20540 watch.go:40] Failed to load config from "d:\\Application Dev\\SEL Live\\dataconnect": could not find dataconnect.yaml in `d:\Application Dev\SEL Live\dataconnect`
 {"metadata":{"emulator":{"name":"dataconnect"},"message":"E0725 17:47:34.043422   20540 watch.go:40] Failed to load config from \"d:\\\\Application Dev\\\\SEL Live\\\\dataconnect\": could not find dataconnect.yaml in `d:\\Application Dev\\SEL Live\\dataconnect`\n"}}
[debug] [2026-07-25T12:17:44.043Z] E0725 17:47:44.043542   20540 watch.go:40] Failed to load config from "d:\\Application Dev\\SEL Live\\dataconnect": could not find dataconnect.yaml in `d:\Application Dev\SEL Live\dataconnect`
 {"metadata":{"emulator":{"name":"dataconnect"},"message":"E0725 17:47:44.043542   20540 watch.go:40] Failed to load config from \"d:\\\\Application Dev\\\\SEL Live\\\\dataconnect\": could not find dataconnect.yaml in `d:\\Application Dev\\SEL Live\\dataconnect`\n"}}
[debug] [2026-07-25T12:17:54.041Z] E0725 17:47:54.042394   20540 watch.go:40] Failed to load config from "d:\\Application Dev\\SEL Live\\dataconnect": could not find dataconnect.yaml in `d:\Application Dev\SEL Live\dataconnect`
 {"metadata":{"emulator":{"name":"dataconnect"},"message":"E0725 17:47:54.042394   20540 watch.go:40] Failed to load config from \"d:\\\\Application Dev\\\\SEL Live\\\\dataconnect\": could not find dataconnect.yaml in `d:\\Application Dev\\SEL Live\\dataconnect`\n"}}
[debug] [2026-07-25T12:18:04.043Z] E0725 17:48:04.043530   20540 watch.go:40] Failed to load config from "d:\\Application Dev\\SEL Live\\dataconnect": could not find dataconnect.yaml in `d:\Application Dev\SEL Live\dataconnect`
 {"metadata":{"emulator":{"name":"dataconnect"},"message":"E0725 17:48:04.043530   20540 watch.go:40] Failed to load config from \"d:\\\\Application Dev\\\\SEL Live\\\\dataconnect\": could not find dataconnect.yaml in `d:\\Application Dev\\SEL Live\\dataconnect`\n"}}
[debug] [2026-07-25T12:18:14.042Z] E0725 17:48:14.042716   20540 watch.go:40] Failed to load config from "d:\\Application Dev\\SEL Live\\dataconnect": could not find dataconnect.yaml in `d:\Application Dev\SEL Live\dataconnect`
 {"metadata":{"emulator":{"name":"dataconnect"},"message":"E0725 17:48:14.042716   20540 watch.go:40] Failed to load config from \"d:\\\\Application Dev\\\\SEL Live\\\\dataconnect\": could not find dataconnect.yaml in `d:\\Application Dev\\SEL Live\\dataconnect`\n"}}
[debug] [2026-07-25T12:18:24.042Z] E0725 17:48:24.042499   20540 watch.go:40] Failed to load config from "d:\\Application Dev\\SEL Live\\dataconnect": could not find dataconnect.yaml in `d:\Application Dev\SEL Live\dataconnect`
 {"metadata":{"emulator":{"name":"dataconnect"},"message":"E0725 17:48:24.042499   20540 watch.go:40] Failed to load config from \"d:\\\\Application Dev\\\\SEL Live\\\\dataconnect\": could not find dataconnect.yaml in `d:\\Application Dev\\SEL Live\\dataconnect`\n"}}
[debug] [2026-07-25T12:18:34.042Z] E0725 17:48:34.042229   20540 watch.go:116] watchAllDir unable to walk dir `d:\Application Dev\SEL Live\dataconnect`: GetFileAttributesEx d:\Application Dev\SEL Live\dataconnect: The system cannot find the file specified.
E0725 17:48:34.042229   20540 watch.go:40] Failed to load config from "d:\\Application Dev\\SEL Live\\dataconnect": could not find dataconnect.yaml in `d:\Application Dev\SEL Live\dataconnect`
 {"metadata":{"emulator":{"name":"dataconnect"},"message":"E0725 17:48:34.042229   20540 watch.go:116] watchAllDir unable to walk dir `d:\\Application Dev\\SEL Live\\dataconnect`: GetFileAttributesEx d:\\Application Dev\\SEL Live\\dataconnect: The system cannot find the file specified.\nE0725 17:48:34.042229   20540 watch.go:40] Failed to load config from \"d:\\\\Application Dev\\\\SEL Live\\\\dataconnect\": could not find dataconnect.yaml in `d:\\Application Dev\\SEL Live\\dataconnect`\n"}}
[debug] [2026-07-25T12:18:44.041Z] E0725 17:48:44.042265   20540 watch.go:40] Failed to load config from "d:\\Application Dev\\SEL Live\\dataconnect": could not find dataconnect.yaml in `d:\Application Dev\SEL Live\dataconnect`
 {"metadata":{"emulator":{"name":"dataconnect"},"message":"E0725 17:48:44.042265   20540 watch.go:40] Failed to load config from \"d:\\\\Application Dev\\\\SEL Live\\\\dataconnect\": could not find dataconnect.yaml in `d:\\Application Dev\\SEL Live\\dataconnect`\n"}}
[debug] [2026-07-25T12:18:54.040Z] E0725 17:48:54.042124   20540 watch.go:40] Failed to load config from "d:\\Application Dev\\SEL Live\\dataconnect": could not find dataconnect.yaml in `d:\Application Dev\SEL Live\dataconnect`
 {"metadata":{"emulator":{"name":"dataconnect"},"message":"E0725 17:48:54.042124   20540 watch.go:40] Failed to load config from \"d:\\\\Application Dev\\\\SEL Live\\\\dataconnect\": could not find dataconnect.yaml in `d:\\Application Dev\\SEL Live\\dataconnect`\n"}}
[debug] [2026-07-25T12:19:04.042Z] E0725 17:49:04.043496   20540 watch.go:40] Failed to load config from "d:\\Application Dev\\SEL Live\\dataconnect": could not find dataconnect.yaml in `d:\Application Dev\SEL Live\dataconnect`
 {"metadata":{"emulator":{"name":"dataconnect"},"message":"E0725 17:49:04.043496   20540 watch.go:40] Failed to load config from \"d:\\\\Application Dev\\\\SEL Live\\\\dataconnect\": could not find dataconnect.yaml in `d:\\Application Dev\\SEL Live\\dataconnect`\n"}}
[debug] [2026-07-25T12:19:14.041Z] E0725 17:49:14.042501   20540 watch.go:40] Failed to load config from "d:\\Application Dev\\SEL Live\\dataconnect": could not find dataconnect.yaml in `d:\Application Dev\SEL Live\dataconnect`
 {"metadata":{"emulator":{"name":"dataconnect"},"message":"E0725 17:49:14.042501   20540 watch.go:40] Failed to load config from \"d:\\\\Application Dev\\\\SEL Live\\\\dataconnect\": could not find dataconnect.yaml in `d:\\Application Dev\\SEL Live\\dataconnect`\n"}}
[debug] [2026-07-25T12:19:24.041Z] E0725 17:49:24.042501   20540 watch.go:40] Failed to load config from "d:\\Application Dev\\SEL Live\\dataconnect": could not find dataconnect.yaml in `d:\Application Dev\SEL Live\dataconnect`
 {"metadata":{"emulator":{"name":"dataconnect"},"message":"E0725 17:49:24.042501   20540 watch.go:40] Failed to load config from \"d:\\\\Application Dev\\\\SEL Live\\\\dataconnect\": could not find dataconnect.yaml in `d:\\Application Dev\\SEL Live\\dataconnect`\n"}}
[debug] [2026-07-25T12:19:34.043Z] E0725 17:49:34.042922   20540 watch.go:116] watchAllDir unable to walk dir `d:\Application Dev\SEL Live\dataconnect`: GetFileAttributesEx d:\Application Dev\SEL Live\dataconnect: The system cannot find the file specified.
 {"metadata":{"emulator":{"name":"dataconnect"},"message":"E0725 17:49:34.042922   20540 watch.go:116] watchAllDir unable to walk dir `d:\\Application Dev\\SEL Live\\dataconnect`: GetFileAttributesEx d:\\Application Dev\\SEL Live\\dataconnect: The system cannot find the file specified.\n"}}
[debug] [2026-07-25T12:19:34.043Z] E0725 17:49:34.043788   20540 watch.go:40] Failed to load config from "d:\\Application Dev\\SEL Live\\dataconnect": could not find dataconnect.yaml in `d:\Application Dev\SEL Live\dataconnect`
 {"metadata":{"emulator":{"name":"dataconnect"},"message":"E0725 17:49:34.043788   20540 watch.go:40] Failed to load config from \"d:\\\\Application Dev\\\\SEL Live\\\\dataconnect\": could not find dataconnect.yaml in `d:\\Application Dev\\SEL Live\\dataconnect`\n"}}
[debug] [2026-07-25T12:19:44.042Z] E0725 17:49:44.042504   20540 watch.go:40] Failed to load config from "d:\\Application Dev\\SEL Live\\dataconnect": could not find dataconnect.yaml in `d:\Application Dev\SEL Live\dataconnect`
 {"metadata":{"emulator":{"name":"dataconnect"},"message":"E0725 17:49:44.042504   20540 watch.go:40] Failed to load config from \"d:\\\\Application Dev\\\\SEL Live\\\\dataconnect\": could not find dataconnect.yaml in `d:\\Application Dev\\SEL Live\\dataconnect`\n"}}
[debug] [2026-07-25T12:19:54.042Z] E0725 17:49:54.042352   20540 watch.go:40] Failed to load config from "d:\\Application Dev\\SEL Live\\dataconnect": could not find dataconnect.yaml in `d:\Application Dev\SEL Live\dataconnect`
 {"metadata":{"emulator":{"name":"dataconnect"},"message":"E0725 17:49:54.042352   20540 watch.go:40] Failed to load config from \"d:\\\\Application Dev\\\\SEL Live\\\\dataconnect\": could not find dataconnect.yaml in `d:\\Application Dev\\SEL Live\\dataconnect`\n"}}
[debug] [2026-07-25T12:20:04.042Z] E0725 17:50:04.042292   20540 watch.go:40] Failed to load config from "d:\\Application Dev\\SEL Live\\dataconnect": could not find dataconnect.yaml in `d:\Application Dev\SEL Live\dataconnect`
 {"metadata":{"emulator":{"name":"dataconnect"},"message":"E0725 17:50:04.042292   20540 watch.go:40] Failed to load config from \"d:\\\\Application Dev\\\\SEL Live\\\\dataconnect\": could not find dataconnect.yaml in `d:\\Application Dev\\SEL Live\\dataconnect`\n"}}
[debug] [2026-07-25T12:20:14.042Z] E0725 17:50:14.042269   20540 watch.go:40] Failed to load config from "d:\\Application Dev\\SEL Live\\dataconnect": could not find dataconnect.yaml in `d:\Application Dev\SEL Live\dataconnect`
 {"metadata":{"emulator":{"name":"dataconnect"},"message":"E0725 17:50:14.042269   20540 watch.go:40] Failed to load config from \"d:\\\\Application Dev\\\\SEL Live\\\\dataconnect\": could not find dataconnect.yaml in `d:\\Application Dev\\SEL Live\\dataconnect`\n"}}
[debug] [2026-07-25T12:20:24.042Z] E0725 17:50:24.042191   20540 watch.go:40] Failed to load config from "d:\\Application Dev\\SEL Live\\dataconnect": could not find dataconnect.yaml in `d:\Application Dev\SEL Live\dataconnect`
 {"metadata":{"emulator":{"name":"dataconnect"},"message":"E0725 17:50:24.042191   20540 watch.go:40] Failed to load config from \"d:\\\\Application Dev\\\\SEL Live\\\\dataconnect\": could not find dataconnect.yaml in `d:\\Application Dev\\SEL Live\\dataconnect`\n"}}
[debug] [2026-07-25T12:20:34.042Z] E0725 17:50:34.042528   20540 watch.go:116] watchAllDir unable to walk dir `d:\Application Dev\SEL Live\dataconnect`: GetFileAttributesEx d:\Application Dev\SEL Live\dataconnect: The system cannot find the file specified.
E0725 17:50:34.042528   20540 watch.go:40] Failed to load config from "d:\\Application Dev\\SEL Live\\dataconnect": could not find dataconnect.yaml in `d:\Application Dev\SEL Live\dataconnect`
 {"metadata":{"emulator":{"name":"dataconnect"},"message":"E0725 17:50:34.042528   20540 watch.go:116] watchAllDir unable to walk dir `d:\\Application Dev\\SEL Live\\dataconnect`: GetFileAttributesEx d:\\Application Dev\\SEL Live\\dataconnect: The system cannot find the file specified.\nE0725 17:50:34.042528   20540 watch.go:40] Failed to load config from \"d:\\\\Application Dev\\\\SEL Live\\\\dataconnect\": could not find dataconnect.yaml in `d:\\Application Dev\\SEL Live\\dataconnect`\n"}}
[debug] [2026-07-25T12:20:44.041Z] E0725 17:50:44.042131   20540 watch.go:40] Failed to load config from "d:\\Application Dev\\SEL Live\\dataconnect": could not find dataconnect.yaml in `d:\Application Dev\SEL Live\dataconnect`
 {"metadata":{"emulator":{"name":"dataconnect"},"message":"E0725 17:50:44.042131   20540 watch.go:40] Failed to load config from \"d:\\\\Application Dev\\\\SEL Live\\\\dataconnect\": could not find dataconnect.yaml in `d:\\Application Dev\\SEL Live\\dataconnect`\n"}}
[debug] [2026-07-25T12:20:54.042Z] E0725 17:50:54.042746   20540 watch.go:40] Failed to load config from "d:\\Application Dev\\SEL Live\\dataconnect": could not find dataconnect.yaml in `d:\Application Dev\SEL Live\dataconnect`
 {"metadata":{"emulator":{"name":"dataconnect"},"message":"E0725 17:50:54.042746   20540 watch.go:40] Failed to load config from \"d:\\\\Application Dev\\\\SEL Live\\\\dataconnect\": could not find dataconnect.yaml in `d:\\Application Dev\\SEL Live\\dataconnect`\n"}}
[debug] [2026-07-25T12:21:04.041Z] E0725 17:51:04.042103   20540 watch.go:40] Failed to load config from "d:\\Application Dev\\SEL Live\\dataconnect": could not find dataconnect.yaml in `d:\Application Dev\SEL Live\dataconnect`
 {"metadata":{"emulator":{"name":"dataconnect"},"message":"E0725 17:51:04.042103   20540 watch.go:40] Failed to load config from \"d:\\\\Application Dev\\\\SEL Live\\\\dataconnect\": could not find dataconnect.yaml in `d:\\Application Dev\\SEL Live\\dataconnect`\n"}}
[debug] [2026-07-25T12:21:14.043Z] E0725 17:51:14.043068   20540 watch.go:40] Failed to load config from "d:\\Application Dev\\SEL Live\\dataconnect": could not find dataconnect.yaml in `d:\Application Dev\SEL Live\dataconnect`
 {"metadata":{"emulator":{"name":"dataconnect"},"message":"E0725 17:51:14.043068   20540 watch.go:40] Failed to load config from \"d:\\\\Application Dev\\\\SEL Live\\\\dataconnect\": could not find dataconnect.yaml in `d:\\Application Dev\\SEL Live\\dataconnect`\n"}}
[debug] [2026-07-25T12:21:24.043Z] E0725 17:51:24.042437   20540 watch.go:40] Failed to load config from "d:\\Application Dev\\SEL Live\\dataconnect": could not find dataconnect.yaml in `d:\Application Dev\SEL Live\dataconnect`
 {"metadata":{"emulator":{"name":"dataconnect"},"message":"E0725 17:51:24.042437   20540 watch.go:40] Failed to load config from \"d:\\\\Application Dev\\\\SEL Live\\\\dataconnect\": could not find dataconnect.yaml in `d:\\Application Dev\\SEL Live\\dataconnect`\n"}}
[debug] [2026-07-25T12:21:34.041Z] E0725 17:51:34.042452   20540 watch.go:116] watchAllDir unable to walk dir `d:\Application Dev\SEL Live\dataconnect`: GetFileAttributesEx d:\Application Dev\SEL Live\dataconnect: The system cannot find the file specified.
E0725 17:51:34.042452   20540 watch.go:40] Failed to load config from "d:\\Application Dev\\SEL Live\\dataconnect": could not find dataconnect.yaml in `d:\Application Dev\SEL Live\dataconnect`
 {"metadata":{"emulator":{"name":"dataconnect"},"message":"E0725 17:51:34.042452   20540 watch.go:116] watchAllDir unable to walk dir `d:\\Application Dev\\SEL Live\\dataconnect`: GetFileAttributesEx d:\\Application Dev\\SEL Live\\dataconnect: The system cannot find the file specified.\nE0725 17:51:34.042452   20540 watch.go:40] Failed to load config from \"d:\\\\Application Dev\\\\SEL Live\\\\dataconnect\": could not find dataconnect.yaml in `d:\\Application Dev\\SEL Live\\dataconnect`\n"}}
[debug] [2026-07-25T12:21:44.041Z] E0725 17:51:44.042665   20540 watch.go:40] Failed to load config from "d:\\Application Dev\\SEL Live\\dataconnect": could not find dataconnect.yaml in `d:\Application Dev\SEL Live\dataconnect`
 {"metadata":{"emulator":{"name":"dataconnect"},"message":"E0725 17:51:44.042665   20540 watch.go:40] Failed to load config from \"d:\\\\Application Dev\\\\SEL Live\\\\dataconnect\": could not find dataconnect.yaml in `d:\\Application Dev\\SEL Live\\dataconnect`\n"}}
[debug] [2026-07-25T12:21:54.040Z] E0725 17:51:54.042471   20540 watch.go:40] Failed to load config from "d:\\Application Dev\\SEL Live\\dataconnect": could not find dataconnect.yaml in `d:\Application Dev\SEL Live\dataconnect`
 {"metadata":{"emulator":{"name":"dataconnect"},"message":"E0725 17:51:54.042471   20540 watch.go:40] Failed to load config from \"d:\\\\Application Dev\\\\SEL Live\\\\dataconnect\": could not find dataconnect.yaml in `d:\\Application Dev\\SEL Live\\dataconnect`\n"}}
[debug] [2026-07-25T12:22:04.040Z] E0725 17:52:04.042431   20540 watch.go:40] Failed to load config from "d:\\Application Dev\\SEL Live\\dataconnect": could not find dataconnect.yaml in `d:\Application Dev\SEL Live\dataconnect`
 {"metadata":{"emulator":{"name":"dataconnect"},"message":"E0725 17:52:04.042431   20540 watch.go:40] Failed to load config from \"d:\\\\Application Dev\\\\SEL Live\\\\dataconnect\": could not find dataconnect.yaml in `d:\\Application Dev\\SEL Live\\dataconnect`\n"}}
[debug] [2026-07-25T12:22:14.040Z] E0725 17:52:14.042076   20540 watch.go:40] Failed to load config from "d:\\Application Dev\\SEL Live\\dataconnect": could not find dataconnect.yaml in `d:\Application Dev\SEL Live\dataconnect`
 {"metadata":{"emulator":{"name":"dataconnect"},"message":"E0725 17:52:14.042076   20540 watch.go:40] Failed to load config from \"d:\\\\Application Dev\\\\SEL Live\\\\dataconnect\": could not find dataconnect.yaml in `d:\\Application Dev\\SEL Live\\dataconnect`\n"}}
[debug] [2026-07-25T12:22:24.041Z] E0725 17:52:24.043222   20540 watch.go:40] Failed to load config from "d:\\Application Dev\\SEL Live\\dataconnect": could not find dataconnect.yaml in `d:\Application Dev\SEL Live\dataconnect`
 {"metadata":{"emulator":{"name":"dataconnect"},"message":"E0725 17:52:24.043222   20540 watch.go:40] Failed to load config from \"d:\\\\Application Dev\\\\SEL Live\\\\dataconnect\": could not find dataconnect.yaml in `d:\\Application Dev\\SEL Live\\dataconnect`\n"}}
[debug] [2026-07-25T12:22:34.042Z] E0725 17:52:34.042264   20540 watch.go:116] watchAllDir unable to walk dir `d:\Application Dev\SEL Live\dataconnect`: GetFileAttributesEx d:\Application Dev\SEL Live\dataconnect: The system cannot find the file specified.
E0725 17:52:34.042264   20540 watch.go:40] Failed to load config from "d:\\Application Dev\\SEL Live\\dataconnect": could not find dataconnect.yaml in `d:\Application Dev\SEL Live\dataconnect`
 {"metadata":{"emulator":{"name":"dataconnect"},"message":"E0725 17:52:34.042264   20540 watch.go:116] watchAllDir unable to walk dir `d:\\Application Dev\\SEL Live\\dataconnect`: GetFileAttributesEx d:\\Application Dev\\SEL Live\\dataconnect: The system cannot find the file specified.\nE0725 17:52:34.042264   20540 watch.go:40] Failed to load config from \"d:\\\\Application Dev\\\\SEL Live\\\\dataconnect\": could not find dataconnect.yaml in `d:\\Application Dev\\SEL Live\\dataconnect`\n"}}
[debug] [2026-07-25T12:22:44.042Z] E0725 17:52:44.042544   20540 watch.go:40] Failed to load config from "d:\\Application Dev\\SEL Live\\dataconnect": could not find dataconnect.yaml in `d:\Application Dev\SEL Live\dataconnect`
 {"metadata":{"emulator":{"name":"dataconnect"},"message":"E0725 17:52:44.042544   20540 watch.go:40] Failed to load config from \"d:\\\\Application Dev\\\\SEL Live\\\\dataconnect\": could not find dataconnect.yaml in `d:\\Application Dev\\SEL Live\\dataconnect`\n"}}
[debug] [2026-07-25T12:22:54.042Z] E0725 17:52:54.042263   20540 watch.go:40] Failed to load config from "d:\\Application Dev\\SEL Live\\dataconnect": could not find dataconnect.yaml in `d:\Application Dev\SEL Live\dataconnect`
 {"metadata":{"emulator":{"name":"dataconnect"},"message":"E0725 17:52:54.042263   20540 watch.go:40] Failed to load config from \"d:\\\\Application Dev\\\\SEL Live\\\\dataconnect\": could not find dataconnect.yaml in `d:\\Application Dev\\SEL Live\\dataconnect`\n"}}
[debug] [2026-07-25T12:23:04.043Z] E0725 17:53:04.042459   20540 watch.go:40] Failed to load config from "d:\\Application Dev\\SEL Live\\dataconnect": could not find dataconnect.yaml in `d:\Application Dev\SEL Live\dataconnect`
 {"metadata":{"emulator":{"name":"dataconnect"},"message":"E0725 17:53:04.042459   20540 watch.go:40] Failed to load config from \"d:\\\\Application Dev\\\\SEL Live\\\\dataconnect\": could not find dataconnect.yaml in `d:\\Application Dev\\SEL Live\\dataconnect`\n"}}
[debug] [2026-07-25T12:23:14.042Z] E0725 17:53:14.042251   20540 watch.go:40] Failed to load config from "d:\\Application Dev\\SEL Live\\dataconnect": could not find dataconnect.yaml in `d:\Application Dev\SEL Live\dataconnect`
 {"metadata":{"emulator":{"name":"dataconnect"},"message":"E0725 17:53:14.042251   20540 watch.go:40] Failed to load config from \"d:\\\\Application Dev\\\\SEL Live\\\\dataconnect\": could not find dataconnect.yaml in `d:\\Application Dev\\SEL Live\\dataconnect`\n"}}
[debug] [2026-07-25T12:23:24.044Z] E0725 17:53:24.044349   20540 watch.go:40] Failed to load config from "d:\\Application Dev\\SEL Live\\dataconnect": could not find dataconnect.yaml in `d:\Application Dev\SEL Live\dataconnect`
 {"metadata":{"emulator":{"name":"dataconnect"},"message":"E0725 17:53:24.044349   20540 watch.go:40] Failed to load config from \"d:\\\\Application Dev\\\\SEL Live\\\\dataconnect\": could not find dataconnect.yaml in `d:\\Application Dev\\SEL Live\\dataconnect`\n"}}
[debug] [2026-07-25T12:23:34.042Z] E0725 17:53:34.042278   20540 watch.go:116] watchAllDir unable to walk dir `d:\Application Dev\SEL Live\dataconnect`: GetFileAttributesEx d:\Application Dev\SEL Live\dataconnect: The system cannot find the file specified.
E0725 17:53:34.042278   20540 watch.go:40] Failed to load config from "d:\\Application Dev\\SEL Live\\dataconnect": could not find dataconnect.yaml in `d:\Application Dev\SEL Live\dataconnect`
 {"metadata":{"emulator":{"name":"dataconnect"},"message":"E0725 17:53:34.042278   20540 watch.go:116] watchAllDir unable to walk dir `d:\\Application Dev\\SEL Live\\dataconnect`: GetFileAttributesEx d:\\Application Dev\\SEL Live\\dataconnect: The system cannot find the file specified.\nE0725 17:53:34.042278   20540 watch.go:40] Failed to load config from \"d:\\\\Application Dev\\\\SEL Live\\\\dataconnect\": could not find dataconnect.yaml in `d:\\Application Dev\\SEL Live\\dataconnect`\n"}}
[debug] [2026-07-25T12:23:44.042Z] E0725 17:53:44.042189   20540 watch.go:40] Failed to load config from "d:\\Application Dev\\SEL Live\\dataconnect": could not find dataconnect.yaml in `d:\Application Dev\SEL Live\dataconnect`
 {"metadata":{"emulator":{"name":"dataconnect"},"message":"E0725 17:53:44.042189   20540 watch.go:40] Failed to load config from \"d:\\\\Application Dev\\\\SEL Live\\\\dataconnect\": could not find dataconnect.yaml in `d:\\Application Dev\\SEL Live\\dataconnect`\n"}}
[debug] [2026-07-25T12:23:54.043Z] E0725 17:53:54.042583   20540 watch.go:40] Failed to load config from "d:\\Application Dev\\SEL Live\\dataconnect": could not find dataconnect.yaml in `d:\Application Dev\SEL Live\dataconnect`
 {"metadata":{"emulator":{"name":"dataconnect"},"message":"E0725 17:53:54.042583   20540 watch.go:40] Failed to load config from \"d:\\\\Application Dev\\\\SEL Live\\\\dataconnect\": could not find dataconnect.yaml in `d:\\Application Dev\\SEL Live\\dataconnect`\n"}}
[debug] [2026-07-25T12:24:04.042Z] E0725 17:54:04.042262   20540 watch.go:40] Failed to load config from "d:\\Application Dev\\SEL Live\\dataconnect": could not find dataconnect.yaml in `d:\Application Dev\SEL Live\dataconnect`
 {"metadata":{"emulator":{"name":"dataconnect"},"message":"E0725 17:54:04.042262   20540 watch.go:40] Failed to load config from \"d:\\\\Application Dev\\\\SEL Live\\\\dataconnect\": could not find dataconnect.yaml in `d:\\Application Dev\\SEL Live\\dataconnect`\n"}}
[debug] [2026-07-25T12:24:14.042Z] E0725 17:54:14.042443   20540 watch.go:40] Failed to load config from "d:\\Application Dev\\SEL Live\\dataconnect": could not find dataconnect.yaml in `d:\Application Dev\SEL Live\dataconnect`
 {"metadata":{"emulator":{"name":"dataconnect"},"message":"E0725 17:54:14.042443   20540 watch.go:40] Failed to load config from \"d:\\\\Application Dev\\\\SEL Live\\\\dataconnect\": could not find dataconnect.yaml in `d:\\Application Dev\\SEL Live\\dataconnect`\n"}}
[debug] [2026-07-25T12:24:24.042Z] E0725 17:54:24.042181   20540 watch.go:40] Failed to load config from "d:\\Application Dev\\SEL Live\\dataconnect": could not find dataconnect.yaml in `d:\Application Dev\SEL Live\dataconnect`
 {"metadata":{"emulator":{"name":"dataconnect"},"message":"E0725 17:54:24.042181   20540 watch.go:40] Failed to load config from \"d:\\\\Application Dev\\\\SEL Live\\\\dataconnect\": could not find dataconnect.yaml in `d:\\Application Dev\\SEL Live\\dataconnect`\n"}}
[debug] [2026-07-25T12:24:34.042Z] E0725 17:54:34.042263   20540 watch.go:116] watchAllDir unable to walk dir `d:\Application Dev\SEL Live\dataconnect`: GetFileAttributesEx d:\Application Dev\SEL Live\dataconnect: The system cannot find the file specified.
E0725 17:54:34.042263   20540 watch.go:40] Failed to load config from "d:\\Application Dev\\SEL Live\\dataconnect": could not find dataconnect.yaml in `d:\Application Dev\SEL Live\dataconnect`
 {"metadata":{"emulator":{"name":"dataconnect"},"message":"E0725 17:54:34.042263   20540 watch.go:116] watchAllDir unable to walk dir `d:\\Application Dev\\SEL Live\\dataconnect`: GetFileAttributesEx d:\\Application Dev\\SEL Live\\dataconnect: The system cannot find the file specified.\nE0725 17:54:34.042263   20540 watch.go:40] Failed to load config from \"d:\\\\Application Dev\\\\SEL Live\\\\dataconnect\": could not find dataconnect.yaml in `d:\\Application Dev\\SEL Live\\dataconnect`\n"}}
[debug] [2026-07-25T12:24:44.042Z] E0725 17:54:44.042458   20540 watch.go:40] Failed to load config from "d:\\Application Dev\\SEL Live\\dataconnect": could not find dataconnect.yaml in `d:\Application Dev\SEL Live\dataconnect`
 {"metadata":{"emulator":{"name":"dataconnect"},"message":"E0725 17:54:44.042458   20540 watch.go:40] Failed to load config from \"d:\\\\Application Dev\\\\SEL Live\\\\dataconnect\": could not find dataconnect.yaml in `d:\\Application Dev\\SEL Live\\dataconnect`\n"}}
[debug] [2026-07-25T12:24:54.044Z] E0725 17:54:54.043359   20540 watch.go:40] Failed to load config from "d:\\Application Dev\\SEL Live\\dataconnect": could not find dataconnect.yaml in `d:\Application Dev\SEL Live\dataconnect`
 {"metadata":{"emulator":{"name":"dataconnect"},"message":"E0725 17:54:54.043359   20540 watch.go:40] Failed to load config from \"d:\\\\Application Dev\\\\SEL Live\\\\dataconnect\": could not find dataconnect.yaml in `d:\\Application Dev\\SEL Live\\dataconnect`\n"}}
[debug] [2026-07-25T12:25:04.042Z] E0725 17:55:04.042396   20540 watch.go:40] Failed to load config from "d:\\Application Dev\\SEL Live\\dataconnect": could not find dataconnect.yaml in `d:\Application Dev\SEL Live\dataconnect`
 {"metadata":{"emulator":{"name":"dataconnect"},"message":"E0725 17:55:04.042396   20540 watch.go:40] Failed to load config from \"d:\\\\Application Dev\\\\SEL Live\\\\dataconnect\": could not find dataconnect.yaml in `d:\\Application Dev\\SEL Live\\dataconnect`\n"}}
[debug] [2026-07-25T12:25:14.042Z] E0725 17:55:14.042252   20540 watch.go:40] Failed to load config from "d:\\Application Dev\\SEL Live\\dataconnect": could not find dataconnect.yaml in `d:\Application Dev\SEL Live\dataconnect`
 {"metadata":{"emulator":{"name":"dataconnect"},"message":"E0725 17:55:14.042252   20540 watch.go:40] Failed to load config from \"d:\\\\Application Dev\\\\SEL Live\\\\dataconnect\": could not find dataconnect.yaml in `d:\\Application Dev\\SEL Live\\dataconnect`\n"}}
[debug] [2026-07-25T12:25:24.043Z] E0725 17:55:24.042588   20540 watch.go:40] Failed to load config from "d:\\Application Dev\\SEL Live\\dataconnect": could not find dataconnect.yaml in `d:\Application Dev\SEL Live\dataconnect`
 {"metadata":{"emulator":{"name":"dataconnect"},"message":"E0725 17:55:24.042588   20540 watch.go:40] Failed to load config from \"d:\\\\Application Dev\\\\SEL Live\\\\dataconnect\": could not find dataconnect.yaml in `d:\\Application Dev\\SEL Live\\dataconnect`\n"}}
[debug] [2026-07-25T12:25:34.043Z] E0725 17:55:34.042363   20540 watch.go:116] watchAllDir unable to walk dir `d:\Application Dev\SEL Live\dataconnect`: GetFileAttributesEx d:\Application Dev\SEL Live\dataconnect: The system cannot find the file specified.
 {"metadata":{"emulator":{"name":"dataconnect"},"message":"E0725 17:55:34.042363   20540 watch.go:116] watchAllDir unable to walk dir `d:\\Application Dev\\SEL Live\\dataconnect`: GetFileAttributesEx d:\\Application Dev\\SEL Live\\dataconnect: The system cannot find the file specified.\n"}}
[debug] [2026-07-25T12:25:34.045Z] E0725 17:55:34.044616   20540 watch.go:40] Failed to load config from "d:\\Application Dev\\SEL Live\\dataconnect": could not find dataconnect.yaml in `d:\Application Dev\SEL Live\dataconnect`
 {"metadata":{"emulator":{"name":"dataconnect"},"message":"E0725 17:55:34.044616   20540 watch.go:40] Failed to load config from \"d:\\\\Application Dev\\\\SEL Live\\\\dataconnect\": could not find dataconnect.yaml in `d:\\Application Dev\\SEL Live\\dataconnect`\n"}}
[debug] [2026-07-25T12:25:44.043Z] E0725 17:55:44.043507   20540 watch.go:40] Failed to load config from "d:\\Application Dev\\SEL Live\\dataconnect": could not find dataconnect.yaml in `d:\Application Dev\SEL Live\dataconnect`
 {"metadata":{"emulator":{"name":"dataconnect"},"message":"E0725 17:55:44.043507   20540 watch.go:40] Failed to load config from \"d:\\\\Application Dev\\\\SEL Live\\\\dataconnect\": could not find dataconnect.yaml in `d:\\Application Dev\\SEL Live\\dataconnect`\n"}}
[debug] [2026-07-25T12:25:54.043Z] E0725 17:55:54.042989   20540 watch.go:40] Failed to load config from "d:\\Application Dev\\SEL Live\\dataconnect": could not find dataconnect.yaml in `d:\Application Dev\SEL Live\dataconnect`
 {"metadata":{"emulator":{"name":"dataconnect"},"message":"E0725 17:55:54.042989   20540 watch.go:40] Failed to load config from \"d:\\\\Application Dev\\\\SEL Live\\\\dataconnect\": could not find dataconnect.yaml in `d:\\Application Dev\\SEL Live\\dataconnect`\n"}}
[debug] [2026-07-25T12:26:04.042Z] E0725 17:56:04.042266   20540 watch.go:40] Failed to load config from "d:\\Application Dev\\SEL Live\\dataconnect": could not find dataconnect.yaml in `d:\Application Dev\SEL Live\dataconnect`
 {"metadata":{"emulator":{"name":"dataconnect"},"message":"E0725 17:56:04.042266   20540 watch.go:40] Failed to load config from \"d:\\\\Application Dev\\\\SEL Live\\\\dataconnect\": could not find dataconnect.yaml in `d:\\Application Dev\\SEL Live\\dataconnect`\n"}}
[debug] [2026-07-25T12:26:14.042Z] E0725 17:56:14.042185   20540 watch.go:40] Failed to load config from "d:\\Application Dev\\SEL Live\\dataconnect": could not find dataconnect.yaml in `d:\Application Dev\SEL Live\dataconnect`
 {"metadata":{"emulator":{"name":"dataconnect"},"message":"E0725 17:56:14.042185   20540 watch.go:40] Failed to load config from \"d:\\\\Application Dev\\\\SEL Live\\\\dataconnect\": could not find dataconnect.yaml in `d:\\Application Dev\\SEL Live\\dataconnect`\n"}}
[debug] [2026-07-25T12:26:24.042Z] E0725 17:56:24.042194   20540 watch.go:40] Failed to load config from "d:\\Application Dev\\SEL Live\\dataconnect": could not find dataconnect.yaml in `d:\Application Dev\SEL Live\dataconnect`
 {"metadata":{"emulator":{"name":"dataconnect"},"message":"E0725 17:56:24.042194   20540 watch.go:40] Failed to load config from \"d:\\\\Application Dev\\\\SEL Live\\\\dataconnect\": could not find dataconnect.yaml in `d:\\Application Dev\\SEL Live\\dataconnect`\n"}}
[debug] [2026-07-25T12:26:34.041Z] E0725 17:56:34.042276   20540 watch.go:116] watchAllDir unable to walk dir `d:\Application Dev\SEL Live\dataconnect`: GetFileAttributesEx d:\Application Dev\SEL Live\dataconnect: The system cannot find the file specified.
E0725 17:56:34.042276   20540 watch.go:40] Failed to load config from "d:\\Application Dev\\SEL Live\\dataconnect": could not find dataconnect.yaml in `d:\Application Dev\SEL Live\dataconnect`
 {"metadata":{"emulator":{"name":"dataconnect"},"message":"E0725 17:56:34.042276   20540 watch.go:116] watchAllDir unable to walk dir `d:\\Application Dev\\SEL Live\\dataconnect`: GetFileAttributesEx d:\\Application Dev\\SEL Live\\dataconnect: The system cannot find the file specified.\nE0725 17:56:34.042276   20540 watch.go:40] Failed to load config from \"d:\\\\Application Dev\\\\SEL Live\\\\dataconnect\": could not find dataconnect.yaml in `d:\\Application Dev\\SEL Live\\dataconnect`\n"}}
[debug] [2026-07-25T12:26:44.042Z] E0725 17:56:44.042381   20540 watch.go:40] Failed to load config from "d:\\Application Dev\\SEL Live\\dataconnect": could not find dataconnect.yaml in `d:\Application Dev\SEL Live\dataconnect`
 {"metadata":{"emulator":{"name":"dataconnect"},"message":"E0725 17:56:44.042381   20540 watch.go:40] Failed to load config from \"d:\\\\Application Dev\\\\SEL Live\\\\dataconnect\": could not find dataconnect.yaml in `d:\\Application Dev\\SEL Live\\dataconnect`\n"}}
[debug] [2026-07-25T12:26:54.042Z] E0725 17:56:54.042488   20540 watch.go:40] Failed to load config from "d:\\Application Dev\\SEL Live\\dataconnect": could not find dataconnect.yaml in `d:\Application Dev\SEL Live\dataconnect`
 {"metadata":{"emulator":{"name":"dataconnect"},"message":"E0725 17:56:54.042488   20540 watch.go:40] Failed to load config from \"d:\\\\Application Dev\\\\SEL Live\\\\dataconnect\": could not find dataconnect.yaml in `d:\\Application Dev\\SEL Live\\dataconnect`\n"}}
[debug] [2026-07-25T12:27:04.042Z] E0725 17:57:04.042538   20540 watch.go:40] Failed to load config from "d:\\Application Dev\\SEL Live\\dataconnect": could not find dataconnect.yaml in `d:\Application Dev\SEL Live\dataconnect`
 {"metadata":{"emulator":{"name":"dataconnect"},"message":"E0725 17:57:04.042538   20540 watch.go:40] Failed to load config from \"d:\\\\Application Dev\\\\SEL Live\\\\dataconnect\": could not find dataconnect.yaml in `d:\\Application Dev\\SEL Live\\dataconnect`\n"}}
[debug] [2026-07-25T12:27:14.042Z] E0725 17:57:14.042183   20540 watch.go:40] Failed to load config from "d:\\Application Dev\\SEL Live\\dataconnect": could not find dataconnect.yaml in `d:\Application Dev\SEL Live\dataconnect`
 {"metadata":{"emulator":{"name":"dataconnect"},"message":"E0725 17:57:14.042183   20540 watch.go:40] Failed to load config from \"d:\\\\Application Dev\\\\SEL Live\\\\dataconnect\": could not find dataconnect.yaml in `d:\\Application Dev\\SEL Live\\dataconnect`\n"}}
[debug] [2026-07-25T12:27:24.042Z] E0725 17:57:24.042452   20540 watch.go:40] Failed to load config from "d:\\Application Dev\\SEL Live\\dataconnect": could not find dataconnect.yaml in `d:\Application Dev\SEL Live\dataconnect`
 {"metadata":{"emulator":{"name":"dataconnect"},"message":"E0725 17:57:24.042452   20540 watch.go:40] Failed to load config from \"d:\\\\Application Dev\\\\SEL Live\\\\dataconnect\": could not find dataconnect.yaml in `d:\\Application Dev\\SEL Live\\dataconnect`\n"}}
[debug] [2026-07-25T12:27:34.042Z] E0725 17:57:34.042277   20540 watch.go:116] watchAllDir unable to walk dir `d:\Application Dev\SEL Live\dataconnect`: GetFileAttributesEx d:\Application Dev\SEL Live\dataconnect: The system cannot find the file specified.
E0725 17:57:34.042277   20540 watch.go:40] Failed to load config from "d:\\Application Dev\\SEL Live\\dataconnect": could not find dataconnect.yaml in `d:\Application Dev\SEL Live\dataconnect`
 {"metadata":{"emulator":{"name":"dataconnect"},"message":"E0725 17:57:34.042277   20540 watch.go:116] watchAllDir unable to walk dir `d:\\Application Dev\\SEL Live\\dataconnect`: GetFileAttributesEx d:\\Application Dev\\SEL Live\\dataconnect: The system cannot find the file specified.\nE0725 17:57:34.042277   20540 watch.go:40] Failed to load config from \"d:\\\\Application Dev\\\\SEL Live\\\\dataconnect\": could not find dataconnect.yaml in `d:\\Application Dev\\SEL Live\\dataconnect`\n"}}
[debug] [2026-07-25T12:27:44.043Z] E0725 17:57:44.043068   20540 watch.go:40] Failed to load config from "d:\\Application Dev\\SEL Live\\dataconnect": could not find dataconnect.yaml in `d:\Application Dev\SEL Live\dataconnect`
 {"metadata":{"emulator":{"name":"dataconnect"},"message":"E0725 17:57:44.043068   20540 watch.go:40] Failed to load config from \"d:\\\\Application Dev\\\\SEL Live\\\\dataconnect\": could not find dataconnect.yaml in `d:\\Application Dev\\SEL Live\\dataconnect`\n"}}
[debug] [2026-07-25T12:27:54.042Z] E0725 17:57:54.042245   20540 watch.go:40] Failed to load config from "d:\\Application Dev\\SEL Live\\dataconnect": could not find dataconnect.yaml in `d:\Application Dev\SEL Live\dataconnect`
 {"metadata":{"emulator":{"name":"dataconnect"},"message":"E0725 17:57:54.042245   20540 watch.go:40] Failed to load config from \"d:\\\\Application Dev\\\\SEL Live\\\\dataconnect\": could not find dataconnect.yaml in `d:\\Application Dev\\SEL Live\\dataconnect`\n"}}
[info] [Firebase Plugin] Stopping SQL Connect toolkit
[warn] !  SQL Connect Emulator has exited upon receiving signal: SIGINT 
[debug] [2026-07-25T14:48:36.711Z] [Firebase Plugin] Activating Firebase extension.
[debug] [2026-07-25T14:48:38.085Z] [Firebase Plugin] requireAuthWrapper
[debug] [2026-07-25T14:48:38.086Z] > command requires scopes: ["email","openid","https://www.googleapis.com/auth/cloudplatformprojects.readonly","https://www.googleapis.com/auth/firebase","https://www.googleapis.com/auth/cloud-platform"]
[debug] [2026-07-25T14:48:38.099Z] [Firebase Plugin] VSCode notification server listening on port 40001
[error] [Firebase Plugin] requireAuth error: Could not load the default credentials. Browse to https://cloud.google.com/docs/authentication/getting-started for more information.
[info] [Firebase Plugin] Starting SQL Connect toolkit (version 3.4.16) on port 50001
[debug] [2026-07-25T14:48:38.520Z] 'fdc build' failed with error: Unable to build your SQL Connect schema and connectors (exit code 1): E0725 20:18:38.531630   10928 cmd.go:43] Error loading data connect config: could not find dataconnect.yaml in `d:\Application Dev\SEL Live\dataconnect`
 {"metadata":{"emulator":{"name":"dataconnect"},"message":"'fdc build' failed with error: Unable to build your SQL Connect schema and connectors (exit code 1): E0725 20:18:38.531630   10928 cmd.go:43] Error loading data connect config: could not find dataconnect.yaml in `d:\\Application Dev\\SEL Live\\dataconnect`\n"}}
[debug] [2026-07-25T14:48:38.521Z] Ignoring unsupported arg: auto_download {"metadata":{"emulator":{"name":"dataconnect"},"message":"Ignoring unsupported arg: auto_download"}}
[debug] [2026-07-25T14:48:38.521Z] Ignoring unsupported arg: port {"metadata":{"emulator":{"name":"dataconnect"},"message":"Ignoring unsupported arg: port"}}
[debug] [2026-07-25T14:48:38.521Z] Starting SQL Connect Emulator with command {"binary":"C:\\Users\\Ashish\\.cache\\firebase\\emulators\\dataconnect-emulator-3.4.16.exe","args":["--logtostderr","-v=2","dev","--listen=localhost:50001","--config_dir=d:\\Application Dev\\SEL Live\\dataconnect","--enable_output_schema_extensions=true","--enable_output_generated_sdk=true"],"optionalArgs":["listen","config_dir","enable_output_schema_extensions","enable_output_generated_sdk"],"joinArgs":true,"shell":false,"port":9399} {"metadata":{"emulator":{"name":"dataconnect"},"message":"Starting SQL Connect Emulator with command {\"binary\":\"C:\\\\Users\\\\Ashish\\\\.cache\\\\firebase\\\\emulators\\\\dataconnect-emulator-3.4.16.exe\",\"args\":[\"--logtostderr\",\"-v=2\",\"dev\",\"--listen=localhost:50001\",\"--config_dir=d:\\\\Application Dev\\\\SEL Live\\\\dataconnect\",\"--enable_output_schema_extensions=true\",\"--enable_output_generated_sdk=true\"],\"optionalArgs\":[\"listen\",\"config_dir\",\"enable_output_schema_extensions\",\"enable_output_generated_sdk\"],\"joinArgs\":true,\"shell\":false,\"port\":9399}"}}
[info] i  dataconnect: SQL Connect Emulator logging to dataconnect-debug.log {"metadata":{"emulator":{"name":"dataconnect"},"message":"SQL Connect Emulator logging to \u001b[1mdataconnect-debug.log\u001b[22m"}}
[debug] [2026-07-25T14:48:38.545Z] E0725 20:18:38.558933   18856 dev.go:80] Failed to load initial config from "d:\\Application Dev\\SEL Live\\dataconnect": could not find dataconnect.yaml in `d:\Application Dev\SEL Live\dataconnect`
 {"metadata":{"emulator":{"name":"dataconnect"},"message":"E0725 20:18:38.558933   18856 dev.go:80] Failed to load initial config from \"d:\\\\Application Dev\\\\SEL Live\\\\dataconnect\": could not find dataconnect.yaml in `d:\\Application Dev\\SEL Live\\dataconnect`\n"}}
[debug] [2026-07-25T14:48:38.546Z] E0725 20:18:38.559462   18856 watch.go:116] watchAllDir unable to walk dir `d:\Application Dev\SEL Live\dataconnect`: GetFileAttributesEx d:\Application Dev\SEL Live\dataconnect: The system cannot find the file specified.
 {"metadata":{"emulator":{"name":"dataconnect"},"message":"E0725 20:18:38.559462   18856 watch.go:116] watchAllDir unable to walk dir `d:\\Application Dev\\SEL Live\\dataconnect`: GetFileAttributesEx d:\\Application Dev\\SEL Live\\dataconnect: The system cannot find the file specified.\n"}}
[debug] [2026-07-25T14:48:38.553Z] I0725 20:18:38.566890   18856 dev.go:101] Listening on address (HTTP + gRPC): 127.0.0.1:50001
 {"metadata":{"emulator":{"name":"dataconnect"},"message":"I0725 20:18:38.566890   18856 dev.go:101] Listening on address (HTTP + gRPC): 127.0.0.1:50001\n"}}
[error] [Firebase Plugin] error:  {}
[debug] [2026-07-25T14:48:48.548Z] E0725 20:18:48.560764   18856 watch.go:40] Failed to load config from "d:\\Application Dev\\SEL Live\\dataconnect": could not find dataconnect.yaml in `d:\Application Dev\SEL Live\dataconnect`
 {"metadata":{"emulator":{"name":"dataconnect"},"message":"E0725 20:18:48.560764   18856 watch.go:40] Failed to load config from \"d:\\\\Application Dev\\\\SEL Live\\\\dataconnect\": could not find dataconnect.yaml in `d:\\Application Dev\\SEL Live\\dataconnect`\n"}}
[debug] [2026-07-25T14:48:58.547Z] E0725 20:18:58.560745   18856 watch.go:40] Failed to load config from "d:\\Application Dev\\SEL Live\\dataconnect": could not find dataconnect.yaml in `d:\Application Dev\SEL Live\dataconnect`
 {"metadata":{"emulator":{"name":"dataconnect"},"message":"E0725 20:18:58.560745   18856 watch.go:40] Failed to load config from \"d:\\\\Application Dev\\\\SEL Live\\\\dataconnect\": could not find dataconnect.yaml in `d:\\Application Dev\\SEL Live\\dataconnect`\n"}}
[debug] [2026-07-25T14:49:08.546Z] E0725 20:19:08.560321   18856 watch.go:40] Failed to load config from "d:\\Application Dev\\SEL Live\\dataconnect": could not find dataconnect.yaml in `d:\Application Dev\SEL Live\dataconnect`
 {"metadata":{"emulator":{"name":"dataconnect"},"message":"E0725 20:19:08.560321   18856 watch.go:40] Failed to load config from \"d:\\\\Application Dev\\\\SEL Live\\\\dataconnect\": could not find dataconnect.yaml in `d:\\Application Dev\\SEL Live\\dataconnect`\n"}}
[debug] [2026-07-25T14:49:18.563Z] E0725 20:19:18.563571   18856 watch.go:40] Failed to load config from "d:\\Application Dev\\SEL Live\\dataconnect": could not find dataconnect.yaml in `d:\Application Dev\SEL Live\dataconnect`
 {"metadata":{"emulator":{"name":"dataconnect"},"message":"E0725 20:19:18.563571   18856 watch.go:40] Failed to load config from \"d:\\\\Application Dev\\\\SEL Live\\\\dataconnect\": could not find dataconnect.yaml in `d:\\Application Dev\\SEL Live\\dataconnect`\n"}}
[debug] [2026-07-25T14:49:28.560Z] E0725 20:19:28.560871   18856 watch.go:40] Failed to load config from "d:\\Application Dev\\SEL Live\\dataconnect": could not find dataconnect.yaml in `d:\Application Dev\SEL Live\dataconnect`
 {"metadata":{"emulator":{"name":"dataconnect"},"message":"E0725 20:19:28.560871   18856 watch.go:40] Failed to load config from \"d:\\\\Application Dev\\\\SEL Live\\\\dataconnect\": could not find dataconnect.yaml in `d:\\Application Dev\\SEL Live\\dataconnect`\n"}}
[debug] [2026-07-25T14:49:38.560Z] E0725 20:19:38.560499   18856 watch.go:116] watchAllDir unable to walk dir `d:\Application Dev\SEL Live\dataconnect`: GetFileAttributesEx d:\Application Dev\SEL Live\dataconnect: The system cannot find the file specified.
 {"metadata":{"emulator":{"name":"dataconnect"},"message":"E0725 20:19:38.560499   18856 watch.go:116] watchAllDir unable to walk dir `d:\\Application Dev\\SEL Live\\dataconnect`: GetFileAttributesEx d:\\Application Dev\\SEL Live\\dataconnect: The system cannot find the file specified.\n"}}
[debug] [2026-07-25T14:49:38.562Z] E0725 20:19:38.561098   18856 watch.go:40] Failed to load config from "d:\\Application Dev\\SEL Live\\dataconnect": could not find dataconnect.yaml in `d:\Application Dev\SEL Live\dataconnect`
 {"metadata":{"emulator":{"name":"dataconnect"},"message":"E0725 20:19:38.561098   18856 watch.go:40] Failed to load config from \"d:\\\\Application Dev\\\\SEL Live\\\\dataconnect\": could not find dataconnect.yaml in `d:\\Application Dev\\SEL Live\\dataconnect`\n"}}
[debug] [2026-07-25T14:49:48.560Z] E0725 20:19:48.560719   18856 watch.go:40] Failed to load config from "d:\\Application Dev\\SEL Live\\dataconnect": could not find dataconnect.yaml in `d:\Application Dev\SEL Live\dataconnect`
 {"metadata":{"emulator":{"name":"dataconnect"},"message":"E0725 20:19:48.560719   18856 watch.go:40] Failed to load config from \"d:\\\\Application Dev\\\\SEL Live\\\\dataconnect\": could not find dataconnect.yaml in `d:\\Application Dev\\SEL Live\\dataconnect`\n"}}
[debug] [2026-07-25T14:49:58.560Z] E0725 20:19:58.560694   18856 watch.go:40] Failed to load config from "d:\\Application Dev\\SEL Live\\dataconnect": could not find dataconnect.yaml in `d:\Application Dev\SEL Live\dataconnect`
 {"metadata":{"emulator":{"name":"dataconnect"},"message":"E0725 20:19:58.560694   18856 watch.go:40] Failed to load config from \"d:\\\\Application Dev\\\\SEL Live\\\\dataconnect\": could not find dataconnect.yaml in `d:\\Application Dev\\SEL Live\\dataconnect`\n"}}
[debug] [2026-07-25T14:50:08.561Z] E0725 20:20:08.560779   18856 watch.go:40] Failed to load config from "d:\\Application Dev\\SEL Live\\dataconnect": could not find dataconnect.yaml in `d:\Application Dev\SEL Live\dataconnect`
 {"metadata":{"emulator":{"name":"dataconnect"},"message":"E0725 20:20:08.560779   18856 watch.go:40] Failed to load config from \"d:\\\\Application Dev\\\\SEL Live\\\\dataconnect\": could not find dataconnect.yaml in `d:\\Application Dev\\SEL Live\\dataconnect`\n"}}
[debug] [2026-07-25T14:50:18.561Z] E0725 20:20:18.561116   18856 watch.go:40] Failed to load config from "d:\\Application Dev\\SEL Live\\dataconnect": could not find dataconnect.yaml in `d:\Application Dev\SEL Live\dataconnect`
 {"metadata":{"emulator":{"name":"dataconnect"},"message":"E0725 20:20:18.561116   18856 watch.go:40] Failed to load config from \"d:\\\\Application Dev\\\\SEL Live\\\\dataconnect\": could not find dataconnect.yaml in `d:\\Application Dev\\SEL Live\\dataconnect`\n"}}
[debug] [2026-07-25T14:50:28.561Z] E0725 20:20:28.560830   18856 watch.go:40] Failed to load config from "d:\\Application Dev\\SEL Live\\dataconnect": could not find dataconnect.yaml in `d:\Application Dev\SEL Live\dataconnect`
 {"metadata":{"emulator":{"name":"dataconnect"},"message":"E0725 20:20:28.560830   18856 watch.go:40] Failed to load config from \"d:\\\\Application Dev\\\\SEL Live\\\\dataconnect\": could not find dataconnect.yaml in `d:\\Application Dev\\SEL Live\\dataconnect`\n"}}
[debug] [2026-07-25T14:50:38.560Z] E0725 20:20:38.560178   18856 watch.go:116] watchAllDir unable to walk dir `d:\Application Dev\SEL Live\dataconnect`: GetFileAttributesEx d:\Application Dev\SEL Live\dataconnect: The system cannot find the file specified.
E0725 20:20:38.560178   18856 watch.go:40] Failed to load config from "d:\\Application Dev\\SEL Live\\dataconnect": could not find dataconnect.yaml in `d:\Application Dev\SEL Live\dataconnect`
 {"metadata":{"emulator":{"name":"dataconnect"},"message":"E0725 20:20:38.560178   18856 watch.go:116] watchAllDir unable to walk dir `d:\\Application Dev\\SEL Live\\dataconnect`: GetFileAttributesEx d:\\Application Dev\\SEL Live\\dataconnect: The system cannot find the file specified.\nE0725 20:20:38.560178   18856 watch.go:40] Failed to load config from \"d:\\\\Application Dev\\\\SEL Live\\\\dataconnect\": could not find dataconnect.yaml in `d:\\Application Dev\\SEL Live\\dataconnect`\n"}}
[debug] [2026-07-25T14:50:48.565Z] E0725 20:20:48.564677   18856 watch.go:40] Failed to load config from "d:\\Application Dev\\SEL Live\\dataconnect": could not find dataconnect.yaml in `d:\Application Dev\SEL Live\dataconnect`
 {"metadata":{"emulator":{"name":"dataconnect"},"message":"E0725 20:20:48.564677   18856 watch.go:40] Failed to load config from \"d:\\\\Application Dev\\\\SEL Live\\\\dataconnect\": could not find dataconnect.yaml in `d:\\Application Dev\\SEL Live\\dataconnect`\n"}}
[debug] [2026-07-25T14:50:58.561Z] E0725 20:20:58.560812   18856 watch.go:40] Failed to load config from "d:\\Application Dev\\SEL Live\\dataconnect": could not find dataconnect.yaml in `d:\Application Dev\SEL Live\dataconnect`
 {"metadata":{"emulator":{"name":"dataconnect"},"message":"E0725 20:20:58.560812   18856 watch.go:40] Failed to load config from \"d:\\\\Application Dev\\\\SEL Live\\\\dataconnect\": could not find dataconnect.yaml in `d:\\Application Dev\\SEL Live\\dataconnect`\n"}}
[debug] [2026-07-25T14:51:08.561Z] E0725 20:21:08.560862   18856 watch.go:40] Failed to load config from "d:\\Application Dev\\SEL Live\\dataconnect": could not find dataconnect.yaml in `d:\Application Dev\SEL Live\dataconnect`
 {"metadata":{"emulator":{"name":"dataconnect"},"message":"E0725 20:21:08.560862   18856 watch.go:40] Failed to load config from \"d:\\\\Application Dev\\\\SEL Live\\\\dataconnect\": could not find dataconnect.yaml in `d:\\Application Dev\\SEL Live\\dataconnect`\n"}}
[debug] [2026-07-25T14:51:18.560Z] E0725 20:21:18.560642   18856 watch.go:40] Failed to load config from "d:\\Application Dev\\SEL Live\\dataconnect": could not find dataconnect.yaml in `d:\Application Dev\SEL Live\dataconnect`
 {"metadata":{"emulator":{"name":"dataconnect"},"message":"E0725 20:21:18.560642   18856 watch.go:40] Failed to load config from \"d:\\\\Application Dev\\\\SEL Live\\\\dataconnect\": could not find dataconnect.yaml in `d:\\Application Dev\\SEL Live\\dataconnect`\n"}}
[debug] [2026-07-25T14:51:28.560Z] E0725 20:21:28.561171   18856 watch.go:40] Failed to load config from "d:\\Application Dev\\SEL Live\\dataconnect": could not find dataconnect.yaml in `d:\Application Dev\SEL Live\dataconnect`
 {"metadata":{"emulator":{"name":"dataconnect"},"message":"E0725 20:21:28.561171   18856 watch.go:40] Failed to load config from \"d:\\\\Application Dev\\\\SEL Live\\\\dataconnect\": could not find dataconnect.yaml in `d:\\Application Dev\\SEL Live\\dataconnect`\n"}}
[debug] [2026-07-25T14:51:38.560Z] E0725 20:21:38.561055   18856 watch.go:116] watchAllDir unable to walk dir `d:\Application Dev\SEL Live\dataconnect`: GetFileAttributesEx d:\Application Dev\SEL Live\dataconnect: The system cannot find the file specified.
E0725 20:21:38.561055   18856 watch.go:40] Failed to load config from "d:\\Application Dev\\SEL Live\\dataconnect": could not find dataconnect.yaml in `d:\Application Dev\SEL Live\dataconnect`
 {"metadata":{"emulator":{"name":"dataconnect"},"message":"E0725 20:21:38.561055   18856 watch.go:116] watchAllDir unable to walk dir `d:\\Application Dev\\SEL Live\\dataconnect`: GetFileAttributesEx d:\\Application Dev\\SEL Live\\dataconnect: The system cannot find the file specified.\nE0725 20:21:38.561055   18856 watch.go:40] Failed to load config from \"d:\\\\Application Dev\\\\SEL Live\\\\dataconnect\": could not find dataconnect.yaml in `d:\\Application Dev\\SEL Live\\dataconnect`\n"}}
[debug] [2026-07-25T14:51:48.560Z] E0725 20:21:48.560755   18856 watch.go:40] Failed to load config from "d:\\Application Dev\\SEL Live\\dataconnect": could not find dataconnect.yaml in `d:\Application Dev\SEL Live\dataconnect`
 {"metadata":{"emulator":{"name":"dataconnect"},"message":"E0725 20:21:48.560755   18856 watch.go:40] Failed to load config from \"d:\\\\Application Dev\\\\SEL Live\\\\dataconnect\": could not find dataconnect.yaml in `d:\\Application Dev\\SEL Live\\dataconnect`\n"}}
[debug] [2026-07-25T14:51:58.560Z] E0725 20:21:58.560891   18856 watch.go:40] Failed to load config from "d:\\Application Dev\\SEL Live\\dataconnect": could not find dataconnect.yaml in `d:\Application Dev\SEL Live\dataconnect`
 {"metadata":{"emulator":{"name":"dataconnect"},"message":"E0725 20:21:58.560891   18856 watch.go:40] Failed to load config from \"d:\\\\Application Dev\\\\SEL Live\\\\dataconnect\": could not find dataconnect.yaml in `d:\\Application Dev\\SEL Live\\dataconnect`\n"}}
[debug] [2026-07-25T14:52:08.560Z] E0725 20:22:08.561042   18856 watch.go:40] Failed to load config from "d:\\Application Dev\\SEL Live\\dataconnect": could not find dataconnect.yaml in `d:\Application Dev\SEL Live\dataconnect`
 {"metadata":{"emulator":{"name":"dataconnect"},"message":"E0725 20:22:08.561042   18856 watch.go:40] Failed to load config from \"d:\\\\Application Dev\\\\SEL Live\\\\dataconnect\": could not find dataconnect.yaml in `d:\\Application Dev\\SEL Live\\dataconnect`\n"}}
[debug] [2026-07-25T14:52:18.561Z] E0725 20:22:18.560920   18856 watch.go:40] Failed to load config from "d:\\Application Dev\\SEL Live\\dataconnect": could not find dataconnect.yaml in `d:\Application Dev\SEL Live\dataconnect`
 {"metadata":{"emulator":{"name":"dataconnect"},"message":"E0725 20:22:18.560920   18856 watch.go:40] Failed to load config from \"d:\\\\Application Dev\\\\SEL Live\\\\dataconnect\": could not find dataconnect.yaml in `d:\\Application Dev\\SEL Live\\dataconnect`\n"}}
[debug] [2026-07-25T14:52:28.560Z] E0725 20:22:28.560503   18856 watch.go:40] Failed to load config from "d:\\Application Dev\\SEL Live\\dataconnect": could not find dataconnect.yaml in `d:\Application Dev\SEL Live\dataconnect`
 {"metadata":{"emulator":{"name":"dataconnect"},"message":"E0725 20:22:28.560503   18856 watch.go:40] Failed to load config from \"d:\\\\Application Dev\\\\SEL Live\\\\dataconnect\": could not find dataconnect.yaml in `d:\\Application Dev\\SEL Live\\dataconnect`\n"}}
[debug] [2026-07-25T14:52:38.561Z] E0725 20:22:38.561043   18856 watch.go:116] watchAllDir unable to walk dir `d:\Application Dev\SEL Live\dataconnect`: GetFileAttributesEx d:\Application Dev\SEL Live\dataconnect: The system cannot find the file specified.
E0725 20:22:38.561395   18856 watch.go:40] Failed to load config from "d:\\Application Dev\\SEL Live\\dataconnect": could not find dataconnect.yaml in `d:\Application Dev\SEL Live\dataconnect`
 {"metadata":{"emulator":{"name":"dataconnect"},"message":"E0725 20:22:38.561043   18856 watch.go:116] watchAllDir unable to walk dir `d:\\Application Dev\\SEL Live\\dataconnect`: GetFileAttributesEx d:\\Application Dev\\SEL Live\\dataconnect: The system cannot find the file specified.\nE0725 20:22:38.561395   18856 watch.go:40] Failed to load config from \"d:\\\\Application Dev\\\\SEL Live\\\\dataconnect\": could not find dataconnect.yaml in `d:\\Application Dev\\SEL Live\\dataconnect`\n"}}
[debug] [2026-07-25T14:52:48.561Z] E0725 20:22:48.561195   18856 watch.go:40] Failed to load config from "d:\\Application Dev\\SEL Live\\dataconnect": could not find dataconnect.yaml in `d:\Application Dev\SEL Live\dataconnect`
 {"metadata":{"emulator":{"name":"dataconnect"},"message":"E0725 20:22:48.561195   18856 watch.go:40] Failed to load config from \"d:\\\\Application Dev\\\\SEL Live\\\\dataconnect\": could not find dataconnect.yaml in `d:\\Application Dev\\SEL Live\\dataconnect`\n"}}
[debug] [2026-07-25T14:52:58.562Z] E0725 20:22:58.561373   18856 watch.go:40] Failed to load config from "d:\\Application Dev\\SEL Live\\dataconnect": could not find dataconnect.yaml in `d:\Application Dev\SEL Live\dataconnect`
 {"metadata":{"emulator":{"name":"dataconnect"},"message":"E0725 20:22:58.561373   18856 watch.go:40] Failed to load config from \"d:\\\\Application Dev\\\\SEL Live\\\\dataconnect\": could not find dataconnect.yaml in `d:\\Application Dev\\SEL Live\\dataconnect`\n"}}
[debug] [2026-07-25T14:53:08.561Z] E0725 20:23:08.560882   18856 watch.go:40] Failed to load config from "d:\\Application Dev\\SEL Live\\dataconnect": could not find dataconnect.yaml in `d:\Application Dev\SEL Live\dataconnect`
 {"metadata":{"emulator":{"name":"dataconnect"},"message":"E0725 20:23:08.560882   18856 watch.go:40] Failed to load config from \"d:\\\\Application Dev\\\\SEL Live\\\\dataconnect\": could not find dataconnect.yaml in `d:\\Application Dev\\SEL Live\\dataconnect`\n"}}
[debug] [2026-07-25T14:53:18.561Z] E0725 20:23:18.560304   18856 watch.go:40] Failed to load config from "d:\\Application Dev\\SEL Live\\dataconnect": could not find dataconnect.yaml in `d:\Application Dev\SEL Live\dataconnect`
 {"metadata":{"emulator":{"name":"dataconnect"},"message":"E0725 20:23:18.560304   18856 watch.go:40] Failed to load config from \"d:\\\\Application Dev\\\\SEL Live\\\\dataconnect\": could not find dataconnect.yaml in `d:\\Application Dev\\SEL Live\\dataconnect`\n"}}
[debug] [2026-07-25T14:53:28.560Z] E0725 20:23:28.560451   18856 watch.go:40] Failed to load config from "d:\\Application Dev\\SEL Live\\dataconnect": could not find dataconnect.yaml in `d:\Application Dev\SEL Live\dataconnect`
 {"metadata":{"emulator":{"name":"dataconnect"},"message":"E0725 20:23:28.560451   18856 watch.go:40] Failed to load config from \"d:\\\\Application Dev\\\\SEL Live\\\\dataconnect\": could not find dataconnect.yaml in `d:\\Application Dev\\SEL Live\\dataconnect`\n"}}
[debug] [2026-07-25T14:53:38.560Z] E0725 20:23:38.560078   18856 watch.go:116] watchAllDir unable to walk dir `d:\Application Dev\SEL Live\dataconnect`: GetFileAttributesEx d:\Application Dev\SEL Live\dataconnect: The system cannot find the file specified.
E0725 20:23:38.560078   18856 watch.go:40] Failed to load config from "d:\\Application Dev\\SEL Live\\dataconnect": could not find dataconnect.yaml in `d:\Application Dev\SEL Live\dataconnect`
 {"metadata":{"emulator":{"name":"dataconnect"},"message":"E0725 20:23:38.560078   18856 watch.go:116] watchAllDir unable to walk dir `d:\\Application Dev\\SEL Live\\dataconnect`: GetFileAttributesEx d:\\Application Dev\\SEL Live\\dataconnect: The system cannot find the file specified.\nE0725 20:23:38.560078   18856 watch.go:40] Failed to load config from \"d:\\\\Application Dev\\\\SEL Live\\\\dataconnect\": could not find dataconnect.yaml in `d:\\Application Dev\\SEL Live\\dataconnect`\n"}}
[debug] [2026-07-25T14:53:48.560Z] E0725 20:23:48.560441   18856 watch.go:40] Failed to load config from "d:\\Application Dev\\SEL Live\\dataconnect": could not find dataconnect.yaml in `d:\Application Dev\SEL Live\dataconnect`
 {"metadata":{"emulator":{"name":"dataconnect"},"message":"E0725 20:23:48.560441   18856 watch.go:40] Failed to load config from \"d:\\\\Application Dev\\\\SEL Live\\\\dataconnect\": could not find dataconnect.yaml in `d:\\Application Dev\\SEL Live\\dataconnect`\n"}}
[debug] [2026-07-25T14:53:58.560Z] E0725 20:23:58.560487   18856 watch.go:40] Failed to load config from "d:\\Application Dev\\SEL Live\\dataconnect": could not find dataconnect.yaml in `d:\Application Dev\SEL Live\dataconnect`
 {"metadata":{"emulator":{"name":"dataconnect"},"message":"E0725 20:23:58.560487   18856 watch.go:40] Failed to load config from \"d:\\\\Application Dev\\\\SEL Live\\\\dataconnect\": could not find dataconnect.yaml in `d:\\Application Dev\\SEL Live\\dataconnect`\n"}}
[debug] [2026-07-25T14:54:08.560Z] E0725 20:24:08.560401   18856 watch.go:40] Failed to load config from "d:\\Application Dev\\SEL Live\\dataconnect": could not find dataconnect.yaml in `d:\Application Dev\SEL Live\dataconnect`
 {"metadata":{"emulator":{"name":"dataconnect"},"message":"E0725 20:24:08.560401   18856 watch.go:40] Failed to load config from \"d:\\\\Application Dev\\\\SEL Live\\\\dataconnect\": could not find dataconnect.yaml in `d:\\Application Dev\\SEL Live\\dataconnect`\n"}}
[debug] [2026-07-25T14:54:18.560Z] E0725 20:24:18.560182   18856 watch.go:40] Failed to load config from "d:\\Application Dev\\SEL Live\\dataconnect": could not find dataconnect.yaml in `d:\Application Dev\SEL Live\dataconnect`
 {"metadata":{"emulator":{"name":"dataconnect"},"message":"E0725 20:24:18.560182   18856 watch.go:40] Failed to load config from \"d:\\\\Application Dev\\\\SEL Live\\\\dataconnect\": could not find dataconnect.yaml in `d:\\Application Dev\\SEL Live\\dataconnect`\n"}}
[debug] [2026-07-25T14:54:28.559Z] E0725 20:24:28.560123   18856 watch.go:40] Failed to load config from "d:\\Application Dev\\SEL Live\\dataconnect": could not find dataconnect.yaml in `d:\Application Dev\SEL Live\dataconnect`
 {"metadata":{"emulator":{"name":"dataconnect"},"message":"E0725 20:24:28.560123   18856 watch.go:40] Failed to load config from \"d:\\\\Application Dev\\\\SEL Live\\\\dataconnect\": could not find dataconnect.yaml in `d:\\Application Dev\\SEL Live\\dataconnect`\n"}}
[debug] [2026-07-25T14:54:38.559Z] E0725 20:24:38.560210   18856 watch.go:116] watchAllDir unable to walk dir `d:\Application Dev\SEL Live\dataconnect`: GetFileAttributesEx d:\Application Dev\SEL Live\dataconnect: The system cannot find the file specified.
E0725 20:24:38.560210   18856 watch.go:40] Failed to load config from "d:\\Application Dev\\SEL Live\\dataconnect": could not find dataconnect.yaml in `d:\Application Dev\SEL Live\dataconnect`
 {"metadata":{"emulator":{"name":"dataconnect"},"message":"E0725 20:24:38.560210   18856 watch.go:116] watchAllDir unable to walk dir `d:\\Application Dev\\SEL Live\\dataconnect`: GetFileAttributesEx d:\\Application Dev\\SEL Live\\dataconnect: The system cannot find the file specified.\nE0725 20:24:38.560210   18856 watch.go:40] Failed to load config from \"d:\\\\Application Dev\\\\SEL Live\\\\dataconnect\": could not find dataconnect.yaml in `d:\\Application Dev\\SEL Live\\dataconnect`\n"}}
[debug] [2026-07-25T14:54:48.560Z] E0725 20:24:48.560535   18856 watch.go:40] Failed to load config from "d:\\Application Dev\\SEL Live\\dataconnect": could not find dataconnect.yaml in `d:\Application Dev\SEL Live\dataconnect`
 {"metadata":{"emulator":{"name":"dataconnect"},"message":"E0725 20:24:48.560535   18856 watch.go:40] Failed to load config from \"d:\\\\Application Dev\\\\SEL Live\\\\dataconnect\": could not find dataconnect.yaml in `d:\\Application Dev\\SEL Live\\dataconnect`\n"}}
[debug] [2026-07-25T14:54:58.559Z] E0725 20:24:58.560211   18856 watch.go:40] Failed to load config from "d:\\Application Dev\\SEL Live\\dataconnect": could not find dataconnect.yaml in `d:\Application Dev\SEL Live\dataconnect`
 {"metadata":{"emulator":{"name":"dataconnect"},"message":"E0725 20:24:58.560211   18856 watch.go:40] Failed to load config from \"d:\\\\Application Dev\\\\SEL Live\\\\dataconnect\": could not find dataconnect.yaml in `d:\\Application Dev\\SEL Live\\dataconnect`\n"}}
[debug] [2026-07-25T14:55:08.560Z] E0725 20:25:08.560495   18856 watch.go:40] Failed to load config from "d:\\Application Dev\\SEL Live\\dataconnect": could not find dataconnect.yaml in `d:\Application Dev\SEL Live\dataconnect`
 {"metadata":{"emulator":{"name":"dataconnect"},"message":"E0725 20:25:08.560495   18856 watch.go:40] Failed to load config from \"d:\\\\Application Dev\\\\SEL Live\\\\dataconnect\": could not find dataconnect.yaml in `d:\\Application Dev\\SEL Live\\dataconnect`\n"}}
[debug] [2026-07-25T14:55:18.560Z] E0725 20:25:18.560699   18856 watch.go:40] Failed to load config from "d:\\Application Dev\\SEL Live\\dataconnect": could not find dataconnect.yaml in `d:\Application Dev\SEL Live\dataconnect`
 {"metadata":{"emulator":{"name":"dataconnect"},"message":"E0725 20:25:18.560699   18856 watch.go:40] Failed to load config from \"d:\\\\Application Dev\\\\SEL Live\\\\dataconnect\": could not find dataconnect.yaml in `d:\\Application Dev\\SEL Live\\dataconnect`\n"}}
[debug] [2026-07-25T14:55:28.560Z] E0725 20:25:28.560057   18856 watch.go:40] Failed to load config from "d:\\Application Dev\\SEL Live\\dataconnect": could not find dataconnect.yaml in `d:\Application Dev\SEL Live\dataconnect`
 {"metadata":{"emulator":{"name":"dataconnect"},"message":"E0725 20:25:28.560057   18856 watch.go:40] Failed to load config from \"d:\\\\Application Dev\\\\SEL Live\\\\dataconnect\": could not find dataconnect.yaml in `d:\\Application Dev\\SEL Live\\dataconnect`\n"}}
[debug] [2026-07-25T14:55:38.561Z] E0725 20:25:38.560881   18856 watch.go:116] watchAllDir unable to walk dir `d:\Application Dev\SEL Live\dataconnect`: GetFileAttributesEx d:\Application Dev\SEL Live\dataconnect: The system cannot find the file specified.
E0725 20:25:38.560881   18856 watch.go:40] Failed to load config from "d:\\Application Dev\\SEL Live\\dataconnect": could not find dataconnect.yaml in `d:\Application Dev\SEL Live\dataconnect`
 {"metadata":{"emulator":{"name":"dataconnect"},"message":"E0725 20:25:38.560881   18856 watch.go:116] watchAllDir unable to walk dir `d:\\Application Dev\\SEL Live\\dataconnect`: GetFileAttributesEx d:\\Application Dev\\SEL Live\\dataconnect: The system cannot find the file specified.\nE0725 20:25:38.560881   18856 watch.go:40] Failed to load config from \"d:\\\\Application Dev\\\\SEL Live\\\\dataconnect\": could not find dataconnect.yaml in `d:\\Application Dev\\SEL Live\\dataconnect`\n"}}
[debug] [2026-07-25T14:55:48.560Z] E0725 20:25:48.560512   18856 watch.go:40] Failed to load config from "d:\\Application Dev\\SEL Live\\dataconnect": could not find dataconnect.yaml in `d:\Application Dev\SEL Live\dataconnect`
 {"metadata":{"emulator":{"name":"dataconnect"},"message":"E0725 20:25:48.560512   18856 watch.go:40] Failed to load config from \"d:\\\\Application Dev\\\\SEL Live\\\\dataconnect\": could not find dataconnect.yaml in `d:\\Application Dev\\SEL Live\\dataconnect`\n"}}
[debug] [2026-07-25T14:55:58.561Z] E0725 20:25:58.560679   18856 watch.go:40] Failed to load config from "d:\\Application Dev\\SEL Live\\dataconnect": could not find dataconnect.yaml in `d:\Application Dev\SEL Live\dataconnect`
 {"metadata":{"emulator":{"name":"dataconnect"},"message":"E0725 20:25:58.560679   18856 watch.go:40] Failed to load config from \"d:\\\\Application Dev\\\\SEL Live\\\\dataconnect\": could not find dataconnect.yaml in `d:\\Application Dev\\SEL Live\\dataconnect`\n"}}
[debug] [2026-07-25T14:56:08.561Z] E0725 20:26:08.561218   18856 watch.go:40] Failed to load config from "d:\\Application Dev\\SEL Live\\dataconnect": could not find dataconnect.yaml in `d:\Application Dev\SEL Live\dataconnect`
 {"metadata":{"emulator":{"name":"dataconnect"},"message":"E0725 20:26:08.561218   18856 watch.go:40] Failed to load config from \"d:\\\\Application Dev\\\\SEL Live\\\\dataconnect\": could not find dataconnect.yaml in `d:\\Application Dev\\SEL Live\\dataconnect`\n"}}
[debug] [2026-07-25T14:56:18.560Z] E0725 20:26:18.560142   18856 watch.go:40] Failed to load config from "d:\\Application Dev\\SEL Live\\dataconnect": could not find dataconnect.yaml in `d:\Application Dev\SEL Live\dataconnect`
 {"metadata":{"emulator":{"name":"dataconnect"},"message":"E0725 20:26:18.560142   18856 watch.go:40] Failed to load config from \"d:\\\\Application Dev\\\\SEL Live\\\\dataconnect\": could not find dataconnect.yaml in `d:\\Application Dev\\SEL Live\\dataconnect`\n"}}
[debug] [2026-07-25T14:56:28.558Z] E0725 20:26:28.560977   18856 watch.go:40] Failed to load config from "d:\\Application Dev\\SEL Live\\dataconnect": could not find dataconnect.yaml in `d:\Application Dev\SEL Live\dataconnect`
 {"metadata":{"emulator":{"name":"dataconnect"},"message":"E0725 20:26:28.560977   18856 watch.go:40] Failed to load config from \"d:\\\\Application Dev\\\\SEL Live\\\\dataconnect\": could not find dataconnect.yaml in `d:\\Application Dev\\SEL Live\\dataconnect`\n"}}
[debug] [2026-07-25T14:56:38.558Z] E0725 20:26:38.560831   18856 watch.go:116] watchAllDir unable to walk dir `d:\Application Dev\SEL Live\dataconnect`: GetFileAttributesEx d:\Application Dev\SEL Live\dataconnect: The system cannot find the file specified.
E0725 20:26:38.560831   18856 watch.go:40] Failed to load config from "d:\\Application Dev\\SEL Live\\dataconnect": could not find dataconnect.yaml in `d:\Application Dev\SEL Live\dataconnect`
 {"metadata":{"emulator":{"name":"dataconnect"},"message":"E0725 20:26:38.560831   18856 watch.go:116] watchAllDir unable to walk dir `d:\\Application Dev\\SEL Live\\dataconnect`: GetFileAttributesEx d:\\Application Dev\\SEL Live\\dataconnect: The system cannot find the file specified.\nE0725 20:26:38.560831   18856 watch.go:40] Failed to load config from \"d:\\\\Application Dev\\\\SEL Live\\\\dataconnect\": could not find dataconnect.yaml in `d:\\Application Dev\\SEL Live\\dataconnect`\n"}}
[debug] [2026-07-25T14:56:48.557Z] E0725 20:26:48.560356   18856 watch.go:40] Failed to load config from "d:\\Application Dev\\SEL Live\\dataconnect": could not find dataconnect.yaml in `d:\Application Dev\SEL Live\dataconnect`
 {"metadata":{"emulator":{"name":"dataconnect"},"message":"E0725 20:26:48.560356   18856 watch.go:40] Failed to load config from \"d:\\\\Application Dev\\\\SEL Live\\\\dataconnect\": could not find dataconnect.yaml in `d:\\Application Dev\\SEL Live\\dataconnect`\n"}}
[debug] [2026-07-25T14:56:58.558Z] E0725 20:26:58.560546   18856 watch.go:40] Failed to load config from "d:\\Application Dev\\SEL Live\\dataconnect": could not find dataconnect.yaml in `d:\Application Dev\SEL Live\dataconnect`
 {"metadata":{"emulator":{"name":"dataconnect"},"message":"E0725 20:26:58.560546   18856 watch.go:40] Failed to load config from \"d:\\\\Application Dev\\\\SEL Live\\\\dataconnect\": could not find dataconnect.yaml in `d:\\Application Dev\\SEL Live\\dataconnect`\n"}}
[debug] [2026-07-25T14:57:08.559Z] E0725 20:27:08.562235   18856 watch.go:40] Failed to load config from "d:\\Application Dev\\SEL Live\\dataconnect": could not find dataconnect.yaml in `d:\Application Dev\SEL Live\dataconnect`
 {"metadata":{"emulator":{"name":"dataconnect"},"message":"E0725 20:27:08.562235   18856 watch.go:40] Failed to load config from \"d:\\\\Application Dev\\\\SEL Live\\\\dataconnect\": could not find dataconnect.yaml in `d:\\Application Dev\\SEL Live\\dataconnect`\n"}}
[debug] [2026-07-25T14:57:18.558Z] E0725 20:27:18.560824   18856 watch.go:40] Failed to load config from "d:\\Application Dev\\SEL Live\\dataconnect": could not find dataconnect.yaml in `d:\Application Dev\SEL Live\dataconnect`
 {"metadata":{"emulator":{"name":"dataconnect"},"message":"E0725 20:27:18.560824   18856 watch.go:40] Failed to load config from \"d:\\\\Application Dev\\\\SEL Live\\\\dataconnect\": could not find dataconnect.yaml in `d:\\Application Dev\\SEL Live\\dataconnect`\n"}}
[debug] [2026-07-25T14:57:28.561Z] E0725 20:27:28.560297   18856 watch.go:40] Failed to load config from "d:\\Application Dev\\SEL Live\\dataconnect": could not find dataconnect.yaml in `d:\Application Dev\SEL Live\dataconnect`
 {"metadata":{"emulator":{"name":"dataconnect"},"message":"E0725 20:27:28.560297   18856 watch.go:40] Failed to load config from \"d:\\\\Application Dev\\\\SEL Live\\\\dataconnect\": could not find dataconnect.yaml in `d:\\Application Dev\\SEL Live\\dataconnect`\n"}}
[debug] [2026-07-25T14:57:38.560Z] E0725 20:27:38.560366   18856 watch.go:40] Failed to load config from "d:\\Application Dev\\SEL Live\\dataconnect": could not find dataconnect.yaml in `d:\Application Dev\SEL Live\dataconnect`
E0725 20:27:38.560366   18856 watch.go:116] watchAllDir unable to walk dir `d:\Application Dev\SEL Live\dataconnect`: GetFileAttributesEx d:\Application Dev\SEL Live\dataconnect: The system cannot find the file specified.
 {"metadata":{"emulator":{"name":"dataconnect"},"message":"E0725 20:27:38.560366   18856 watch.go:40] Failed to load config from \"d:\\\\Application Dev\\\\SEL Live\\\\dataconnect\": could not find dataconnect.yaml in `d:\\Application Dev\\SEL Live\\dataconnect`\nE0725 20:27:38.560366   18856 watch.go:116] watchAllDir unable to walk dir `d:\\Application Dev\\SEL Live\\dataconnect`: GetFileAttributesEx d:\\Application Dev\\SEL Live\\dataconnect: The system cannot find the file specified.\n"}}
[debug] [2026-07-25T14:57:48.560Z] E0725 20:27:48.560655   18856 watch.go:40] Failed to load config from "d:\\Application Dev\\SEL Live\\dataconnect": could not find dataconnect.yaml in `d:\Application Dev\SEL Live\dataconnect`
 {"metadata":{"emulator":{"name":"dataconnect"},"message":"E0725 20:27:48.560655   18856 watch.go:40] Failed to load config from \"d:\\\\Application Dev\\\\SEL Live\\\\dataconnect\": could not find dataconnect.yaml in `d:\\Application Dev\\SEL Live\\dataconnect`\n"}}
[debug] [2026-07-25T14:57:58.560Z] E0725 20:27:58.560241   18856 watch.go:40] Failed to load config from "d:\\Application Dev\\SEL Live\\dataconnect": could not find dataconnect.yaml in `d:\Application Dev\SEL Live\dataconnect`
 {"metadata":{"emulator":{"name":"dataconnect"},"message":"E0725 20:27:58.560241   18856 watch.go:40] Failed to load config from \"d:\\\\Application Dev\\\\SEL Live\\\\dataconnect\": could not find dataconnect.yaml in `d:\\Application Dev\\SEL Live\\dataconnect`\n"}}
[debug] [2026-07-25T14:58:08.560Z] E0725 20:28:08.560255   18856 watch.go:40] Failed to load config from "d:\\Application Dev\\SEL Live\\dataconnect": could not find dataconnect.yaml in `d:\Application Dev\SEL Live\dataconnect`
 {"metadata":{"emulator":{"name":"dataconnect"},"message":"E0725 20:28:08.560255   18856 watch.go:40] Failed to load config from \"d:\\\\Application Dev\\\\SEL Live\\\\dataconnect\": could not find dataconnect.yaml in `d:\\Application Dev\\SEL Live\\dataconnect`\n"}}
[debug] [2026-07-25T14:58:18.560Z] E0725 20:28:18.560236   18856 watch.go:40] Failed to load config from "d:\\Application Dev\\SEL Live\\dataconnect": could not find dataconnect.yaml in `d:\Application Dev\SEL Live\dataconnect`
 {"metadata":{"emulator":{"name":"dataconnect"},"message":"E0725 20:28:18.560236   18856 watch.go:40] Failed to load config from \"d:\\\\Application Dev\\\\SEL Live\\\\dataconnect\": could not find dataconnect.yaml in `d:\\Application Dev\\SEL Live\\dataconnect`\n"}}
[debug] [2026-07-25T14:58:28.560Z] E0725 20:28:28.560471   18856 watch.go:40] Failed to load config from "d:\\Application Dev\\SEL Live\\dataconnect": could not find dataconnect.yaml in `d:\Application Dev\SEL Live\dataconnect`
 {"metadata":{"emulator":{"name":"dataconnect"},"message":"E0725 20:28:28.560471   18856 watch.go:40] Failed to load config from \"d:\\\\Application Dev\\\\SEL Live\\\\dataconnect\": could not find dataconnect.yaml in `d:\\Application Dev\\SEL Live\\dataconnect`\n"}}
[debug] [2026-07-25T14:58:38.559Z] E0725 20:28:38.560188   18856 watch.go:116] watchAllDir unable to walk dir `d:\Application Dev\SEL Live\dataconnect`: GetFileAttributesEx d:\Application Dev\SEL Live\dataconnect: The system cannot find the file specified.
E0725 20:28:38.560188   18856 watch.go:40] Failed to load config from "d:\\Application Dev\\SEL Live\\dataconnect": could not find dataconnect.yaml in `d:\Application Dev\SEL Live\dataconnect`
 {"metadata":{"emulator":{"name":"dataconnect"},"message":"E0725 20:28:38.560188   18856 watch.go:116] watchAllDir unable to walk dir `d:\\Application Dev\\SEL Live\\dataconnect`: GetFileAttributesEx d:\\Application Dev\\SEL Live\\dataconnect: The system cannot find the file specified.\nE0725 20:28:38.560188   18856 watch.go:40] Failed to load config from \"d:\\\\Application Dev\\\\SEL Live\\\\dataconnect\": could not find dataconnect.yaml in `d:\\Application Dev\\SEL Live\\dataconnect`\n"}}
[debug] [2026-07-25T14:58:48.560Z] E0725 20:28:48.560201   18856 watch.go:40] Failed to load config from "d:\\Application Dev\\SEL Live\\dataconnect": could not find dataconnect.yaml in `d:\Application Dev\SEL Live\dataconnect`
 {"metadata":{"emulator":{"name":"dataconnect"},"message":"E0725 20:28:48.560201   18856 watch.go:40] Failed to load config from \"d:\\\\Application Dev\\\\SEL Live\\\\dataconnect\": could not find dataconnect.yaml in `d:\\Application Dev\\SEL Live\\dataconnect`\n"}}
[debug] [2026-07-25T14:58:58.560Z] E0725 20:28:58.560510   18856 watch.go:40] Failed to load config from "d:\\Application Dev\\SEL Live\\dataconnect": could not find dataconnect.yaml in `d:\Application Dev\SEL Live\dataconnect`
 {"metadata":{"emulator":{"name":"dataconnect"},"message":"E0725 20:28:58.560510   18856 watch.go:40] Failed to load config from \"d:\\\\Application Dev\\\\SEL Live\\\\dataconnect\": could not find dataconnect.yaml in `d:\\Application Dev\\SEL Live\\dataconnect`\n"}}
[debug] [2026-07-25T14:59:08.561Z] E0725 20:29:08.560859   18856 watch.go:40] Failed to load config from "d:\\Application Dev\\SEL Live\\dataconnect": could not find dataconnect.yaml in `d:\Application Dev\SEL Live\dataconnect`
 {"metadata":{"emulator":{"name":"dataconnect"},"message":"E0725 20:29:08.560859   18856 watch.go:40] Failed to load config from \"d:\\\\Application Dev\\\\SEL Live\\\\dataconnect\": could not find dataconnect.yaml in `d:\\Application Dev\\SEL Live\\dataconnect`\n"}}
[debug] [2026-07-25T14:59:18.562Z] E0725 20:29:18.561803   18856 watch.go:40] Failed to load config from "d:\\Application Dev\\SEL Live\\dataconnect": could not find dataconnect.yaml in `d:\Application Dev\SEL Live\dataconnect`
 {"metadata":{"emulator":{"name":"dataconnect"},"message":"E0725 20:29:18.561803   18856 watch.go:40] Failed to load config from \"d:\\\\Application Dev\\\\SEL Live\\\\dataconnect\": could not find dataconnect.yaml in `d:\\Application Dev\\SEL Live\\dataconnect`\n"}}
[debug] [2026-07-25T14:59:28.559Z] E0725 20:29:28.560432   18856 watch.go:40] Failed to load config from "d:\\Application Dev\\SEL Live\\dataconnect": could not find dataconnect.yaml in `d:\Application Dev\SEL Live\dataconnect`
 {"metadata":{"emulator":{"name":"dataconnect"},"message":"E0725 20:29:28.560432   18856 watch.go:40] Failed to load config from \"d:\\\\Application Dev\\\\SEL Live\\\\dataconnect\": could not find dataconnect.yaml in `d:\\Application Dev\\SEL Live\\dataconnect`\n"}}
[debug] [2026-07-25T14:59:38.560Z] E0725 20:29:38.560642   18856 watch.go:116] watchAllDir unable to walk dir `d:\Application Dev\SEL Live\dataconnect`: GetFileAttributesEx d:\Application Dev\SEL Live\dataconnect: The system cannot find the file specified.
E0725 20:29:38.560642   18856 watch.go:40] Failed to load config from "d:\\Application Dev\\SEL Live\\dataconnect": could not find dataconnect.yaml in `d:\Application Dev\SEL Live\dataconnect`
 {"metadata":{"emulator":{"name":"dataconnect"},"message":"E0725 20:29:38.560642   18856 watch.go:116] watchAllDir unable to walk dir `d:\\Application Dev\\SEL Live\\dataconnect`: GetFileAttributesEx d:\\Application Dev\\SEL Live\\dataconnect: The system cannot find the file specified.\nE0725 20:29:38.560642   18856 watch.go:40] Failed to load config from \"d:\\\\Application Dev\\\\SEL Live\\\\dataconnect\": could not find dataconnect.yaml in `d:\\Application Dev\\SEL Live\\dataconnect`\n"}}
[debug] [2026-07-25T14:59:48.561Z] E0725 20:29:48.561115   18856 watch.go:40] Failed to load config from "d:\\Application Dev\\SEL Live\\dataconnect": could not find dataconnect.yaml in `d:\Application Dev\SEL Live\dataconnect`
 {"metadata":{"emulator":{"name":"dataconnect"},"message":"E0725 20:29:48.561115   18856 watch.go:40] Failed to load config from \"d:\\\\Application Dev\\\\SEL Live\\\\dataconnect\": could not find dataconnect.yaml in `d:\\Application Dev\\SEL Live\\dataconnect`\n"}}
[debug] [2026-07-25T14:59:58.560Z] E0725 20:29:58.560934   18856 watch.go:40] Failed to load config from "d:\\Application Dev\\SEL Live\\dataconnect": could not find dataconnect.yaml in `d:\Application Dev\SEL Live\dataconnect`
 {"metadata":{"emulator":{"name":"dataconnect"},"message":"E0725 20:29:58.560934   18856 watch.go:40] Failed to load config from \"d:\\\\Application Dev\\\\SEL Live\\\\dataconnect\": could not find dataconnect.yaml in `d:\\Application Dev\\SEL Live\\dataconnect`\n"}}
[debug] [2026-07-25T15:00:08.560Z] E0725 20:30:08.561365   18856 watch.go:40] Failed to load config from "d:\\Application Dev\\SEL Live\\dataconnect": could not find dataconnect.yaml in `d:\Application Dev\SEL Live\dataconnect`
 {"metadata":{"emulator":{"name":"dataconnect"},"message":"E0725 20:30:08.561365   18856 watch.go:40] Failed to load config from \"d:\\\\Application Dev\\\\SEL Live\\\\dataconnect\": could not find dataconnect.yaml in `d:\\Application Dev\\SEL Live\\dataconnect`\n"}}
[debug] [2026-07-25T15:00:18.559Z] E0725 20:30:18.560668   18856 watch.go:40] Failed to load config from "d:\\Application Dev\\SEL Live\\dataconnect": could not find dataconnect.yaml in `d:\Application Dev\SEL Live\dataconnect`
 {"metadata":{"emulator":{"name":"dataconnect"},"message":"E0725 20:30:18.560668   18856 watch.go:40] Failed to load config from \"d:\\\\Application Dev\\\\SEL Live\\\\dataconnect\": could not find dataconnect.yaml in `d:\\Application Dev\\SEL Live\\dataconnect`\n"}}
[debug] [2026-07-25T15:00:28.559Z] E0725 20:30:28.560210   18856 watch.go:40] Failed to load config from "d:\\Application Dev\\SEL Live\\dataconnect": could not find dataconnect.yaml in `d:\Application Dev\SEL Live\dataconnect`
 {"metadata":{"emulator":{"name":"dataconnect"},"message":"E0725 20:30:28.560210   18856 watch.go:40] Failed to load config from \"d:\\\\Application Dev\\\\SEL Live\\\\dataconnect\": could not find dataconnect.yaml in `d:\\Application Dev\\SEL Live\\dataconnect`\n"}}
[debug] [2026-07-25T15:00:38.560Z] E0725 20:30:38.561119   18856 watch.go:116] watchAllDir unable to walk dir `d:\Application Dev\SEL Live\dataconnect`: GetFileAttributesEx d:\Application Dev\SEL Live\dataconnect: The system cannot find the file specified.
E0725 20:30:38.561119   18856 watch.go:40] Failed to load config from "d:\\Application Dev\\SEL Live\\dataconnect": could not find dataconnect.yaml in `d:\Application Dev\SEL Live\dataconnect`
 {"metadata":{"emulator":{"name":"dataconnect"},"message":"E0725 20:30:38.561119   18856 watch.go:116] watchAllDir unable to walk dir `d:\\Application Dev\\SEL Live\\dataconnect`: GetFileAttributesEx d:\\Application Dev\\SEL Live\\dataconnect: The system cannot find the file specified.\nE0725 20:30:38.561119   18856 watch.go:40] Failed to load config from \"d:\\\\Application Dev\\\\SEL Live\\\\dataconnect\": could not find dataconnect.yaml in `d:\\Application Dev\\SEL Live\\dataconnect`\n"}}
[debug] [2026-07-25T15:00:48.560Z] E0725 20:30:48.560517   18856 watch.go:40] Failed to load config from "d:\\Application Dev\\SEL Live\\dataconnect": could not find dataconnect.yaml in `d:\Application Dev\SEL Live\dataconnect`
 {"metadata":{"emulator":{"name":"dataconnect"},"message":"E0725 20:30:48.560517   18856 watch.go:40] Failed to load config from \"d:\\\\Application Dev\\\\SEL Live\\\\dataconnect\": could not find dataconnect.yaml in `d:\\Application Dev\\SEL Live\\dataconnect`\n"}}
[debug] [2026-07-25T15:00:58.560Z] E0725 20:30:58.560565   18856 watch.go:40] Failed to load config from "d:\\Application Dev\\SEL Live\\dataconnect": could not find dataconnect.yaml in `d:\Application Dev\SEL Live\dataconnect`
 {"metadata":{"emulator":{"name":"dataconnect"},"message":"E0725 20:30:58.560565   18856 watch.go:40] Failed to load config from \"d:\\\\Application Dev\\\\SEL Live\\\\dataconnect\": could not find dataconnect.yaml in `d:\\Application Dev\\SEL Live\\dataconnect`\n"}}
[debug] [2026-07-25T15:01:08.560Z] E0725 20:31:08.560163   18856 watch.go:40] Failed to load config from "d:\\Application Dev\\SEL Live\\dataconnect": could not find dataconnect.yaml in `d:\Application Dev\SEL Live\dataconnect`
 {"metadata":{"emulator":{"name":"dataconnect"},"message":"E0725 20:31:08.560163   18856 watch.go:40] Failed to load config from \"d:\\\\Application Dev\\\\SEL Live\\\\dataconnect\": could not find dataconnect.yaml in `d:\\Application Dev\\SEL Live\\dataconnect`\n"}}
[debug] [2026-07-25T15:01:18.559Z] E0725 20:31:18.560137   18856 watch.go:40] Failed to load config from "d:\\Application Dev\\SEL Live\\dataconnect": could not find dataconnect.yaml in `d:\Application Dev\SEL Live\dataconnect`
 {"metadata":{"emulator":{"name":"dataconnect"},"message":"E0725 20:31:18.560137   18856 watch.go:40] Failed to load config from \"d:\\\\Application Dev\\\\SEL Live\\\\dataconnect\": could not find dataconnect.yaml in `d:\\Application Dev\\SEL Live\\dataconnect`\n"}}
[debug] [2026-07-25T15:01:28.559Z] E0725 20:31:28.560234   18856 watch.go:40] Failed to load config from "d:\\Application Dev\\SEL Live\\dataconnect": could not find dataconnect.yaml in `d:\Application Dev\SEL Live\dataconnect`
 {"metadata":{"emulator":{"name":"dataconnect"},"message":"E0725 20:31:28.560234   18856 watch.go:40] Failed to load config from \"d:\\\\Application Dev\\\\SEL Live\\\\dataconnect\": could not find dataconnect.yaml in `d:\\Application Dev\\SEL Live\\dataconnect`\n"}}
[debug] [2026-07-25T15:01:38.559Z] E0725 20:31:38.560051   18856 watch.go:116] watchAllDir unable to walk dir `d:\Application Dev\SEL Live\dataconnect`: GetFileAttributesEx d:\Application Dev\SEL Live\dataconnect: The system cannot find the file specified.
E0725 20:31:38.560051   18856 watch.go:40] Failed to load config from "d:\\Application Dev\\SEL Live\\dataconnect": could not find dataconnect.yaml in `d:\Application Dev\SEL Live\dataconnect`
 {"metadata":{"emulator":{"name":"dataconnect"},"message":"E0725 20:31:38.560051   18856 watch.go:116] watchAllDir unable to walk dir `d:\\Application Dev\\SEL Live\\dataconnect`: GetFileAttributesEx d:\\Application Dev\\SEL Live\\dataconnect: The system cannot find the file specified.\nE0725 20:31:38.560051   18856 watch.go:40] Failed to load config from \"d:\\\\Application Dev\\\\SEL Live\\\\dataconnect\": could not find dataconnect.yaml in `d:\\Application Dev\\SEL Live\\dataconnect`\n"}}
[debug] [2026-07-25T15:01:48.559Z] E0725 20:31:48.560054   18856 watch.go:40] Failed to load config from "d:\\Application Dev\\SEL Live\\dataconnect": could not find dataconnect.yaml in `d:\Application Dev\SEL Live\dataconnect`
 {"metadata":{"emulator":{"name":"dataconnect"},"message":"E0725 20:31:48.560054   18856 watch.go:40] Failed to load config from \"d:\\\\Application Dev\\\\SEL Live\\\\dataconnect\": could not find dataconnect.yaml in `d:\\Application Dev\\SEL Live\\dataconnect`\n"}}
[debug] [2026-07-25T15:01:58.559Z] E0725 20:31:58.560215   18856 watch.go:40] Failed to load config from "d:\\Application Dev\\SEL Live\\dataconnect": could not find dataconnect.yaml in `d:\Application Dev\SEL Live\dataconnect`
 {"metadata":{"emulator":{"name":"dataconnect"},"message":"E0725 20:31:58.560215   18856 watch.go:40] Failed to load config from \"d:\\\\Application Dev\\\\SEL Live\\\\dataconnect\": could not find dataconnect.yaml in `d:\\Application Dev\\SEL Live\\dataconnect`\n"}}
[debug] [2026-07-25T15:02:08.559Z] E0725 20:32:08.560034   18856 watch.go:40] Failed to load config from "d:\\Application Dev\\SEL Live\\dataconnect": could not find dataconnect.yaml in `d:\Application Dev\SEL Live\dataconnect`
 {"metadata":{"emulator":{"name":"dataconnect"},"message":"E0725 20:32:08.560034   18856 watch.go:40] Failed to load config from \"d:\\\\Application Dev\\\\SEL Live\\\\dataconnect\": could not find dataconnect.yaml in `d:\\Application Dev\\SEL Live\\dataconnect`\n"}}
[debug] [2026-07-25T15:02:18.559Z] E0725 20:32:18.560473   18856 watch.go:40] Failed to load config from "d:\\Application Dev\\SEL Live\\dataconnect": could not find dataconnect.yaml in `d:\Application Dev\SEL Live\dataconnect`
 {"metadata":{"emulator":{"name":"dataconnect"},"message":"E0725 20:32:18.560473   18856 watch.go:40] Failed to load config from \"d:\\\\Application Dev\\\\SEL Live\\\\dataconnect\": could not find dataconnect.yaml in `d:\\Application Dev\\SEL Live\\dataconnect`\n"}}
[debug] [2026-07-25T15:02:28.560Z] E0725 20:32:28.560244   18856 watch.go:40] Failed to load config from "d:\\Application Dev\\SEL Live\\dataconnect": could not find dataconnect.yaml in `d:\Application Dev\SEL Live\dataconnect`
 {"metadata":{"emulator":{"name":"dataconnect"},"message":"E0725 20:32:28.560244   18856 watch.go:40] Failed to load config from \"d:\\\\Application Dev\\\\SEL Live\\\\dataconnect\": could not find dataconnect.yaml in `d:\\Application Dev\\SEL Live\\dataconnect`\n"}}
[debug] [2026-07-25T15:02:38.560Z] E0725 20:32:38.560489   18856 watch.go:116] watchAllDir unable to walk dir `d:\Application Dev\SEL Live\dataconnect`: GetFileAttributesEx d:\Application Dev\SEL Live\dataconnect: The system cannot find the file specified.
E0725 20:32:38.560489   18856 watch.go:40] Failed to load config from "d:\\Application Dev\\SEL Live\\dataconnect": could not find dataconnect.yaml in `d:\Application Dev\SEL Live\dataconnect`
 {"metadata":{"emulator":{"name":"dataconnect"},"message":"E0725 20:32:38.560489   18856 watch.go:116] watchAllDir unable to walk dir `d:\\Application Dev\\SEL Live\\dataconnect`: GetFileAttributesEx d:\\Application Dev\\SEL Live\\dataconnect: The system cannot find the file specified.\nE0725 20:32:38.560489   18856 watch.go:40] Failed to load config from \"d:\\\\Application Dev\\\\SEL Live\\\\dataconnect\": could not find dataconnect.yaml in `d:\\Application Dev\\SEL Live\\dataconnect`\n"}}
[debug] [2026-07-25T15:02:48.560Z] E0725 20:32:48.560114   18856 watch.go:40] Failed to load config from "d:\\Application Dev\\SEL Live\\dataconnect": could not find dataconnect.yaml in `d:\Application Dev\SEL Live\dataconnect`
 {"metadata":{"emulator":{"name":"dataconnect"},"message":"E0725 20:32:48.560114   18856 watch.go:40] Failed to load config from \"d:\\\\Application Dev\\\\SEL Live\\\\dataconnect\": could not find dataconnect.yaml in `d:\\Application Dev\\SEL Live\\dataconnect`\n"}}
[debug] [2026-07-25T15:02:58.560Z] E0725 20:32:58.560366   18856 watch.go:40] Failed to load config from "d:\\Application Dev\\SEL Live\\dataconnect": could not find dataconnect.yaml in `d:\Application Dev\SEL Live\dataconnect`
 {"metadata":{"emulator":{"name":"dataconnect"},"message":"E0725 20:32:58.560366   18856 watch.go:40] Failed to load config from \"d:\\\\Application Dev\\\\SEL Live\\\\dataconnect\": could not find dataconnect.yaml in `d:\\Application Dev\\SEL Live\\dataconnect`\n"}}
[debug] [2026-07-25T15:03:08.560Z] E0725 20:33:08.560168   18856 watch.go:40] Failed to load config from "d:\\Application Dev\\SEL Live\\dataconnect": could not find dataconnect.yaml in `d:\Application Dev\SEL Live\dataconnect`
 {"metadata":{"emulator":{"name":"dataconnect"},"message":"E0725 20:33:08.560168   18856 watch.go:40] Failed to load config from \"d:\\\\Application Dev\\\\SEL Live\\\\dataconnect\": could not find dataconnect.yaml in `d:\\Application Dev\\SEL Live\\dataconnect`\n"}}
[debug] [2026-07-25T15:03:18.560Z] E0725 20:33:18.560454   18856 watch.go:40] Failed to load config from "d:\\Application Dev\\SEL Live\\dataconnect": could not find dataconnect.yaml in `d:\Application Dev\SEL Live\dataconnect`
 {"metadata":{"emulator":{"name":"dataconnect"},"message":"E0725 20:33:18.560454   18856 watch.go:40] Failed to load config from \"d:\\\\Application Dev\\\\SEL Live\\\\dataconnect\": could not find dataconnect.yaml in `d:\\Application Dev\\SEL Live\\dataconnect`\n"}}
[debug] [2026-07-25T15:03:28.560Z] E0725 20:33:28.560420   18856 watch.go:40] Failed to load config from "d:\\Application Dev\\SEL Live\\dataconnect": could not find dataconnect.yaml in `d:\Application Dev\SEL Live\dataconnect`
 {"metadata":{"emulator":{"name":"dataconnect"},"message":"E0725 20:33:28.560420   18856 watch.go:40] Failed to load config from \"d:\\\\Application Dev\\\\SEL Live\\\\dataconnect\": could not find dataconnect.yaml in `d:\\Application Dev\\SEL Live\\dataconnect`\n"}}
[debug] [2026-07-25T15:03:38.560Z] E0725 20:33:38.560227   18856 watch.go:116] watchAllDir unable to walk dir `d:\Application Dev\SEL Live\dataconnect`: GetFileAttributesEx d:\Application Dev\SEL Live\dataconnect: The system cannot find the file specified.
E0725 20:33:38.560227   18856 watch.go:40] Failed to load config from "d:\\Application Dev\\SEL Live\\dataconnect": could not find dataconnect.yaml in `d:\Application Dev\SEL Live\dataconnect`
 {"metadata":{"emulator":{"name":"dataconnect"},"message":"E0725 20:33:38.560227   18856 watch.go:116] watchAllDir unable to walk dir `d:\\Application Dev\\SEL Live\\dataconnect`: GetFileAttributesEx d:\\Application Dev\\SEL Live\\dataconnect: The system cannot find the file specified.\nE0725 20:33:38.560227   18856 watch.go:40] Failed to load config from \"d:\\\\Application Dev\\\\SEL Live\\\\dataconnect\": could not find dataconnect.yaml in `d:\\Application Dev\\SEL Live\\dataconnect`\n"}}
[debug] [2026-07-25T15:03:48.559Z] E0725 20:33:48.560172   18856 watch.go:40] Failed to load config from "d:\\Application Dev\\SEL Live\\dataconnect": could not find dataconnect.yaml in `d:\Application Dev\SEL Live\dataconnect`
 {"metadata":{"emulator":{"name":"dataconnect"},"message":"E0725 20:33:48.560172   18856 watch.go:40] Failed to load config from \"d:\\\\Application Dev\\\\SEL Live\\\\dataconnect\": could not find dataconnect.yaml in `d:\\Application Dev\\SEL Live\\dataconnect`\n"}}
[debug] [2026-07-25T15:03:58.560Z] E0725 20:33:58.560109   18856 watch.go:40] Failed to load config from "d:\\Application Dev\\SEL Live\\dataconnect": could not find dataconnect.yaml in `d:\Application Dev\SEL Live\dataconnect`
 {"metadata":{"emulator":{"name":"dataconnect"},"message":"E0725 20:33:58.560109   18856 watch.go:40] Failed to load config from \"d:\\\\Application Dev\\\\SEL Live\\\\dataconnect\": could not find dataconnect.yaml in `d:\\Application Dev\\SEL Live\\dataconnect`\n"}}
[debug] [2026-07-25T15:04:08.559Z] E0725 20:34:08.560262   18856 watch.go:40] Failed to load config from "d:\\Application Dev\\SEL Live\\dataconnect": could not find dataconnect.yaml in `d:\Application Dev\SEL Live\dataconnect`
 {"metadata":{"emulator":{"name":"dataconnect"},"message":"E0725 20:34:08.560262   18856 watch.go:40] Failed to load config from \"d:\\\\Application Dev\\\\SEL Live\\\\dataconnect\": could not find dataconnect.yaml in `d:\\Application Dev\\SEL Live\\dataconnect`\n"}}
[debug] [2026-07-25T15:04:18.560Z] E0725 20:34:18.560503   18856 watch.go:40] Failed to load config from "d:\\Application Dev\\SEL Live\\dataconnect": could not find dataconnect.yaml in `d:\Application Dev\SEL Live\dataconnect`
 {"metadata":{"emulator":{"name":"dataconnect"},"message":"E0725 20:34:18.560503   18856 watch.go:40] Failed to load config from \"d:\\\\Application Dev\\\\SEL Live\\\\dataconnect\": could not find dataconnect.yaml in `d:\\Application Dev\\SEL Live\\dataconnect`\n"}}
[debug] [2026-07-25T15:04:28.558Z] E0725 20:34:28.560540   18856 watch.go:40] Failed to load config from "d:\\Application Dev\\SEL Live\\dataconnect": could not find dataconnect.yaml in `d:\Application Dev\SEL Live\dataconnect`
 {"metadata":{"emulator":{"name":"dataconnect"},"message":"E0725 20:34:28.560540   18856 watch.go:40] Failed to load config from \"d:\\\\Application Dev\\\\SEL Live\\\\dataconnect\": could not find dataconnect.yaml in `d:\\Application Dev\\SEL Live\\dataconnect`\n"}}
[debug] [2026-07-25T15:04:38.558Z] E0725 20:34:38.560133   18856 watch.go:116] watchAllDir unable to walk dir `d:\Application Dev\SEL Live\dataconnect`: GetFileAttributesEx d:\Application Dev\SEL Live\dataconnect: The system cannot find the file specified.
E0725 20:34:38.560133   18856 watch.go:40] Failed to load config from "d:\\Application Dev\\SEL Live\\dataconnect": could not find dataconnect.yaml in `d:\Application Dev\SEL Live\dataconnect`
 {"metadata":{"emulator":{"name":"dataconnect"},"message":"E0725 20:34:38.560133   18856 watch.go:116] watchAllDir unable to walk dir `d:\\Application Dev\\SEL Live\\dataconnect`: GetFileAttributesEx d:\\Application Dev\\SEL Live\\dataconnect: The system cannot find the file specified.\nE0725 20:34:38.560133   18856 watch.go:40] Failed to load config from \"d:\\\\Application Dev\\\\SEL Live\\\\dataconnect\": could not find dataconnect.yaml in `d:\\Application Dev\\SEL Live\\dataconnect`\n"}}
[debug] [2026-07-25T15:04:48.558Z] E0725 20:34:48.560101   18856 watch.go:40] Failed to load config from "d:\\Application Dev\\SEL Live\\dataconnect": could not find dataconnect.yaml in `d:\Application Dev\SEL Live\dataconnect`
 {"metadata":{"emulator":{"name":"dataconnect"},"message":"E0725 20:34:48.560101   18856 watch.go:40] Failed to load config from \"d:\\\\Application Dev\\\\SEL Live\\\\dataconnect\": could not find dataconnect.yaml in `d:\\Application Dev\\SEL Live\\dataconnect`\n"}}
[debug] [2026-07-25T15:04:58.558Z] E0725 20:34:58.560442   18856 watch.go:40] Failed to load config from "d:\\Application Dev\\SEL Live\\dataconnect": could not find dataconnect.yaml in `d:\Application Dev\SEL Live\dataconnect`
 {"metadata":{"emulator":{"name":"dataconnect"},"message":"E0725 20:34:58.560442   18856 watch.go:40] Failed to load config from \"d:\\\\Application Dev\\\\SEL Live\\\\dataconnect\": could not find dataconnect.yaml in `d:\\Application Dev\\SEL Live\\dataconnect`\n"}}
[debug] [2026-07-25T15:05:08.558Z] E0725 20:35:08.560360   18856 watch.go:40] Failed to load config from "d:\\Application Dev\\SEL Live\\dataconnect": could not find dataconnect.yaml in `d:\Application Dev\SEL Live\dataconnect`
 {"metadata":{"emulator":{"name":"dataconnect"},"message":"E0725 20:35:08.560360   18856 watch.go:40] Failed to load config from \"d:\\\\Application Dev\\\\SEL Live\\\\dataconnect\": could not find dataconnect.yaml in `d:\\Application Dev\\SEL Live\\dataconnect`\n"}}
[debug] [2026-07-25T15:05:18.560Z] E0725 20:35:18.562045   18856 watch.go:40] Failed to load config from "d:\\Application Dev\\SEL Live\\dataconnect": could not find dataconnect.yaml in `d:\Application Dev\SEL Live\dataconnect`
 {"metadata":{"emulator":{"name":"dataconnect"},"message":"E0725 20:35:18.562045   18856 watch.go:40] Failed to load config from \"d:\\\\Application Dev\\\\SEL Live\\\\dataconnect\": could not find dataconnect.yaml in `d:\\Application Dev\\SEL Live\\dataconnect`\n"}}
[debug] [2026-07-25T15:05:28.560Z] E0725 20:35:28.560787   18856 watch.go:40] Failed to load config from "d:\\Application Dev\\SEL Live\\dataconnect": could not find dataconnect.yaml in `d:\Application Dev\SEL Live\dataconnect`
 {"metadata":{"emulator":{"name":"dataconnect"},"message":"E0725 20:35:28.560787   18856 watch.go:40] Failed to load config from \"d:\\\\Application Dev\\\\SEL Live\\\\dataconnect\": could not find dataconnect.yaml in `d:\\Application Dev\\SEL Live\\dataconnect`\n"}}
[debug] [2026-07-25T15:05:38.561Z] E0725 20:35:38.560989   18856 watch.go:116] watchAllDir unable to walk dir `d:\Application Dev\SEL Live\dataconnect`: GetFileAttributesEx d:\Application Dev\SEL Live\dataconnect: The system cannot find the file specified.
 {"metadata":{"emulator":{"name":"dataconnect"},"message":"E0725 20:35:38.560989   18856 watch.go:116] watchAllDir unable to walk dir `d:\\Application Dev\\SEL Live\\dataconnect`: GetFileAttributesEx d:\\Application Dev\\SEL Live\\dataconnect: The system cannot find the file specified.\n"}}
[debug] [2026-07-25T15:05:38.562Z] E0725 20:35:38.561365   18856 watch.go:40] Failed to load config from "d:\\Application Dev\\SEL Live\\dataconnect": could not find dataconnect.yaml in `d:\Application Dev\SEL Live\dataconnect`
 {"metadata":{"emulator":{"name":"dataconnect"},"message":"E0725 20:35:38.561365   18856 watch.go:40] Failed to load config from \"d:\\\\Application Dev\\\\SEL Live\\\\dataconnect\": could not find dataconnect.yaml in `d:\\Application Dev\\SEL Live\\dataconnect`\n"}}
[debug] [2026-07-25T15:05:48.560Z] E0725 20:35:48.560438   18856 watch.go:40] Failed to load config from "d:\\Application Dev\\SEL Live\\dataconnect": could not find dataconnect.yaml in `d:\Application Dev\SEL Live\dataconnect`
 {"metadata":{"emulator":{"name":"dataconnect"},"message":"E0725 20:35:48.560438   18856 watch.go:40] Failed to load config from \"d:\\\\Application Dev\\\\SEL Live\\\\dataconnect\": could not find dataconnect.yaml in `d:\\Application Dev\\SEL Live\\dataconnect`\n"}}
[debug] [2026-07-25T15:05:58.560Z] E0725 20:35:58.560510   18856 watch.go:40] Failed to load config from "d:\\Application Dev\\SEL Live\\dataconnect": could not find dataconnect.yaml in `d:\Application Dev\SEL Live\dataconnect`
 {"metadata":{"emulator":{"name":"dataconnect"},"message":"E0725 20:35:58.560510   18856 watch.go:40] Failed to load config from \"d:\\\\Application Dev\\\\SEL Live\\\\dataconnect\": could not find dataconnect.yaml in `d:\\Application Dev\\SEL Live\\dataconnect`\n"}}
[debug] [2026-07-25T15:06:08.560Z] E0725 20:36:08.560325   18856 watch.go:40] Failed to load config from "d:\\Application Dev\\SEL Live\\dataconnect": could not find dataconnect.yaml in `d:\Application Dev\SEL Live\dataconnect`
 {"metadata":{"emulator":{"name":"dataconnect"},"message":"E0725 20:36:08.560325   18856 watch.go:40] Failed to load config from \"d:\\\\Application Dev\\\\SEL Live\\\\dataconnect\": could not find dataconnect.yaml in `d:\\Application Dev\\SEL Live\\dataconnect`\n"}}
[debug] [2026-07-25T15:06:18.560Z] E0725 20:36:18.560569   18856 watch.go:40] Failed to load config from "d:\\Application Dev\\SEL Live\\dataconnect": could not find dataconnect.yaml in `d:\Application Dev\SEL Live\dataconnect`
 {"metadata":{"emulator":{"name":"dataconnect"},"message":"E0725 20:36:18.560569   18856 watch.go:40] Failed to load config from \"d:\\\\Application Dev\\\\SEL Live\\\\dataconnect\": could not find dataconnect.yaml in `d:\\Application Dev\\SEL Live\\dataconnect`\n"}}
[info] [Firebase Plugin] Stopping SQL Connect toolkit
[debug] [2026-07-25T15:06:27.978Z] [Firebase Plugin] Activating Firebase extension.
[debug] [2026-07-25T15:06:29.003Z] [Firebase Plugin] requireAuthWrapper
[debug] [2026-07-25T15:06:29.004Z] > command requires scopes: ["email","openid","https://www.googleapis.com/auth/cloudplatformprojects.readonly","https://www.googleapis.com/auth/firebase","https://www.googleapis.com/auth/cloud-platform"]
[debug] [2026-07-25T15:06:29.018Z] [Firebase Plugin] VSCode notification server listening on port 40001
[error] [Firebase Plugin] requireAuth error: Could not load the default credentials. Browse to https://cloud.google.com/docs/authentication/getting-started for more information.
[info] [Firebase Plugin] Starting SQL Connect toolkit (version 3.4.16) on port 50001
[debug] [2026-07-25T15:06:29.239Z] 'fdc build' failed with error: Unable to build your SQL Connect schema and connectors (exit code 1): E0725 20:36:29.235994   24088 cmd.go:43] Error loading data connect config: could not find dataconnect.yaml in `d:\Application Dev\SEL Live\dataconnect`
 {"metadata":{"emulator":{"name":"dataconnect"},"message":"'fdc build' failed with error: Unable to build your SQL Connect schema and connectors (exit code 1): E0725 20:36:29.235994   24088 cmd.go:43] Error loading data connect config: could not find dataconnect.yaml in `d:\\Application Dev\\SEL Live\\dataconnect`\n"}}
[debug] [2026-07-25T15:06:29.239Z] Ignoring unsupported arg: auto_download {"metadata":{"emulator":{"name":"dataconnect"},"message":"Ignoring unsupported arg: auto_download"}}
[debug] [2026-07-25T15:06:29.239Z] Ignoring unsupported arg: port {"metadata":{"emulator":{"name":"dataconnect"},"message":"Ignoring unsupported arg: port"}}
[debug] [2026-07-25T15:06:29.240Z] Starting SQL Connect Emulator with command {"binary":"C:\\Users\\Ashish\\.cache\\firebase\\emulators\\dataconnect-emulator-3.4.16.exe","args":["--logtostderr","-v=2","dev","--listen=localhost:50001","--config_dir=d:\\Application Dev\\SEL Live\\dataconnect","--enable_output_schema_extensions=true","--enable_output_generated_sdk=true"],"optionalArgs":["listen","config_dir","enable_output_schema_extensions","enable_output_generated_sdk"],"joinArgs":true,"shell":false,"port":9399} {"metadata":{"emulator":{"name":"dataconnect"},"message":"Starting SQL Connect Emulator with command {\"binary\":\"C:\\\\Users\\\\Ashish\\\\.cache\\\\firebase\\\\emulators\\\\dataconnect-emulator-3.4.16.exe\",\"args\":[\"--logtostderr\",\"-v=2\",\"dev\",\"--listen=localhost:50001\",\"--config_dir=d:\\\\Application Dev\\\\SEL Live\\\\dataconnect\",\"--enable_output_schema_extensions=true\",\"--enable_output_generated_sdk=true\"],\"optionalArgs\":[\"listen\",\"config_dir\",\"enable_output_schema_extensions\",\"enable_output_generated_sdk\"],\"joinArgs\":true,\"shell\":false,\"port\":9399}"}}
[info] i  dataconnect: SQL Connect Emulator logging to dataconnect-debug.log {"metadata":{"emulator":{"name":"dataconnect"},"message":"SQL Connect Emulator logging to \u001b[1mdataconnect-debug.log\u001b[22m"}}
[debug] [2026-07-25T15:06:29.269Z] E0725 20:36:29.270060   17964 dev.go:80] Failed to load initial config from "d:\\Application Dev\\SEL Live\\dataconnect": could not find dataconnect.yaml in `d:\Application Dev\SEL Live\dataconnect`
E0725 20:36:29.270572   17964 watch.go:116] watchAllDir unable to walk dir `d:\Application Dev\SEL Live\dataconnect`: GetFileAttributesEx d:\Application Dev\SEL Live\dataconnect: The system cannot find the file specified.
 {"metadata":{"emulator":{"name":"dataconnect"},"message":"E0725 20:36:29.270060   17964 dev.go:80] Failed to load initial config from \"d:\\\\Application Dev\\\\SEL Live\\\\dataconnect\": could not find dataconnect.yaml in `d:\\Application Dev\\SEL Live\\dataconnect`\nE0725 20:36:29.270572   17964 watch.go:116] watchAllDir unable to walk dir `d:\\Application Dev\\SEL Live\\dataconnect`: GetFileAttributesEx d:\\Application Dev\\SEL Live\\dataconnect: The system cannot find the file specified.\n"}}
[debug] [2026-07-25T15:06:29.279Z] I0725 20:36:29.279929   17964 dev.go:101] Listening on address (HTTP + gRPC): 127.0.0.1:50001
 {"metadata":{"emulator":{"name":"dataconnect"},"message":"I0725 20:36:29.279929   17964 dev.go:101] Listening on address (HTTP + gRPC): 127.0.0.1:50001\n"}}
[error] [Firebase Plugin] error:  {}
[debug] [2026-07-25T15:06:39.270Z] E0725 20:36:39.271284   17964 watch.go:40] Failed to load config from "d:\\Application Dev\\SEL Live\\dataconnect": could not find dataconnect.yaml in `d:\Application Dev\SEL Live\dataconnect`
 {"metadata":{"emulator":{"name":"dataconnect"},"message":"E0725 20:36:39.271284   17964 watch.go:40] Failed to load config from \"d:\\\\Application Dev\\\\SEL Live\\\\dataconnect\": could not find dataconnect.yaml in `d:\\Application Dev\\SEL Live\\dataconnect`\n"}}
[debug] [2026-07-25T15:06:49.271Z] E0725 20:36:49.272462   17964 watch.go:40] Failed to load config from "d:\\Application Dev\\SEL Live\\dataconnect": could not find dataconnect.yaml in `d:\Application Dev\SEL Live\dataconnect`
 {"metadata":{"emulator":{"name":"dataconnect"},"message":"E0725 20:36:49.272462   17964 watch.go:40] Failed to load config from \"d:\\\\Application Dev\\\\SEL Live\\\\dataconnect\": could not find dataconnect.yaml in `d:\\Application Dev\\SEL Live\\dataconnect`\n"}}
[debug] [2026-07-25T15:06:59.272Z] E0725 20:36:59.271647   17964 watch.go:40] Failed to load config from "d:\\Application Dev\\SEL Live\\dataconnect": could not find dataconnect.yaml in `d:\Application Dev\SEL Live\dataconnect`
 {"metadata":{"emulator":{"name":"dataconnect"},"message":"E0725 20:36:59.271647   17964 watch.go:40] Failed to load config from \"d:\\\\Application Dev\\\\SEL Live\\\\dataconnect\": could not find dataconnect.yaml in `d:\\Application Dev\\SEL Live\\dataconnect`\n"}}
[debug] [2026-07-25T15:07:09.270Z] E0725 20:37:09.271584   17964 watch.go:40] Failed to load config from "d:\\Application Dev\\SEL Live\\dataconnect": could not find dataconnect.yaml in `d:\Application Dev\SEL Live\dataconnect`
 {"metadata":{"emulator":{"name":"dataconnect"},"message":"E0725 20:37:09.271584   17964 watch.go:40] Failed to load config from \"d:\\\\Application Dev\\\\SEL Live\\\\dataconnect\": could not find dataconnect.yaml in `d:\\Application Dev\\SEL Live\\dataconnect`\n"}}
[debug] [2026-07-25T15:07:19.270Z] E0725 20:37:19.271349   17964 watch.go:40] Failed to load config from "d:\\Application Dev\\SEL Live\\dataconnect": could not find dataconnect.yaml in `d:\Application Dev\SEL Live\dataconnect`
 {"metadata":{"emulator":{"name":"dataconnect"},"message":"E0725 20:37:19.271349   17964 watch.go:40] Failed to load config from \"d:\\\\Application Dev\\\\SEL Live\\\\dataconnect\": could not find dataconnect.yaml in `d:\\Application Dev\\SEL Live\\dataconnect`\n"}}
[debug] [2026-07-25T15:07:29.262Z] E0725 20:37:29.271896   17964 watch.go:40] Failed to load config from "d:\\Application Dev\\SEL Live\\dataconnect": could not find dataconnect.yaml in `d:\Application Dev\SEL Live\dataconnect`
E0725 20:37:29.271896   17964 watch.go:116] watchAllDir unable to walk dir `d:\Application Dev\SEL Live\dataconnect`: GetFileAttributesEx d:\Application Dev\SEL Live\dataconnect: The system cannot find the file specified.
 {"metadata":{"emulator":{"name":"dataconnect"},"message":"E0725 20:37:29.271896   17964 watch.go:40] Failed to load config from \"d:\\\\Application Dev\\\\SEL Live\\\\dataconnect\": could not find dataconnect.yaml in `d:\\Application Dev\\SEL Live\\dataconnect`\nE0725 20:37:29.271896   17964 watch.go:116] watchAllDir unable to walk dir `d:\\Application Dev\\SEL Live\\dataconnect`: GetFileAttributesEx d:\\Application Dev\\SEL Live\\dataconnect: The system cannot find the file specified.\n"}}
[debug] [2026-07-25T15:07:39.261Z] E0725 20:37:39.271264   17964 watch.go:40] Failed to load config from "d:\\Application Dev\\SEL Live\\dataconnect": could not find dataconnect.yaml in `d:\Application Dev\SEL Live\dataconnect`
 {"metadata":{"emulator":{"name":"dataconnect"},"message":"E0725 20:37:39.271264   17964 watch.go:40] Failed to load config from \"d:\\\\Application Dev\\\\SEL Live\\\\dataconnect\": could not find dataconnect.yaml in `d:\\Application Dev\\SEL Live\\dataconnect`\n"}}
[debug] [2026-07-25T15:07:49.261Z] E0725 20:37:49.271243   17964 watch.go:40] Failed to load config from "d:\\Application Dev\\SEL Live\\dataconnect": could not find dataconnect.yaml in `d:\Application Dev\SEL Live\dataconnect`
 {"metadata":{"emulator":{"name":"dataconnect"},"message":"E0725 20:37:49.271243   17964 watch.go:40] Failed to load config from \"d:\\\\Application Dev\\\\SEL Live\\\\dataconnect\": could not find dataconnect.yaml in `d:\\Application Dev\\SEL Live\\dataconnect`\n"}}
[debug] [2026-07-25T15:07:59.261Z] E0725 20:37:59.271534   17964 watch.go:40] Failed to load config from "d:\\Application Dev\\SEL Live\\dataconnect": could not find dataconnect.yaml in `d:\Application Dev\SEL Live\dataconnect`
 {"metadata":{"emulator":{"name":"dataconnect"},"message":"E0725 20:37:59.271534   17964 watch.go:40] Failed to load config from \"d:\\\\Application Dev\\\\SEL Live\\\\dataconnect\": could not find dataconnect.yaml in `d:\\Application Dev\\SEL Live\\dataconnect`\n"}}
[debug] [2026-07-25T15:08:09.261Z] E0725 20:38:09.271125   17964 watch.go:40] Failed to load config from "d:\\Application Dev\\SEL Live\\dataconnect": could not find dataconnect.yaml in `d:\Application Dev\SEL Live\dataconnect`
 {"metadata":{"emulator":{"name":"dataconnect"},"message":"E0725 20:38:09.271125   17964 watch.go:40] Failed to load config from \"d:\\\\Application Dev\\\\SEL Live\\\\dataconnect\": could not find dataconnect.yaml in `d:\\Application Dev\\SEL Live\\dataconnect`\n"}}
[debug] [2026-07-25T15:08:19.261Z] E0725 20:38:19.271489   17964 watch.go:40] Failed to load config from "d:\\Application Dev\\SEL Live\\dataconnect": could not find dataconnect.yaml in `d:\Application Dev\SEL Live\dataconnect`
 {"metadata":{"emulator":{"name":"dataconnect"},"message":"E0725 20:38:19.271489   17964 watch.go:40] Failed to load config from \"d:\\\\Application Dev\\\\SEL Live\\\\dataconnect\": could not find dataconnect.yaml in `d:\\Application Dev\\SEL Live\\dataconnect`\n"}}
[debug] [2026-07-25T15:08:29.271Z] E0725 20:38:29.271264   17964 watch.go:116] watchAllDir unable to walk dir `d:\Application Dev\SEL Live\dataconnect`: GetFileAttributesEx d:\Application Dev\SEL Live\dataconnect: The system cannot find the file specified.
E0725 20:38:29.271264   17964 watch.go:40] Failed to load config from "d:\\Application Dev\\SEL Live\\dataconnect": could not find dataconnect.yaml in `d:\Application Dev\SEL Live\dataconnect`
 {"metadata":{"emulator":{"name":"dataconnect"},"message":"E0725 20:38:29.271264   17964 watch.go:116] watchAllDir unable to walk dir `d:\\Application Dev\\SEL Live\\dataconnect`: GetFileAttributesEx d:\\Application Dev\\SEL Live\\dataconnect: The system cannot find the file specified.\nE0725 20:38:29.271264   17964 watch.go:40] Failed to load config from \"d:\\\\Application Dev\\\\SEL Live\\\\dataconnect\": could not find dataconnect.yaml in `d:\\Application Dev\\SEL Live\\dataconnect`\n"}}
[debug] [2026-07-25T15:08:39.271Z] E0725 20:38:39.271612   17964 watch.go:40] Failed to load config from "d:\\Application Dev\\SEL Live\\dataconnect": could not find dataconnect.yaml in `d:\Application Dev\SEL Live\dataconnect`
 {"metadata":{"emulator":{"name":"dataconnect"},"message":"E0725 20:38:39.271612   17964 watch.go:40] Failed to load config from \"d:\\\\Application Dev\\\\SEL Live\\\\dataconnect\": could not find dataconnect.yaml in `d:\\Application Dev\\SEL Live\\dataconnect`\n"}}
[debug] [2026-07-25T15:08:49.271Z] E0725 20:38:49.271520   17964 watch.go:40] Failed to load config from "d:\\Application Dev\\SEL Live\\dataconnect": could not find dataconnect.yaml in `d:\Application Dev\SEL Live\dataconnect`
 {"metadata":{"emulator":{"name":"dataconnect"},"message":"E0725 20:38:49.271520   17964 watch.go:40] Failed to load config from \"d:\\\\Application Dev\\\\SEL Live\\\\dataconnect\": could not find dataconnect.yaml in `d:\\Application Dev\\SEL Live\\dataconnect`\n"}}
[debug] [2026-07-25T15:08:59.271Z] E0725 20:38:59.271409   17964 watch.go:40] Failed to load config from "d:\\Application Dev\\SEL Live\\dataconnect": could not find dataconnect.yaml in `d:\Application Dev\SEL Live\dataconnect`
 {"metadata":{"emulator":{"name":"dataconnect"},"message":"E0725 20:38:59.271409   17964 watch.go:40] Failed to load config from \"d:\\\\Application Dev\\\\SEL Live\\\\dataconnect\": could not find dataconnect.yaml in `d:\\Application Dev\\SEL Live\\dataconnect`\n"}}
[debug] [2026-07-25T15:09:09.271Z] E0725 20:39:09.271162   17964 watch.go:40] Failed to load config from "d:\\Application Dev\\SEL Live\\dataconnect": could not find dataconnect.yaml in `d:\Application Dev\SEL Live\dataconnect`
 {"metadata":{"emulator":{"name":"dataconnect"},"message":"E0725 20:39:09.271162   17964 watch.go:40] Failed to load config from \"d:\\\\Application Dev\\\\SEL Live\\\\dataconnect\": could not find dataconnect.yaml in `d:\\Application Dev\\SEL Live\\dataconnect`\n"}}
[debug] [2026-07-25T15:09:19.270Z] E0725 20:39:19.271191   17964 watch.go:40] Failed to load config from "d:\\Application Dev\\SEL Live\\dataconnect": could not find dataconnect.yaml in `d:\Application Dev\SEL Live\dataconnect`
 {"metadata":{"emulator":{"name":"dataconnect"},"message":"E0725 20:39:19.271191   17964 watch.go:40] Failed to load config from \"d:\\\\Application Dev\\\\SEL Live\\\\dataconnect\": could not find dataconnect.yaml in `d:\\Application Dev\\SEL Live\\dataconnect`\n"}}
[debug] [2026-07-25T15:09:29.271Z] E0725 20:39:29.271581   17964 watch.go:116] watchAllDir unable to walk dir `d:\Application Dev\SEL Live\dataconnect`: GetFileAttributesEx d:\Application Dev\SEL Live\dataconnect: The system cannot find the file specified.
E0725 20:39:29.271581   17964 watch.go:40] Failed to load config from "d:\\Application Dev\\SEL Live\\dataconnect": could not find dataconnect.yaml in `d:\Application Dev\SEL Live\dataconnect`
 {"metadata":{"emulator":{"name":"dataconnect"},"message":"E0725 20:39:29.271581   17964 watch.go:116] watchAllDir unable to walk dir `d:\\Application Dev\\SEL Live\\dataconnect`: GetFileAttributesEx d:\\Application Dev\\SEL Live\\dataconnect: The system cannot find the file specified.\nE0725 20:39:29.271581   17964 watch.go:40] Failed to load config from \"d:\\\\Application Dev\\\\SEL Live\\\\dataconnect\": could not find dataconnect.yaml in `d:\\Application Dev\\SEL Live\\dataconnect`\n"}}
[debug] [2026-07-25T15:09:39.271Z] E0725 20:39:39.271291   17964 watch.go:40] Failed to load config from "d:\\Application Dev\\SEL Live\\dataconnect": could not find dataconnect.yaml in `d:\Application Dev\SEL Live\dataconnect`
 {"metadata":{"emulator":{"name":"dataconnect"},"message":"E0725 20:39:39.271291   17964 watch.go:40] Failed to load config from \"d:\\\\Application Dev\\\\SEL Live\\\\dataconnect\": could not find dataconnect.yaml in `d:\\Application Dev\\SEL Live\\dataconnect`\n"}}
[debug] [2026-07-25T15:09:49.271Z] E0725 20:39:49.271586   17964 watch.go:40] Failed to load config from "d:\\Application Dev\\SEL Live\\dataconnect": could not find dataconnect.yaml in `d:\Application Dev\SEL Live\dataconnect`
 {"metadata":{"emulator":{"name":"dataconnect"},"message":"E0725 20:39:49.271586   17964 watch.go:40] Failed to load config from \"d:\\\\Application Dev\\\\SEL Live\\\\dataconnect\": could not find dataconnect.yaml in `d:\\Application Dev\\SEL Live\\dataconnect`\n"}}
[debug] [2026-07-25T15:09:59.271Z] E0725 20:39:59.271373   17964 watch.go:40] Failed to load config from "d:\\Application Dev\\SEL Live\\dataconnect": could not find dataconnect.yaml in `d:\Application Dev\SEL Live\dataconnect`
 {"metadata":{"emulator":{"name":"dataconnect"},"message":"E0725 20:39:59.271373   17964 watch.go:40] Failed to load config from \"d:\\\\Application Dev\\\\SEL Live\\\\dataconnect\": could not find dataconnect.yaml in `d:\\Application Dev\\SEL Live\\dataconnect`\n"}}
[debug] [2026-07-25T15:10:09.271Z] E0725 20:40:09.271286   17964 watch.go:40] Failed to load config from "d:\\Application Dev\\SEL Live\\dataconnect": could not find dataconnect.yaml in `d:\Application Dev\SEL Live\dataconnect`
 {"metadata":{"emulator":{"name":"dataconnect"},"message":"E0725 20:40:09.271286   17964 watch.go:40] Failed to load config from \"d:\\\\Application Dev\\\\SEL Live\\\\dataconnect\": could not find dataconnect.yaml in `d:\\Application Dev\\SEL Live\\dataconnect`\n"}}
[debug] [2026-07-25T15:10:19.271Z] E0725 20:40:19.271475   17964 watch.go:40] Failed to load config from "d:\\Application Dev\\SEL Live\\dataconnect": could not find dataconnect.yaml in `d:\Application Dev\SEL Live\dataconnect`
 {"metadata":{"emulator":{"name":"dataconnect"},"message":"E0725 20:40:19.271475   17964 watch.go:40] Failed to load config from \"d:\\\\Application Dev\\\\SEL Live\\\\dataconnect\": could not find dataconnect.yaml in `d:\\Application Dev\\SEL Live\\dataconnect`\n"}}
[debug] [2026-07-25T15:10:29.271Z] E0725 20:40:29.271285   17964 watch.go:40] Failed to load config from "d:\\Application Dev\\SEL Live\\dataconnect": could not find dataconnect.yaml in `d:\Application Dev\SEL Live\dataconnect`
E0725 20:40:29.271285   17964 watch.go:116] watchAllDir unable to walk dir `d:\Application Dev\SEL Live\dataconnect`: GetFileAttributesEx d:\Application Dev\SEL Live\dataconnect: The system cannot find the file specified.
 {"metadata":{"emulator":{"name":"dataconnect"},"message":"E0725 20:40:29.271285   17964 watch.go:40] Failed to load config from \"d:\\\\Application Dev\\\\SEL Live\\\\dataconnect\": could not find dataconnect.yaml in `d:\\Application Dev\\SEL Live\\dataconnect`\nE0725 20:40:29.271285   17964 watch.go:116] watchAllDir unable to walk dir `d:\\Application Dev\\SEL Live\\dataconnect`: GetFileAttributesEx d:\\Application Dev\\SEL Live\\dataconnect: The system cannot find the file specified.\n"}}
[debug] [2026-07-25T15:10:39.271Z] E0725 20:40:39.271570   17964 watch.go:40] Failed to load config from "d:\\Application Dev\\SEL Live\\dataconnect": could not find dataconnect.yaml in `d:\Application Dev\SEL Live\dataconnect`
 {"metadata":{"emulator":{"name":"dataconnect"},"message":"E0725 20:40:39.271570   17964 watch.go:40] Failed to load config from \"d:\\\\Application Dev\\\\SEL Live\\\\dataconnect\": could not find dataconnect.yaml in `d:\\Application Dev\\SEL Live\\dataconnect`\n"}}
[debug] [2026-07-25T15:10:49.271Z] E0725 20:40:49.271697   17964 watch.go:40] Failed to load config from "d:\\Application Dev\\SEL Live\\dataconnect": could not find dataconnect.yaml in `d:\Application Dev\SEL Live\dataconnect`
 {"metadata":{"emulator":{"name":"dataconnect"},"message":"E0725 20:40:49.271697   17964 watch.go:40] Failed to load config from \"d:\\\\Application Dev\\\\SEL Live\\\\dataconnect\": could not find dataconnect.yaml in `d:\\Application Dev\\SEL Live\\dataconnect`\n"}}
[debug] [2026-07-25T15:10:59.271Z] E0725 20:40:59.271351   17964 watch.go:40] Failed to load config from "d:\\Application Dev\\SEL Live\\dataconnect": could not find dataconnect.yaml in `d:\Application Dev\SEL Live\dataconnect`
 {"metadata":{"emulator":{"name":"dataconnect"},"message":"E0725 20:40:59.271351   17964 watch.go:40] Failed to load config from \"d:\\\\Application Dev\\\\SEL Live\\\\dataconnect\": could not find dataconnect.yaml in `d:\\Application Dev\\SEL Live\\dataconnect`\n"}}
[debug] [2026-07-25T15:11:09.271Z] E0725 20:41:09.271228   17964 watch.go:40] Failed to load config from "d:\\Application Dev\\SEL Live\\dataconnect": could not find dataconnect.yaml in `d:\Application Dev\SEL Live\dataconnect`
 {"metadata":{"emulator":{"name":"dataconnect"},"message":"E0725 20:41:09.271228   17964 watch.go:40] Failed to load config from \"d:\\\\Application Dev\\\\SEL Live\\\\dataconnect\": could not find dataconnect.yaml in `d:\\Application Dev\\SEL Live\\dataconnect`\n"}}
[debug] [2026-07-25T15:11:19.271Z] E0725 20:41:19.271329   17964 watch.go:40] Failed to load config from "d:\\Application Dev\\SEL Live\\dataconnect": could not find dataconnect.yaml in `d:\Application Dev\SEL Live\dataconnect`
 {"metadata":{"emulator":{"name":"dataconnect"},"message":"E0725 20:41:19.271329   17964 watch.go:40] Failed to load config from \"d:\\\\Application Dev\\\\SEL Live\\\\dataconnect\": could not find dataconnect.yaml in `d:\\Application Dev\\SEL Live\\dataconnect`\n"}}
[debug] [2026-07-25T15:11:29.271Z] E0725 20:41:29.271149   17964 watch.go:116] watchAllDir unable to walk dir `d:\Application Dev\SEL Live\dataconnect`: GetFileAttributesEx d:\Application Dev\SEL Live\dataconnect: The system cannot find the file specified.
E0725 20:41:29.271149   17964 watch.go:40] Failed to load config from "d:\\Application Dev\\SEL Live\\dataconnect": could not find dataconnect.yaml in `d:\Application Dev\SEL Live\dataconnect`
 {"metadata":{"emulator":{"name":"dataconnect"},"message":"E0725 20:41:29.271149   17964 watch.go:116] watchAllDir unable to walk dir `d:\\Application Dev\\SEL Live\\dataconnect`: GetFileAttributesEx d:\\Application Dev\\SEL Live\\dataconnect: The system cannot find the file specified.\nE0725 20:41:29.271149   17964 watch.go:40] Failed to load config from \"d:\\\\Application Dev\\\\SEL Live\\\\dataconnect\": could not find dataconnect.yaml in `d:\\Application Dev\\SEL Live\\dataconnect`\n"}}
[debug] [2026-07-25T15:11:39.271Z] E0725 20:41:39.271429   17964 watch.go:40] Failed to load config from "d:\\Application Dev\\SEL Live\\dataconnect": could not find dataconnect.yaml in `d:\Application Dev\SEL Live\dataconnect`
 {"metadata":{"emulator":{"name":"dataconnect"},"message":"E0725 20:41:39.271429   17964 watch.go:40] Failed to load config from \"d:\\\\Application Dev\\\\SEL Live\\\\dataconnect\": could not find dataconnect.yaml in `d:\\Application Dev\\SEL Live\\dataconnect`\n"}}
[debug] [2026-07-25T15:11:49.271Z] E0725 20:41:49.271636   17964 watch.go:40] Failed to load config from "d:\\Application Dev\\SEL Live\\dataconnect": could not find dataconnect.yaml in `d:\Application Dev\SEL Live\dataconnect`
 {"metadata":{"emulator":{"name":"dataconnect"},"message":"E0725 20:41:49.271636   17964 watch.go:40] Failed to load config from \"d:\\\\Application Dev\\\\SEL Live\\\\dataconnect\": could not find dataconnect.yaml in `d:\\Application Dev\\SEL Live\\dataconnect`\n"}}
[debug] [2026-07-25T15:11:59.271Z] E0725 20:41:59.271334   17964 watch.go:40] Failed to load config from "d:\\Application Dev\\SEL Live\\dataconnect": could not find dataconnect.yaml in `d:\Application Dev\SEL Live\dataconnect`
 {"metadata":{"emulator":{"name":"dataconnect"},"message":"E0725 20:41:59.271334   17964 watch.go:40] Failed to load config from \"d:\\\\Application Dev\\\\SEL Live\\\\dataconnect\": could not find dataconnect.yaml in `d:\\Application Dev\\SEL Live\\dataconnect`\n"}}
[debug] [2026-07-25T15:12:09.272Z] E0725 20:42:09.271991   17964 watch.go:40] Failed to load config from "d:\\Application Dev\\SEL Live\\dataconnect": could not find dataconnect.yaml in `d:\Application Dev\SEL Live\dataconnect`
 {"metadata":{"emulator":{"name":"dataconnect"},"message":"E0725 20:42:09.271991   17964 watch.go:40] Failed to load config from \"d:\\\\Application Dev\\\\SEL Live\\\\dataconnect\": could not find dataconnect.yaml in `d:\\Application Dev\\SEL Live\\dataconnect`\n"}}
[debug] [2026-07-25T15:12:19.271Z] E0725 20:42:19.271506   17964 watch.go:40] Failed to load config from "d:\\Application Dev\\SEL Live\\dataconnect": could not find dataconnect.yaml in `d:\Application Dev\SEL Live\dataconnect`
 {"metadata":{"emulator":{"name":"dataconnect"},"message":"E0725 20:42:19.271506   17964 watch.go:40] Failed to load config from \"d:\\\\Application Dev\\\\SEL Live\\\\dataconnect\": could not find dataconnect.yaml in `d:\\Application Dev\\SEL Live\\dataconnect`\n"}}
[debug] [2026-07-25T15:12:29.271Z] E0725 20:42:29.271570   17964 watch.go:116] watchAllDir unable to walk dir `d:\Application Dev\SEL Live\dataconnect`: GetFileAttributesEx d:\Application Dev\SEL Live\dataconnect: The system cannot find the file specified.
E0725 20:42:29.271570   17964 watch.go:40] Failed to load config from "d:\\Application Dev\\SEL Live\\dataconnect": could not find dataconnect.yaml in `d:\Application Dev\SEL Live\dataconnect`
 {"metadata":{"emulator":{"name":"dataconnect"},"message":"E0725 20:42:29.271570   17964 watch.go:116] watchAllDir unable to walk dir `d:\\Application Dev\\SEL Live\\dataconnect`: GetFileAttributesEx d:\\Application Dev\\SEL Live\\dataconnect: The system cannot find the file specified.\nE0725 20:42:29.271570   17964 watch.go:40] Failed to load config from \"d:\\\\Application Dev\\\\SEL Live\\\\dataconnect\": could not find dataconnect.yaml in `d:\\Application Dev\\SEL Live\\dataconnect`\n"}}
[debug] [2026-07-25T15:12:39.271Z] E0725 20:42:39.271404   17964 watch.go:40] Failed to load config from "d:\\Application Dev\\SEL Live\\dataconnect": could not find dataconnect.yaml in `d:\Application Dev\SEL Live\dataconnect`
 {"metadata":{"emulator":{"name":"dataconnect"},"message":"E0725 20:42:39.271404   17964 watch.go:40] Failed to load config from \"d:\\\\Application Dev\\\\SEL Live\\\\dataconnect\": could not find dataconnect.yaml in `d:\\Application Dev\\SEL Live\\dataconnect`\n"}}
[debug] [2026-07-25T15:12:49.271Z] E0725 20:42:49.271338   17964 watch.go:40] Failed to load config from "d:\\Application Dev\\SEL Live\\dataconnect": could not find dataconnect.yaml in `d:\Application Dev\SEL Live\dataconnect`
 {"metadata":{"emulator":{"name":"dataconnect"},"message":"E0725 20:42:49.271338   17964 watch.go:40] Failed to load config from \"d:\\\\Application Dev\\\\SEL Live\\\\dataconnect\": could not find dataconnect.yaml in `d:\\Application Dev\\SEL Live\\dataconnect`\n"}}
[debug] [2026-07-25T15:12:59.271Z] E0725 20:42:59.271627   17964 watch.go:40] Failed to load config from "d:\\Application Dev\\SEL Live\\dataconnect": could not find dataconnect.yaml in `d:\Application Dev\SEL Live\dataconnect`
 {"metadata":{"emulator":{"name":"dataconnect"},"message":"E0725 20:42:59.271627   17964 watch.go:40] Failed to load config from \"d:\\\\Application Dev\\\\SEL Live\\\\dataconnect\": could not find dataconnect.yaml in `d:\\Application Dev\\SEL Live\\dataconnect`\n"}}
[debug] [2026-07-25T15:13:09.271Z] E0725 20:43:09.271471   17964 watch.go:40] Failed to load config from "d:\\Application Dev\\SEL Live\\dataconnect": could not find dataconnect.yaml in `d:\Application Dev\SEL Live\dataconnect`
 {"metadata":{"emulator":{"name":"dataconnect"},"message":"E0725 20:43:09.271471   17964 watch.go:40] Failed to load config from \"d:\\\\Application Dev\\\\SEL Live\\\\dataconnect\": could not find dataconnect.yaml in `d:\\Application Dev\\SEL Live\\dataconnect`\n"}}
[debug] [2026-07-25T15:13:19.271Z] E0725 20:43:19.271619   17964 watch.go:40] Failed to load config from "d:\\Application Dev\\SEL Live\\dataconnect": could not find dataconnect.yaml in `d:\Application Dev\SEL Live\dataconnect`
 {"metadata":{"emulator":{"name":"dataconnect"},"message":"E0725 20:43:19.271619   17964 watch.go:40] Failed to load config from \"d:\\\\Application Dev\\\\SEL Live\\\\dataconnect\": could not find dataconnect.yaml in `d:\\Application Dev\\SEL Live\\dataconnect`\n"}}
[debug] [2026-07-25T15:13:29.271Z] E0725 20:43:29.271588   17964 watch.go:116] watchAllDir unable to walk dir `d:\Application Dev\SEL Live\dataconnect`: GetFileAttributesEx d:\Application Dev\SEL Live\dataconnect: The system cannot find the file specified.
 {"metadata":{"emulator":{"name":"dataconnect"},"message":"E0725 20:43:29.271588   17964 watch.go:116] watchAllDir unable to walk dir `d:\\Application Dev\\SEL Live\\dataconnect`: GetFileAttributesEx d:\\Application Dev\\SEL Live\\dataconnect: The system cannot find the file specified.\n"}}
[debug] [2026-07-25T15:13:29.271Z] E0725 20:43:29.271588   17964 watch.go:40] Failed to load config from "d:\\Application Dev\\SEL Live\\dataconnect": could not find dataconnect.yaml in `d:\Application Dev\SEL Live\dataconnect`
 {"metadata":{"emulator":{"name":"dataconnect"},"message":"E0725 20:43:29.271588   17964 watch.go:40] Failed to load config from \"d:\\\\Application Dev\\\\SEL Live\\\\dataconnect\": could not find dataconnect.yaml in `d:\\Application Dev\\SEL Live\\dataconnect`\n"}}
[debug] [2026-07-25T15:13:39.271Z] E0725 20:43:39.271586   17964 watch.go:40] Failed to load config from "d:\\Application Dev\\SEL Live\\dataconnect": could not find dataconnect.yaml in `d:\Application Dev\SEL Live\dataconnect`
 {"metadata":{"emulator":{"name":"dataconnect"},"message":"E0725 20:43:39.271586   17964 watch.go:40] Failed to load config from \"d:\\\\Application Dev\\\\SEL Live\\\\dataconnect\": could not find dataconnect.yaml in `d:\\Application Dev\\SEL Live\\dataconnect`\n"}}
[debug] [2026-07-25T15:13:49.271Z] E0725 20:43:49.271669   17964 watch.go:40] Failed to load config from "d:\\Application Dev\\SEL Live\\dataconnect": could not find dataconnect.yaml in `d:\Application Dev\SEL Live\dataconnect`
 {"metadata":{"emulator":{"name":"dataconnect"},"message":"E0725 20:43:49.271669   17964 watch.go:40] Failed to load config from \"d:\\\\Application Dev\\\\SEL Live\\\\dataconnect\": could not find dataconnect.yaml in `d:\\Application Dev\\SEL Live\\dataconnect`\n"}}
[debug] [2026-07-25T15:13:59.271Z] E0725 20:43:59.271213   17964 watch.go:40] Failed to load config from "d:\\Application Dev\\SEL Live\\dataconnect": could not find dataconnect.yaml in `d:\Application Dev\SEL Live\dataconnect`
 {"metadata":{"emulator":{"name":"dataconnect"},"message":"E0725 20:43:59.271213   17964 watch.go:40] Failed to load config from \"d:\\\\Application Dev\\\\SEL Live\\\\dataconnect\": could not find dataconnect.yaml in `d:\\Application Dev\\SEL Live\\dataconnect`\n"}}
[debug] [2026-07-25T15:14:09.271Z] E0725 20:44:09.271740   17964 watch.go:40] Failed to load config from "d:\\Application Dev\\SEL Live\\dataconnect": could not find dataconnect.yaml in `d:\Application Dev\SEL Live\dataconnect`
 {"metadata":{"emulator":{"name":"dataconnect"},"message":"E0725 20:44:09.271740   17964 watch.go:40] Failed to load config from \"d:\\\\Application Dev\\\\SEL Live\\\\dataconnect\": could not find dataconnect.yaml in `d:\\Application Dev\\SEL Live\\dataconnect`\n"}}
[debug] [2026-07-25T15:14:19.271Z] E0725 20:44:19.271173   17964 watch.go:40] Failed to load config from "d:\\Application Dev\\SEL Live\\dataconnect": could not find dataconnect.yaml in `d:\Application Dev\SEL Live\dataconnect`
 {"metadata":{"emulator":{"name":"dataconnect"},"message":"E0725 20:44:19.271173   17964 watch.go:40] Failed to load config from \"d:\\\\Application Dev\\\\SEL Live\\\\dataconnect\": could not find dataconnect.yaml in `d:\\Application Dev\\SEL Live\\dataconnect`\n"}}
[debug] [2026-07-25T15:14:29.271Z] E0725 20:44:29.271426   17964 watch.go:116] watchAllDir unable to walk dir `d:\Application Dev\SEL Live\dataconnect`: GetFileAttributesEx d:\Application Dev\SEL Live\dataconnect: The system cannot find the file specified.
 {"metadata":{"emulator":{"name":"dataconnect"},"message":"E0725 20:44:29.271426   17964 watch.go:116] watchAllDir unable to walk dir `d:\\Application Dev\\SEL Live\\dataconnect`: GetFileAttributesEx d:\\Application Dev\\SEL Live\\dataconnect: The system cannot find the file specified.\n"}}
[debug] [2026-07-25T15:14:29.271Z] E0725 20:44:29.271426   17964 watch.go:40] Failed to load config from "d:\\Application Dev\\SEL Live\\dataconnect": could not find dataconnect.yaml in `d:\Application Dev\SEL Live\dataconnect`
 {"metadata":{"emulator":{"name":"dataconnect"},"message":"E0725 20:44:29.271426   17964 watch.go:40] Failed to load config from \"d:\\\\Application Dev\\\\SEL Live\\\\dataconnect\": could not find dataconnect.yaml in `d:\\Application Dev\\SEL Live\\dataconnect`\n"}}
[debug] [2026-07-25T15:14:39.271Z] E0725 20:44:39.271416   17964 watch.go:40] Failed to load config from "d:\\Application Dev\\SEL Live\\dataconnect": could not find dataconnect.yaml in `d:\Application Dev\SEL Live\dataconnect`
 {"metadata":{"emulator":{"name":"dataconnect"},"message":"E0725 20:44:39.271416   17964 watch.go:40] Failed to load config from \"d:\\\\Application Dev\\\\SEL Live\\\\dataconnect\": could not find dataconnect.yaml in `d:\\Application Dev\\SEL Live\\dataconnect`\n"}}
[debug] [2026-07-25T15:14:49.271Z] E0725 20:44:49.271538   17964 watch.go:40] Failed to load config from "d:\\Application Dev\\SEL Live\\dataconnect": could not find dataconnect.yaml in `d:\Application Dev\SEL Live\dataconnect`
 {"metadata":{"emulator":{"name":"dataconnect"},"message":"E0725 20:44:49.271538   17964 watch.go:40] Failed to load config from \"d:\\\\Application Dev\\\\SEL Live\\\\dataconnect\": could not find dataconnect.yaml in `d:\\Application Dev\\SEL Live\\dataconnect`\n"}}
[debug] [2026-07-25T15:14:59.271Z] E0725 20:44:59.271379   17964 watch.go:40] Failed to load config from "d:\\Application Dev\\SEL Live\\dataconnect": could not find dataconnect.yaml in `d:\Application Dev\SEL Live\dataconnect`
 {"metadata":{"emulator":{"name":"dataconnect"},"message":"E0725 20:44:59.271379   17964 watch.go:40] Failed to load config from \"d:\\\\Application Dev\\\\SEL Live\\\\dataconnect\": could not find dataconnect.yaml in `d:\\Application Dev\\SEL Live\\dataconnect`\n"}}
[debug] [2026-07-25T15:15:09.271Z] E0725 20:45:09.271255   17964 watch.go:40] Failed to load config from "d:\\Application Dev\\SEL Live\\dataconnect": could not find dataconnect.yaml in `d:\Application Dev\SEL Live\dataconnect`
 {"metadata":{"emulator":{"name":"dataconnect"},"message":"E0725 20:45:09.271255   17964 watch.go:40] Failed to load config from \"d:\\\\Application Dev\\\\SEL Live\\\\dataconnect\": could not find dataconnect.yaml in `d:\\Application Dev\\SEL Live\\dataconnect`\n"}}
[debug] [2026-07-25T15:15:19.271Z] E0725 20:45:19.271470   17964 watch.go:40] Failed to load config from "d:\\Application Dev\\SEL Live\\dataconnect": could not find dataconnect.yaml in `d:\Application Dev\SEL Live\dataconnect`
 {"metadata":{"emulator":{"name":"dataconnect"},"message":"E0725 20:45:19.271470   17964 watch.go:40] Failed to load config from \"d:\\\\Application Dev\\\\SEL Live\\\\dataconnect\": could not find dataconnect.yaml in `d:\\Application Dev\\SEL Live\\dataconnect`\n"}}
[debug] [2026-07-25T15:15:29.271Z] E0725 20:45:29.271364   17964 watch.go:116] watchAllDir unable to walk dir `d:\Application Dev\SEL Live\dataconnect`: GetFileAttributesEx d:\Application Dev\SEL Live\dataconnect: The system cannot find the file specified.
E0725 20:45:29.271364   17964 watch.go:40] Failed to load config from "d:\\Application Dev\\SEL Live\\dataconnect": could not find dataconnect.yaml in `d:\Application Dev\SEL Live\dataconnect`
 {"metadata":{"emulator":{"name":"dataconnect"},"message":"E0725 20:45:29.271364   17964 watch.go:116] watchAllDir unable to walk dir `d:\\Application Dev\\SEL Live\\dataconnect`: GetFileAttributesEx d:\\Application Dev\\SEL Live\\dataconnect: The system cannot find the file specified.\nE0725 20:45:29.271364   17964 watch.go:40] Failed to load config from \"d:\\\\Application Dev\\\\SEL Live\\\\dataconnect\": could not find dataconnect.yaml in `d:\\Application Dev\\SEL Live\\dataconnect`\n"}}
[debug] [2026-07-25T15:15:39.271Z] E0725 20:45:39.271420   17964 watch.go:40] Failed to load config from "d:\\Application Dev\\SEL Live\\dataconnect": could not find dataconnect.yaml in `d:\Application Dev\SEL Live\dataconnect`
 {"metadata":{"emulator":{"name":"dataconnect"},"message":"E0725 20:45:39.271420   17964 watch.go:40] Failed to load config from \"d:\\\\Application Dev\\\\SEL Live\\\\dataconnect\": could not find dataconnect.yaml in `d:\\Application Dev\\SEL Live\\dataconnect`\n"}}
[debug] [2026-07-25T15:15:49.271Z] E0725 20:45:49.271563   17964 watch.go:40] Failed to load config from "d:\\Application Dev\\SEL Live\\dataconnect": could not find dataconnect.yaml in `d:\Application Dev\SEL Live\dataconnect`
 {"metadata":{"emulator":{"name":"dataconnect"},"message":"E0725 20:45:49.271563   17964 watch.go:40] Failed to load config from \"d:\\\\Application Dev\\\\SEL Live\\\\dataconnect\": could not find dataconnect.yaml in `d:\\Application Dev\\SEL Live\\dataconnect`\n"}}
[debug] [2026-07-25T15:15:59.271Z] E0725 20:45:59.271594   17964 watch.go:40] Failed to load config from "d:\\Application Dev\\SEL Live\\dataconnect": could not find dataconnect.yaml in `d:\Application Dev\SEL Live\dataconnect`
 {"metadata":{"emulator":{"name":"dataconnect"},"message":"E0725 20:45:59.271594   17964 watch.go:40] Failed to load config from \"d:\\\\Application Dev\\\\SEL Live\\\\dataconnect\": could not find dataconnect.yaml in `d:\\Application Dev\\SEL Live\\dataconnect`\n"}}
[debug] [2026-07-25T15:16:09.270Z] E0725 20:46:10.323192   17964 watch.go:40] Failed to load config from "d:\\Application Dev\\SEL Live\\dataconnect": could not find dataconnect.yaml in `d:\Application Dev\SEL Live\dataconnect`
 {"metadata":{"emulator":{"name":"dataconnect"},"message":"E0725 20:46:10.323192   17964 watch.go:40] Failed to load config from \"d:\\\\Application Dev\\\\SEL Live\\\\dataconnect\": could not find dataconnect.yaml in `d:\\Application Dev\\SEL Live\\dataconnect`\n"}}
[debug] [2026-07-25T15:16:19.271Z] E0725 20:46:20.323638   17964 watch.go:40] Failed to load config from "d:\\Application Dev\\SEL Live\\dataconnect": could not find dataconnect.yaml in `d:\Application Dev\SEL Live\dataconnect`
 {"metadata":{"emulator":{"name":"dataconnect"},"message":"E0725 20:46:20.323638   17964 watch.go:40] Failed to load config from \"d:\\\\Application Dev\\\\SEL Live\\\\dataconnect\": could not find dataconnect.yaml in `d:\\Application Dev\\SEL Live\\dataconnect`\n"}}
[debug] [2026-07-25T15:16:30.323Z] E0725 20:46:30.323479   17964 watch.go:116] watchAllDir unable to walk dir `d:\Application Dev\SEL Live\dataconnect`: GetFileAttributesEx d:\Application Dev\SEL Live\dataconnect: The system cannot find the file specified.
 {"metadata":{"emulator":{"name":"dataconnect"},"message":"E0725 20:46:30.323479   17964 watch.go:116] watchAllDir unable to walk dir `d:\\Application Dev\\SEL Live\\dataconnect`: GetFileAttributesEx d:\\Application Dev\\SEL Live\\dataconnect: The system cannot find the file specified.\n"}}
[debug] [2026-07-25T15:16:30.323Z] E0725 20:46:30.323479   17964 watch.go:40] Failed to load config from "d:\\Application Dev\\SEL Live\\dataconnect": could not find dataconnect.yaml in `d:\Application Dev\SEL Live\dataconnect`
 {"metadata":{"emulator":{"name":"dataconnect"},"message":"E0725 20:46:30.323479   17964 watch.go:40] Failed to load config from \"d:\\\\Application Dev\\\\SEL Live\\\\dataconnect\": could not find dataconnect.yaml in `d:\\Application Dev\\SEL Live\\dataconnect`\n"}}
[debug] [2026-07-25T15:16:40.323Z] E0725 20:46:40.323783   17964 watch.go:40] Failed to load config from "d:\\Application Dev\\SEL Live\\dataconnect": could not find dataconnect.yaml in `d:\Application Dev\SEL Live\dataconnect`
 {"metadata":{"emulator":{"name":"dataconnect"},"message":"E0725 20:46:40.323783   17964 watch.go:40] Failed to load config from \"d:\\\\Application Dev\\\\SEL Live\\\\dataconnect\": could not find dataconnect.yaml in `d:\\Application Dev\\SEL Live\\dataconnect`\n"}}
[debug] [2026-07-25T15:16:50.323Z] E0725 20:46:50.323527   17964 watch.go:40] Failed to load config from "d:\\Application Dev\\SEL Live\\dataconnect": could not find dataconnect.yaml in `d:\Application Dev\SEL Live\dataconnect`
 {"metadata":{"emulator":{"name":"dataconnect"},"message":"E0725 20:46:50.323527   17964 watch.go:40] Failed to load config from \"d:\\\\Application Dev\\\\SEL Live\\\\dataconnect\": could not find dataconnect.yaml in `d:\\Application Dev\\SEL Live\\dataconnect`\n"}}
[debug] [2026-07-25T15:17:00.323Z] E0725 20:47:00.323501   17964 watch.go:40] Failed to load config from "d:\\Application Dev\\SEL Live\\dataconnect": could not find dataconnect.yaml in `d:\Application Dev\SEL Live\dataconnect`
 {"metadata":{"emulator":{"name":"dataconnect"},"message":"E0725 20:47:00.323501   17964 watch.go:40] Failed to load config from \"d:\\\\Application Dev\\\\SEL Live\\\\dataconnect\": could not find dataconnect.yaml in `d:\\Application Dev\\SEL Live\\dataconnect`\n"}}
[debug] [2026-07-25T15:17:10.323Z] E0725 20:47:10.323384   17964 watch.go:40] Failed to load config from "d:\\Application Dev\\SEL Live\\dataconnect": could not find dataconnect.yaml in `d:\Application Dev\SEL Live\dataconnect`
 {"metadata":{"emulator":{"name":"dataconnect"},"message":"E0725 20:47:10.323384   17964 watch.go:40] Failed to load config from \"d:\\\\Application Dev\\\\SEL Live\\\\dataconnect\": could not find dataconnect.yaml in `d:\\Application Dev\\SEL Live\\dataconnect`\n"}}
[debug] [2026-07-25T15:17:20.323Z] E0725 20:47:20.323277   17964 watch.go:40] Failed to load config from "d:\\Application Dev\\SEL Live\\dataconnect": could not find dataconnect.yaml in `d:\Application Dev\SEL Live\dataconnect`
 {"metadata":{"emulator":{"name":"dataconnect"},"message":"E0725 20:47:20.323277   17964 watch.go:40] Failed to load config from \"d:\\\\Application Dev\\\\SEL Live\\\\dataconnect\": could not find dataconnect.yaml in `d:\\Application Dev\\SEL Live\\dataconnect`\n"}}
[debug] [2026-07-25T15:17:30.323Z] E0725 20:47:30.323726   17964 watch.go:116] watchAllDir unable to walk dir `d:\Application Dev\SEL Live\dataconnect`: GetFileAttributesEx d:\Application Dev\SEL Live\dataconnect: The system cannot find the file specified.
E0725 20:47:30.323726   17964 watch.go:40] Failed to load config from "d:\\Application Dev\\SEL Live\\dataconnect": could not find dataconnect.yaml in `d:\Application Dev\SEL Live\dataconnect`
 {"metadata":{"emulator":{"name":"dataconnect"},"message":"E0725 20:47:30.323726   17964 watch.go:116] watchAllDir unable to walk dir `d:\\Application Dev\\SEL Live\\dataconnect`: GetFileAttributesEx d:\\Application Dev\\SEL Live\\dataconnect: The system cannot find the file specified.\nE0725 20:47:30.323726   17964 watch.go:40] Failed to load config from \"d:\\\\Application Dev\\\\SEL Live\\\\dataconnect\": could not find dataconnect.yaml in `d:\\Application Dev\\SEL Live\\dataconnect`\n"}}
[debug] [2026-07-25T15:17:40.323Z] E0725 20:47:40.323590   17964 watch.go:40] Failed to load config from "d:\\Application Dev\\SEL Live\\dataconnect": could not find dataconnect.yaml in `d:\Application Dev\SEL Live\dataconnect`
 {"metadata":{"emulator":{"name":"dataconnect"},"message":"E0725 20:47:40.323590   17964 watch.go:40] Failed to load config from \"d:\\\\Application Dev\\\\SEL Live\\\\dataconnect\": could not find dataconnect.yaml in `d:\\Application Dev\\SEL Live\\dataconnect`\n"}}
[debug] [2026-07-25T15:17:50.323Z] E0725 20:47:50.323601   17964 watch.go:40] Failed to load config from "d:\\Application Dev\\SEL Live\\dataconnect": could not find dataconnect.yaml in `d:\Application Dev\SEL Live\dataconnect`
 {"metadata":{"emulator":{"name":"dataconnect"},"message":"E0725 20:47:50.323601   17964 watch.go:40] Failed to load config from \"d:\\\\Application Dev\\\\SEL Live\\\\dataconnect\": could not find dataconnect.yaml in `d:\\Application Dev\\SEL Live\\dataconnect`\n"}}
[debug] [2026-07-25T15:18:00.323Z] E0725 20:48:00.323673   17964 watch.go:40] Failed to load config from "d:\\Application Dev\\SEL Live\\dataconnect": could not find dataconnect.yaml in `d:\Application Dev\SEL Live\dataconnect`
 {"metadata":{"emulator":{"name":"dataconnect"},"message":"E0725 20:48:00.323673   17964 watch.go:40] Failed to load config from \"d:\\\\Application Dev\\\\SEL Live\\\\dataconnect\": could not find dataconnect.yaml in `d:\\Application Dev\\SEL Live\\dataconnect`\n"}}
[debug] [2026-07-25T15:18:10.323Z] E0725 20:48:10.323848   17964 watch.go:40] Failed to load config from "d:\\Application Dev\\SEL Live\\dataconnect": could not find dataconnect.yaml in `d:\Application Dev\SEL Live\dataconnect`
 {"metadata":{"emulator":{"name":"dataconnect"},"message":"E0725 20:48:10.323848   17964 watch.go:40] Failed to load config from \"d:\\\\Application Dev\\\\SEL Live\\\\dataconnect\": could not find dataconnect.yaml in `d:\\Application Dev\\SEL Live\\dataconnect`\n"}}
[debug] [2026-07-25T15:18:20.323Z] E0725 20:48:20.323707   17964 watch.go:40] Failed to load config from "d:\\Application Dev\\SEL Live\\dataconnect": could not find dataconnect.yaml in `d:\Application Dev\SEL Live\dataconnect`
 {"metadata":{"emulator":{"name":"dataconnect"},"message":"E0725 20:48:20.323707   17964 watch.go:40] Failed to load config from \"d:\\\\Application Dev\\\\SEL Live\\\\dataconnect\": could not find dataconnect.yaml in `d:\\Application Dev\\SEL Live\\dataconnect`\n"}}
[debug] [2026-07-25T15:18:30.323Z] E0725 20:48:30.323377   17964 watch.go:116] watchAllDir unable to walk dir `d:\Application Dev\SEL Live\dataconnect`: GetFileAttributesEx d:\Application Dev\SEL Live\dataconnect: The system cannot find the file specified.
E0725 20:48:30.323377   17964 watch.go:40] Failed to load config from "d:\\Application Dev\\SEL Live\\dataconnect": could not find dataconnect.yaml in `d:\Application Dev\SEL Live\dataconnect`
 {"metadata":{"emulator":{"name":"dataconnect"},"message":"E0725 20:48:30.323377   17964 watch.go:116] watchAllDir unable to walk dir `d:\\Application Dev\\SEL Live\\dataconnect`: GetFileAttributesEx d:\\Application Dev\\SEL Live\\dataconnect: The system cannot find the file specified.\nE0725 20:48:30.323377   17964 watch.go:40] Failed to load config from \"d:\\\\Application Dev\\\\SEL Live\\\\dataconnect\": could not find dataconnect.yaml in `d:\\Application Dev\\SEL Live\\dataconnect`\n"}}
[debug] [2026-07-25T15:18:40.323Z] E0725 20:48:40.323688   17964 watch.go:40] Failed to load config from "d:\\Application Dev\\SEL Live\\dataconnect": could not find dataconnect.yaml in `d:\Application Dev\SEL Live\dataconnect`
 {"metadata":{"emulator":{"name":"dataconnect"},"message":"E0725 20:48:40.323688   17964 watch.go:40] Failed to load config from \"d:\\\\Application Dev\\\\SEL Live\\\\dataconnect\": could not find dataconnect.yaml in `d:\\Application Dev\\SEL Live\\dataconnect`\n"}}
[debug] [2026-07-25T15:18:50.323Z] E0725 20:48:50.323359   17964 watch.go:40] Failed to load config from "d:\\Application Dev\\SEL Live\\dataconnect": could not find dataconnect.yaml in `d:\Application Dev\SEL Live\dataconnect`
 {"metadata":{"emulator":{"name":"dataconnect"},"message":"E0725 20:48:50.323359   17964 watch.go:40] Failed to load config from \"d:\\\\Application Dev\\\\SEL Live\\\\dataconnect\": could not find dataconnect.yaml in `d:\\Application Dev\\SEL Live\\dataconnect`\n"}}
[debug] [2026-07-25T15:19:00.323Z] E0725 20:49:00.323509   17964 watch.go:40] Failed to load config from "d:\\Application Dev\\SEL Live\\dataconnect": could not find dataconnect.yaml in `d:\Application Dev\SEL Live\dataconnect`
 {"metadata":{"emulator":{"name":"dataconnect"},"message":"E0725 20:49:00.323509   17964 watch.go:40] Failed to load config from \"d:\\\\Application Dev\\\\SEL Live\\\\dataconnect\": could not find dataconnect.yaml in `d:\\Application Dev\\SEL Live\\dataconnect`\n"}}
[debug] [2026-07-25T15:19:10.324Z] E0725 20:49:10.324055   17964 watch.go:40] Failed to load config from "d:\\Application Dev\\SEL Live\\dataconnect": could not find dataconnect.yaml in `d:\Application Dev\SEL Live\dataconnect`
 {"metadata":{"emulator":{"name":"dataconnect"},"message":"E0725 20:49:10.324055   17964 watch.go:40] Failed to load config from \"d:\\\\Application Dev\\\\SEL Live\\\\dataconnect\": could not find dataconnect.yaml in `d:\\Application Dev\\SEL Live\\dataconnect`\n"}}
[debug] [2026-07-25T15:19:20.323Z] E0725 20:49:20.323759   17964 watch.go:40] Failed to load config from "d:\\Application Dev\\SEL Live\\dataconnect": could not find dataconnect.yaml in `d:\Application Dev\SEL Live\dataconnect`
 {"metadata":{"emulator":{"name":"dataconnect"},"message":"E0725 20:49:20.323759   17964 watch.go:40] Failed to load config from \"d:\\\\Application Dev\\\\SEL Live\\\\dataconnect\": could not find dataconnect.yaml in `d:\\Application Dev\\SEL Live\\dataconnect`\n"}}
[debug] [2026-07-25T15:19:30.323Z] E0725 20:49:30.323252   17964 watch.go:116] watchAllDir unable to walk dir `d:\Application Dev\SEL Live\dataconnect`: GetFileAttributesEx d:\Application Dev\SEL Live\dataconnect: The system cannot find the file specified.
E0725 20:49:30.323252   17964 watch.go:40] Failed to load config from "d:\\Application Dev\\SEL Live\\dataconnect": could not find dataconnect.yaml in `d:\Application Dev\SEL Live\dataconnect`
 {"metadata":{"emulator":{"name":"dataconnect"},"message":"E0725 20:49:30.323252   17964 watch.go:116] watchAllDir unable to walk dir `d:\\Application Dev\\SEL Live\\dataconnect`: GetFileAttributesEx d:\\Application Dev\\SEL Live\\dataconnect: The system cannot find the file specified.\nE0725 20:49:30.323252   17964 watch.go:40] Failed to load config from \"d:\\\\Application Dev\\\\SEL Live\\\\dataconnect\": could not find dataconnect.yaml in `d:\\Application Dev\\SEL Live\\dataconnect`\n"}}
[debug] [2026-07-25T15:19:40.323Z] E0725 20:49:40.323649   17964 watch.go:40] Failed to load config from "d:\\Application Dev\\SEL Live\\dataconnect": could not find dataconnect.yaml in `d:\Application Dev\SEL Live\dataconnect`
 {"metadata":{"emulator":{"name":"dataconnect"},"message":"E0725 20:49:40.323649   17964 watch.go:40] Failed to load config from \"d:\\\\Application Dev\\\\SEL Live\\\\dataconnect\": could not find dataconnect.yaml in `d:\\Application Dev\\SEL Live\\dataconnect`\n"}}
[debug] [2026-07-25T15:19:50.323Z] E0725 20:49:50.323529   17964 watch.go:40] Failed to load config from "d:\\Application Dev\\SEL Live\\dataconnect": could not find dataconnect.yaml in `d:\Application Dev\SEL Live\dataconnect`
 {"metadata":{"emulator":{"name":"dataconnect"},"message":"E0725 20:49:50.323529   17964 watch.go:40] Failed to load config from \"d:\\\\Application Dev\\\\SEL Live\\\\dataconnect\": could not find dataconnect.yaml in `d:\\Application Dev\\SEL Live\\dataconnect`\n"}}
[debug] [2026-07-25T15:20:00.323Z] E0725 20:50:00.323582   17964 watch.go:40] Failed to load config from "d:\\Application Dev\\SEL Live\\dataconnect": could not find dataconnect.yaml in `d:\Application Dev\SEL Live\dataconnect`
 {"metadata":{"emulator":{"name":"dataconnect"},"message":"E0725 20:50:00.323582   17964 watch.go:40] Failed to load config from \"d:\\\\Application Dev\\\\SEL Live\\\\dataconnect\": could not find dataconnect.yaml in `d:\\Application Dev\\SEL Live\\dataconnect`\n"}}
[debug] [2026-07-25T15:20:10.323Z] E0725 20:50:10.323358   17964 watch.go:40] Failed to load config from "d:\\Application Dev\\SEL Live\\dataconnect": could not find dataconnect.yaml in `d:\Application Dev\SEL Live\dataconnect`
 {"metadata":{"emulator":{"name":"dataconnect"},"message":"E0725 20:50:10.323358   17964 watch.go:40] Failed to load config from \"d:\\\\Application Dev\\\\SEL Live\\\\dataconnect\": could not find dataconnect.yaml in `d:\\Application Dev\\SEL Live\\dataconnect`\n"}}
[debug] [2026-07-25T15:20:20.323Z] E0725 20:50:20.323348   17964 watch.go:40] Failed to load config from "d:\\Application Dev\\SEL Live\\dataconnect": could not find dataconnect.yaml in `d:\Application Dev\SEL Live\dataconnect`
 {"metadata":{"emulator":{"name":"dataconnect"},"message":"E0725 20:50:20.323348   17964 watch.go:40] Failed to load config from \"d:\\\\Application Dev\\\\SEL Live\\\\dataconnect\": could not find dataconnect.yaml in `d:\\Application Dev\\SEL Live\\dataconnect`\n"}}
[debug] [2026-07-25T15:20:30.320Z] E0725 20:50:30.323323   17964 watch.go:116] watchAllDir unable to walk dir `d:\Application Dev\SEL Live\dataconnect`: GetFileAttributesEx d:\Application Dev\SEL Live\dataconnect: The system cannot find the file specified.
E0725 20:50:30.323323   17964 watch.go:40] Failed to load config from "d:\\Application Dev\\SEL Live\\dataconnect": could not find dataconnect.yaml in `d:\Application Dev\SEL Live\dataconnect`
 {"metadata":{"emulator":{"name":"dataconnect"},"message":"E0725 20:50:30.323323   17964 watch.go:116] watchAllDir unable to walk dir `d:\\Application Dev\\SEL Live\\dataconnect`: GetFileAttributesEx d:\\Application Dev\\SEL Live\\dataconnect: The system cannot find the file specified.\nE0725 20:50:30.323323   17964 watch.go:40] Failed to load config from \"d:\\\\Application Dev\\\\SEL Live\\\\dataconnect\": could not find dataconnect.yaml in `d:\\Application Dev\\SEL Live\\dataconnect`\n"}}
[debug] [2026-07-25T15:20:40.320Z] E0725 20:50:40.323289   17964 watch.go:40] Failed to load config from "d:\\Application Dev\\SEL Live\\dataconnect": could not find dataconnect.yaml in `d:\Application Dev\SEL Live\dataconnect`
 {"metadata":{"emulator":{"name":"dataconnect"},"message":"E0725 20:50:40.323289   17964 watch.go:40] Failed to load config from \"d:\\\\Application Dev\\\\SEL Live\\\\dataconnect\": could not find dataconnect.yaml in `d:\\Application Dev\\SEL Live\\dataconnect`\n"}}
[debug] [2026-07-25T15:20:50.320Z] E0725 20:50:50.323274   17964 watch.go:40] Failed to load config from "d:\\Application Dev\\SEL Live\\dataconnect": could not find dataconnect.yaml in `d:\Application Dev\SEL Live\dataconnect`
 {"metadata":{"emulator":{"name":"dataconnect"},"message":"E0725 20:50:50.323274   17964 watch.go:40] Failed to load config from \"d:\\\\Application Dev\\\\SEL Live\\\\dataconnect\": could not find dataconnect.yaml in `d:\\Application Dev\\SEL Live\\dataconnect`\n"}}
[debug] [2026-07-25T15:21:00.320Z] E0725 20:51:00.323263   17964 watch.go:40] Failed to load config from "d:\\Application Dev\\SEL Live\\dataconnect": could not find dataconnect.yaml in `d:\Application Dev\SEL Live\dataconnect`
 {"metadata":{"emulator":{"name":"dataconnect"},"message":"E0725 20:51:00.323263   17964 watch.go:40] Failed to load config from \"d:\\\\Application Dev\\\\SEL Live\\\\dataconnect\": could not find dataconnect.yaml in `d:\\Application Dev\\SEL Live\\dataconnect`\n"}}
[debug] [2026-07-25T15:21:10.320Z] E0725 20:51:10.323235   17964 watch.go:40] Failed to load config from "d:\\Application Dev\\SEL Live\\dataconnect": could not find dataconnect.yaml in `d:\Application Dev\SEL Live\dataconnect`
 {"metadata":{"emulator":{"name":"dataconnect"},"message":"E0725 20:51:10.323235   17964 watch.go:40] Failed to load config from \"d:\\\\Application Dev\\\\SEL Live\\\\dataconnect\": could not find dataconnect.yaml in `d:\\Application Dev\\SEL Live\\dataconnect`\n"}}
[debug] [2026-07-25T15:21:20.321Z] E0725 20:51:20.324057   17964 watch.go:40] Failed to load config from "d:\\Application Dev\\SEL Live\\dataconnect": could not find dataconnect.yaml in `d:\Application Dev\SEL Live\dataconnect`
 {"metadata":{"emulator":{"name":"dataconnect"},"message":"E0725 20:51:20.324057   17964 watch.go:40] Failed to load config from \"d:\\\\Application Dev\\\\SEL Live\\\\dataconnect\": could not find dataconnect.yaml in `d:\\Application Dev\\SEL Live\\dataconnect`\n"}}
[debug] [2026-07-25T15:21:30.322Z] E0725 20:51:30.323610   17964 watch.go:116] watchAllDir unable to walk dir `d:\Application Dev\SEL Live\dataconnect`: GetFileAttributesEx d:\Application Dev\SEL Live\dataconnect: The system cannot find the file specified.
E0725 20:51:30.323610   17964 watch.go:40] Failed to load config from "d:\\Application Dev\\SEL Live\\dataconnect": could not find dataconnect.yaml in `d:\Application Dev\SEL Live\dataconnect`
 {"metadata":{"emulator":{"name":"dataconnect"},"message":"E0725 20:51:30.323610   17964 watch.go:116] watchAllDir unable to walk dir `d:\\Application Dev\\SEL Live\\dataconnect`: GetFileAttributesEx d:\\Application Dev\\SEL Live\\dataconnect: The system cannot find the file specified.\nE0725 20:51:30.323610   17964 watch.go:40] Failed to load config from \"d:\\\\Application Dev\\\\SEL Live\\\\dataconnect\": could not find dataconnect.yaml in `d:\\Application Dev\\SEL Live\\dataconnect`\n"}}
[debug] [2026-07-25T15:21:40.323Z] E0725 20:51:40.323910   17964 watch.go:40] Failed to load config from "d:\\Application Dev\\SEL Live\\dataconnect": could not find dataconnect.yaml in `d:\Application Dev\SEL Live\dataconnect`
 {"metadata":{"emulator":{"name":"dataconnect"},"message":"E0725 20:51:40.323910   17964 watch.go:40] Failed to load config from \"d:\\\\Application Dev\\\\SEL Live\\\\dataconnect\": could not find dataconnect.yaml in `d:\\Application Dev\\SEL Live\\dataconnect`\n"}}
[debug] [2026-07-25T15:21:50.322Z] E0725 20:51:50.323338   17964 watch.go:40] Failed to load config from "d:\\Application Dev\\SEL Live\\dataconnect": could not find dataconnect.yaml in `d:\Application Dev\SEL Live\dataconnect`
 {"metadata":{"emulator":{"name":"dataconnect"},"message":"E0725 20:51:50.323338   17964 watch.go:40] Failed to load config from \"d:\\\\Application Dev\\\\SEL Live\\\\dataconnect\": could not find dataconnect.yaml in `d:\\Application Dev\\SEL Live\\dataconnect`\n"}}
[debug] [2026-07-25T15:22:00.322Z] E0725 20:52:00.323468   17964 watch.go:40] Failed to load config from "d:\\Application Dev\\SEL Live\\dataconnect": could not find dataconnect.yaml in `d:\Application Dev\SEL Live\dataconnect`
 {"metadata":{"emulator":{"name":"dataconnect"},"message":"E0725 20:52:00.323468   17964 watch.go:40] Failed to load config from \"d:\\\\Application Dev\\\\SEL Live\\\\dataconnect\": could not find dataconnect.yaml in `d:\\Application Dev\\SEL Live\\dataconnect`\n"}}
[debug] [2026-07-25T15:22:10.323Z] E0725 20:52:10.323835   17964 watch.go:40] Failed to load config from "d:\\Application Dev\\SEL Live\\dataconnect": could not find dataconnect.yaml in `d:\Application Dev\SEL Live\dataconnect`
 {"metadata":{"emulator":{"name":"dataconnect"},"message":"E0725 20:52:10.323835   17964 watch.go:40] Failed to load config from \"d:\\\\Application Dev\\\\SEL Live\\\\dataconnect\": could not find dataconnect.yaml in `d:\\Application Dev\\SEL Live\\dataconnect`\n"}}
[debug] [2026-07-25T15:22:20.323Z] E0725 20:52:20.323845   17964 watch.go:40] Failed to load config from "d:\\Application Dev\\SEL Live\\dataconnect": could not find dataconnect.yaml in `d:\Application Dev\SEL Live\dataconnect`
 {"metadata":{"emulator":{"name":"dataconnect"},"message":"E0725 20:52:20.323845   17964 watch.go:40] Failed to load config from \"d:\\\\Application Dev\\\\SEL Live\\\\dataconnect\": could not find dataconnect.yaml in `d:\\Application Dev\\SEL Live\\dataconnect`\n"}}
[debug] [2026-07-25T15:22:30.323Z] E0725 20:52:30.323350   17964 watch.go:116] watchAllDir unable to walk dir `d:\Application Dev\SEL Live\dataconnect`: GetFileAttributesEx d:\Application Dev\SEL Live\dataconnect: The system cannot find the file specified.
 {"metadata":{"emulator":{"name":"dataconnect"},"message":"E0725 20:52:30.323350   17964 watch.go:116] watchAllDir unable to walk dir `d:\\Application Dev\\SEL Live\\dataconnect`: GetFileAttributesEx d:\\Application Dev\\SEL Live\\dataconnect: The system cannot find the file specified.\n"}}
[debug] [2026-07-25T15:22:30.323Z] E0725 20:52:30.323350   17964 watch.go:40] Failed to load config from "d:\\Application Dev\\SEL Live\\dataconnect": could not find dataconnect.yaml in `d:\Application Dev\SEL Live\dataconnect`
 {"metadata":{"emulator":{"name":"dataconnect"},"message":"E0725 20:52:30.323350   17964 watch.go:40] Failed to load config from \"d:\\\\Application Dev\\\\SEL Live\\\\dataconnect\": could not find dataconnect.yaml in `d:\\Application Dev\\SEL Live\\dataconnect`\n"}}
[debug] [2026-07-25T15:22:40.323Z] E0725 20:52:40.323669   17964 watch.go:40] Failed to load config from "d:\\Application Dev\\SEL Live\\dataconnect": could not find dataconnect.yaml in `d:\Application Dev\SEL Live\dataconnect`
 {"metadata":{"emulator":{"name":"dataconnect"},"message":"E0725 20:52:40.323669   17964 watch.go:40] Failed to load config from \"d:\\\\Application Dev\\\\SEL Live\\\\dataconnect\": could not find dataconnect.yaml in `d:\\Application Dev\\SEL Live\\dataconnect`\n"}}
[debug] [2026-07-25T15:22:50.324Z] E0725 20:52:50.323828   17964 watch.go:40] Failed to load config from "d:\\Application Dev\\SEL Live\\dataconnect": could not find dataconnect.yaml in `d:\Application Dev\SEL Live\dataconnect`
 {"metadata":{"emulator":{"name":"dataconnect"},"message":"E0725 20:52:50.323828   17964 watch.go:40] Failed to load config from \"d:\\\\Application Dev\\\\SEL Live\\\\dataconnect\": could not find dataconnect.yaml in `d:\\Application Dev\\SEL Live\\dataconnect`\n"}}
[debug] [2026-07-25T15:23:00.323Z] E0725 20:53:00.323378   17964 watch.go:40] Failed to load config from "d:\\Application Dev\\SEL Live\\dataconnect": could not find dataconnect.yaml in `d:\Application Dev\SEL Live\dataconnect`
 {"metadata":{"emulator":{"name":"dataconnect"},"message":"E0725 20:53:00.323378   17964 watch.go:40] Failed to load config from \"d:\\\\Application Dev\\\\SEL Live\\\\dataconnect\": could not find dataconnect.yaml in `d:\\Application Dev\\SEL Live\\dataconnect`\n"}}
[debug] [2026-07-25T15:23:10.323Z] E0725 20:53:10.323527   17964 watch.go:40] Failed to load config from "d:\\Application Dev\\SEL Live\\dataconnect": could not find dataconnect.yaml in `d:\Application Dev\SEL Live\dataconnect`
 {"metadata":{"emulator":{"name":"dataconnect"},"message":"E0725 20:53:10.323527   17964 watch.go:40] Failed to load config from \"d:\\\\Application Dev\\\\SEL Live\\\\dataconnect\": could not find dataconnect.yaml in `d:\\Application Dev\\SEL Live\\dataconnect`\n"}}
[debug] [2026-07-25T15:23:20.323Z] E0725 20:53:20.323231   17964 watch.go:40] Failed to load config from "d:\\Application Dev\\SEL Live\\dataconnect": could not find dataconnect.yaml in `d:\Application Dev\SEL Live\dataconnect`
 {"metadata":{"emulator":{"name":"dataconnect"},"message":"E0725 20:53:20.323231   17964 watch.go:40] Failed to load config from \"d:\\\\Application Dev\\\\SEL Live\\\\dataconnect\": could not find dataconnect.yaml in `d:\\Application Dev\\SEL Live\\dataconnect`\n"}}
[debug] [2026-07-25T15:23:30.323Z] E0725 20:53:30.323656   17964 watch.go:116] watchAllDir unable to walk dir `d:\Application Dev\SEL Live\dataconnect`: GetFileAttributesEx d:\Application Dev\SEL Live\dataconnect: The system cannot find the file specified.
 {"metadata":{"emulator":{"name":"dataconnect"},"message":"E0725 20:53:30.323656   17964 watch.go:116] watchAllDir unable to walk dir `d:\\Application Dev\\SEL Live\\dataconnect`: GetFileAttributesEx d:\\Application Dev\\SEL Live\\dataconnect: The system cannot find the file specified.\n"}}
[debug] [2026-07-25T15:23:30.324Z] E0725 20:53:30.323656   17964 watch.go:40] Failed to load config from "d:\\Application Dev\\SEL Live\\dataconnect": could not find dataconnect.yaml in `d:\Application Dev\SEL Live\dataconnect`
 {"metadata":{"emulator":{"name":"dataconnect"},"message":"E0725 20:53:30.323656   17964 watch.go:40] Failed to load config from \"d:\\\\Application Dev\\\\SEL Live\\\\dataconnect\": could not find dataconnect.yaml in `d:\\Application Dev\\SEL Live\\dataconnect`\n"}}
[debug] [2026-07-25T15:23:40.323Z] E0725 20:53:40.323908   17964 watch.go:40] Failed to load config from "d:\\Application Dev\\SEL Live\\dataconnect": could not find dataconnect.yaml in `d:\Application Dev\SEL Live\dataconnect`
 {"metadata":{"emulator":{"name":"dataconnect"},"message":"E0725 20:53:40.323908   17964 watch.go:40] Failed to load config from \"d:\\\\Application Dev\\\\SEL Live\\\\dataconnect\": could not find dataconnect.yaml in `d:\\Application Dev\\SEL Live\\dataconnect`\n"}}
[debug] [2026-07-25T15:23:50.323Z] E0725 20:53:50.323642   17964 watch.go:40] Failed to load config from "d:\\Application Dev\\SEL Live\\dataconnect": could not find dataconnect.yaml in `d:\Application Dev\SEL Live\dataconnect`
 {"metadata":{"emulator":{"name":"dataconnect"},"message":"E0725 20:53:50.323642   17964 watch.go:40] Failed to load config from \"d:\\\\Application Dev\\\\SEL Live\\\\dataconnect\": could not find dataconnect.yaml in `d:\\Application Dev\\SEL Live\\dataconnect`\n"}}
[debug] [2026-07-25T15:24:00.323Z] E0725 20:54:00.323286   17964 watch.go:40] Failed to load config from "d:\\Application Dev\\SEL Live\\dataconnect": could not find dataconnect.yaml in `d:\Application Dev\SEL Live\dataconnect`
 {"metadata":{"emulator":{"name":"dataconnect"},"message":"E0725 20:54:00.323286   17964 watch.go:40] Failed to load config from \"d:\\\\Application Dev\\\\SEL Live\\\\dataconnect\": could not find dataconnect.yaml in `d:\\Application Dev\\SEL Live\\dataconnect`\n"}}
[debug] [2026-07-25T15:24:10.323Z] E0725 20:54:10.323601   17964 watch.go:40] Failed to load config from "d:\\Application Dev\\SEL Live\\dataconnect": could not find dataconnect.yaml in `d:\Application Dev\SEL Live\dataconnect`
 {"metadata":{"emulator":{"name":"dataconnect"},"message":"E0725 20:54:10.323601   17964 watch.go:40] Failed to load config from \"d:\\\\Application Dev\\\\SEL Live\\\\dataconnect\": could not find dataconnect.yaml in `d:\\Application Dev\\SEL Live\\dataconnect`\n"}}
[debug] [2026-07-25T15:24:20.323Z] E0725 20:54:20.323274   17964 watch.go:40] Failed to load config from "d:\\Application Dev\\SEL Live\\dataconnect": could not find dataconnect.yaml in `d:\Application Dev\SEL Live\dataconnect`
 {"metadata":{"emulator":{"name":"dataconnect"},"message":"E0725 20:54:20.323274   17964 watch.go:40] Failed to load config from \"d:\\\\Application Dev\\\\SEL Live\\\\dataconnect\": could not find dataconnect.yaml in `d:\\Application Dev\\SEL Live\\dataconnect`\n"}}
[debug] [2026-07-25T15:24:30.318Z] E0725 20:54:30.323366   17964 watch.go:116] watchAllDir unable to walk dir `d:\Application Dev\SEL Live\dataconnect`: GetFileAttributesEx d:\Application Dev\SEL Live\dataconnect: The system cannot find the file specified.
E0725 20:54:30.324040   17964 watch.go:40] Failed to load config from "d:\\Application Dev\\SEL Live\\dataconnect": could not find dataconnect.yaml in `d:\Application Dev\SEL Live\dataconnect`
 {"metadata":{"emulator":{"name":"dataconnect"},"message":"E0725 20:54:30.323366   17964 watch.go:116] watchAllDir unable to walk dir `d:\\Application Dev\\SEL Live\\dataconnect`: GetFileAttributesEx d:\\Application Dev\\SEL Live\\dataconnect: The system cannot find the file specified.\nE0725 20:54:30.324040   17964 watch.go:40] Failed to load config from \"d:\\\\Application Dev\\\\SEL Live\\\\dataconnect\": could not find dataconnect.yaml in `d:\\Application Dev\\SEL Live\\dataconnect`\n"}}
[debug] [2026-07-25T15:24:40.318Z] E0725 20:54:40.323968   17964 watch.go:40] Failed to load config from "d:\\Application Dev\\SEL Live\\dataconnect": could not find dataconnect.yaml in `d:\Application Dev\SEL Live\dataconnect`
 {"metadata":{"emulator":{"name":"dataconnect"},"message":"E0725 20:54:40.323968   17964 watch.go:40] Failed to load config from \"d:\\\\Application Dev\\\\SEL Live\\\\dataconnect\": could not find dataconnect.yaml in `d:\\Application Dev\\SEL Live\\dataconnect`\n"}}
[debug] [2026-07-25T15:24:50.318Z] E0725 20:54:50.323808   17964 watch.go:40] Failed to load config from "d:\\Application Dev\\SEL Live\\dataconnect": could not find dataconnect.yaml in `d:\Application Dev\SEL Live\dataconnect`
 {"metadata":{"emulator":{"name":"dataconnect"},"message":"E0725 20:54:50.323808   17964 watch.go:40] Failed to load config from \"d:\\\\Application Dev\\\\SEL Live\\\\dataconnect\": could not find dataconnect.yaml in `d:\\Application Dev\\SEL Live\\dataconnect`\n"}}
[debug] [2026-07-25T15:25:00.318Z] E0725 20:55:00.323512   17964 watch.go:40] Failed to load config from "d:\\Application Dev\\SEL Live\\dataconnect": could not find dataconnect.yaml in `d:\Application Dev\SEL Live\dataconnect`
 {"metadata":{"emulator":{"name":"dataconnect"},"message":"E0725 20:55:00.323512   17964 watch.go:40] Failed to load config from \"d:\\\\Application Dev\\\\SEL Live\\\\dataconnect\": could not find dataconnect.yaml in `d:\\Application Dev\\SEL Live\\dataconnect`\n"}}
[debug] [2026-07-25T15:25:10.319Z] E0725 20:55:10.324124   17964 watch.go:40] Failed to load config from "d:\\Application Dev\\SEL Live\\dataconnect": could not find dataconnect.yaml in `d:\Application Dev\SEL Live\dataconnect`
 {"metadata":{"emulator":{"name":"dataconnect"},"message":"E0725 20:55:10.324124   17964 watch.go:40] Failed to load config from \"d:\\\\Application Dev\\\\SEL Live\\\\dataconnect\": could not find dataconnect.yaml in `d:\\Application Dev\\SEL Live\\dataconnect`\n"}}
[debug] [2026-07-25T15:25:20.318Z] E0725 20:55:20.323931   17964 watch.go:40] Failed to load config from "d:\\Application Dev\\SEL Live\\dataconnect": could not find dataconnect.yaml in `d:\Application Dev\SEL Live\dataconnect`
 {"metadata":{"emulator":{"name":"dataconnect"},"message":"E0725 20:55:20.323931   17964 watch.go:40] Failed to load config from \"d:\\\\Application Dev\\\\SEL Live\\\\dataconnect\": could not find dataconnect.yaml in `d:\\Application Dev\\SEL Live\\dataconnect`\n"}}
[debug] [2026-07-25T15:25:30.322Z] E0725 20:55:30.323324   17964 watch.go:116] watchAllDir unable to walk dir `d:\Application Dev\SEL Live\dataconnect`: GetFileAttributesEx d:\Application Dev\SEL Live\dataconnect: The system cannot find the file specified.
 {"metadata":{"emulator":{"name":"dataconnect"},"message":"E0725 20:55:30.323324   17964 watch.go:116] watchAllDir unable to walk dir `d:\\Application Dev\\SEL Live\\dataconnect`: GetFileAttributesEx d:\\Application Dev\\SEL Live\\dataconnect: The system cannot find the file specified.\n"}}
[debug] [2026-07-25T15:25:30.324Z] E0725 20:55:30.323787   17964 watch.go:40] Failed to load config from "d:\\Application Dev\\SEL Live\\dataconnect": could not find dataconnect.yaml in `d:\Application Dev\SEL Live\dataconnect`
 {"metadata":{"emulator":{"name":"dataconnect"},"message":"E0725 20:55:30.323787   17964 watch.go:40] Failed to load config from \"d:\\\\Application Dev\\\\SEL Live\\\\dataconnect\": could not find dataconnect.yaml in `d:\\Application Dev\\SEL Live\\dataconnect`\n"}}
[debug] [2026-07-25T15:25:40.323Z] E0725 20:55:40.324066   17964 watch.go:40] Failed to load config from "d:\\Application Dev\\SEL Live\\dataconnect": could not find dataconnect.yaml in `d:\Application Dev\SEL Live\dataconnect`
 {"metadata":{"emulator":{"name":"dataconnect"},"message":"E0725 20:55:40.324066   17964 watch.go:40] Failed to load config from \"d:\\\\Application Dev\\\\SEL Live\\\\dataconnect\": could not find dataconnect.yaml in `d:\\Application Dev\\SEL Live\\dataconnect`\n"}}
[debug] [2026-07-25T15:25:50.323Z] E0725 20:55:50.323983   17964 watch.go:40] Failed to load config from "d:\\Application Dev\\SEL Live\\dataconnect": could not find dataconnect.yaml in `d:\Application Dev\SEL Live\dataconnect`
 {"metadata":{"emulator":{"name":"dataconnect"},"message":"E0725 20:55:50.323983   17964 watch.go:40] Failed to load config from \"d:\\\\Application Dev\\\\SEL Live\\\\dataconnect\": could not find dataconnect.yaml in `d:\\Application Dev\\SEL Live\\dataconnect`\n"}}
[debug] [2026-07-25T15:26:00.322Z] E0725 20:56:00.323438   17964 watch.go:40] Failed to load config from "d:\\Application Dev\\SEL Live\\dataconnect": could not find dataconnect.yaml in `d:\Application Dev\SEL Live\dataconnect`
 {"metadata":{"emulator":{"name":"dataconnect"},"message":"E0725 20:56:00.323438   17964 watch.go:40] Failed to load config from \"d:\\\\Application Dev\\\\SEL Live\\\\dataconnect\": could not find dataconnect.yaml in `d:\\Application Dev\\SEL Live\\dataconnect`\n"}}
[debug] [2026-07-25T15:26:10.322Z] E0725 20:56:10.323371   17964 watch.go:40] Failed to load config from "d:\\Application Dev\\SEL Live\\dataconnect": could not find dataconnect.yaml in `d:\Application Dev\SEL Live\dataconnect`
 {"metadata":{"emulator":{"name":"dataconnect"},"message":"E0725 20:56:10.323371   17964 watch.go:40] Failed to load config from \"d:\\\\Application Dev\\\\SEL Live\\\\dataconnect\": could not find dataconnect.yaml in `d:\\Application Dev\\SEL Live\\dataconnect`\n"}}
[debug] [2026-07-25T15:26:20.328Z] E0725 20:56:20.328982   17964 watch.go:40] Failed to load config from "d:\\Application Dev\\SEL Live\\dataconnect": could not find dataconnect.yaml in `d:\Application Dev\SEL Live\dataconnect`
 {"metadata":{"emulator":{"name":"dataconnect"},"message":"E0725 20:56:20.328982   17964 watch.go:40] Failed to load config from \"d:\\\\Application Dev\\\\SEL Live\\\\dataconnect\": could not find dataconnect.yaml in `d:\\Application Dev\\SEL Live\\dataconnect`\n"}}
[debug] [2026-07-25T15:26:30.323Z] E0725 20:56:30.323728   17964 watch.go:116] watchAllDir unable to walk dir `d:\Application Dev\SEL Live\dataconnect`: GetFileAttributesEx d:\Application Dev\SEL Live\dataconnect: The system cannot find the file specified.
 {"metadata":{"emulator":{"name":"dataconnect"},"message":"E0725 20:56:30.323728   17964 watch.go:116] watchAllDir unable to walk dir `d:\\Application Dev\\SEL Live\\dataconnect`: GetFileAttributesEx d:\\Application Dev\\SEL Live\\dataconnect: The system cannot find the file specified.\n"}}
[debug] [2026-07-25T15:26:30.324Z] E0725 20:56:30.323728   17964 watch.go:40] Failed to load config from "d:\\Application Dev\\SEL Live\\dataconnect": could not find dataconnect.yaml in `d:\Application Dev\SEL Live\dataconnect`
 {"metadata":{"emulator":{"name":"dataconnect"},"message":"E0725 20:56:30.323728   17964 watch.go:40] Failed to load config from \"d:\\\\Application Dev\\\\SEL Live\\\\dataconnect\": could not find dataconnect.yaml in `d:\\Application Dev\\SEL Live\\dataconnect`\n"}}
[debug] [2026-07-25T15:26:40.323Z] E0725 20:56:40.323376   17964 watch.go:40] Failed to load config from "d:\\Application Dev\\SEL Live\\dataconnect": could not find dataconnect.yaml in `d:\Application Dev\SEL Live\dataconnect`
 {"metadata":{"emulator":{"name":"dataconnect"},"message":"E0725 20:56:40.323376   17964 watch.go:40] Failed to load config from \"d:\\\\Application Dev\\\\SEL Live\\\\dataconnect\": could not find dataconnect.yaml in `d:\\Application Dev\\SEL Live\\dataconnect`\n"}}
[debug] [2026-07-25T15:26:50.323Z] E0725 20:56:50.323264   17964 watch.go:40] Failed to load config from "d:\\Application Dev\\SEL Live\\dataconnect": could not find dataconnect.yaml in `d:\Application Dev\SEL Live\dataconnect`
 {"metadata":{"emulator":{"name":"dataconnect"},"message":"E0725 20:56:50.323264   17964 watch.go:40] Failed to load config from \"d:\\\\Application Dev\\\\SEL Live\\\\dataconnect\": could not find dataconnect.yaml in `d:\\Application Dev\\SEL Live\\dataconnect`\n"}}
[debug] [2026-07-25T15:27:00.333Z] E0725 20:57:00.333242   17964 watch.go:40] Failed to load config from "d:\\Application Dev\\SEL Live\\dataconnect": could not find dataconnect.yaml in `d:\Application Dev\SEL Live\dataconnect`
 {"metadata":{"emulator":{"name":"dataconnect"},"message":"E0725 20:57:00.333242   17964 watch.go:40] Failed to load config from \"d:\\\\Application Dev\\\\SEL Live\\\\dataconnect\": could not find dataconnect.yaml in `d:\\Application Dev\\SEL Live\\dataconnect`\n"}}
[debug] [2026-07-25T15:27:10.323Z] E0725 20:57:10.323335   17964 watch.go:40] Failed to load config from "d:\\Application Dev\\SEL Live\\dataconnect": could not find dataconnect.yaml in `d:\Application Dev\SEL Live\dataconnect`
 {"metadata":{"emulator":{"name":"dataconnect"},"message":"E0725 20:57:10.323335   17964 watch.go:40] Failed to load config from \"d:\\\\Application Dev\\\\SEL Live\\\\dataconnect\": could not find dataconnect.yaml in `d:\\Application Dev\\SEL Live\\dataconnect`\n"}}
[debug] [2026-07-25T15:27:20.323Z] E0725 20:57:20.323476   17964 watch.go:40] Failed to load config from "d:\\Application Dev\\SEL Live\\dataconnect": could not find dataconnect.yaml in `d:\Application Dev\SEL Live\dataconnect`
 {"metadata":{"emulator":{"name":"dataconnect"},"message":"E0725 20:57:20.323476   17964 watch.go:40] Failed to load config from \"d:\\\\Application Dev\\\\SEL Live\\\\dataconnect\": could not find dataconnect.yaml in `d:\\Application Dev\\SEL Live\\dataconnect`\n"}}
[debug] [2026-07-25T15:27:30.323Z] E0725 20:57:30.323457   17964 watch.go:116] watchAllDir unable to walk dir `d:\Application Dev\SEL Live\dataconnect`: GetFileAttributesEx d:\Application Dev\SEL Live\dataconnect: The system cannot find the file specified.
E0725 20:57:30.323457   17964 watch.go:40] Failed to load config from "d:\\Application Dev\\SEL Live\\dataconnect": could not find dataconnect.yaml in `d:\Application Dev\SEL Live\dataconnect`
 {"metadata":{"emulator":{"name":"dataconnect"},"message":"E0725 20:57:30.323457   17964 watch.go:116] watchAllDir unable to walk dir `d:\\Application Dev\\SEL Live\\dataconnect`: GetFileAttributesEx d:\\Application Dev\\SEL Live\\dataconnect: The system cannot find the file specified.\nE0725 20:57:30.323457   17964 watch.go:40] Failed to load config from \"d:\\\\Application Dev\\\\SEL Live\\\\dataconnect\": could not find dataconnect.yaml in `d:\\Application Dev\\SEL Live\\dataconnect`\n"}}
[debug] [2026-07-25T15:27:40.324Z] E0725 20:57:40.324170   17964 watch.go:40] Failed to load config from "d:\\Application Dev\\SEL Live\\dataconnect": could not find dataconnect.yaml in `d:\Application Dev\SEL Live\dataconnect`
 {"metadata":{"emulator":{"name":"dataconnect"},"message":"E0725 20:57:40.324170   17964 watch.go:40] Failed to load config from \"d:\\\\Application Dev\\\\SEL Live\\\\dataconnect\": could not find dataconnect.yaml in `d:\\Application Dev\\SEL Live\\dataconnect`\n"}}
[debug] [2026-07-25T15:27:50.323Z] E0725 20:57:50.323239   17964 watch.go:40] Failed to load config from "d:\\Application Dev\\SEL Live\\dataconnect": could not find dataconnect.yaml in `d:\Application Dev\SEL Live\dataconnect`
 {"metadata":{"emulator":{"name":"dataconnect"},"message":"E0725 20:57:50.323239   17964 watch.go:40] Failed to load config from \"d:\\\\Application Dev\\\\SEL Live\\\\dataconnect\": could not find dataconnect.yaml in `d:\\Application Dev\\SEL Live\\dataconnect`\n"}}
[debug] [2026-07-25T15:28:00.323Z] E0725 20:58:00.323446   17964 watch.go:40] Failed to load config from "d:\\Application Dev\\SEL Live\\dataconnect": could not find dataconnect.yaml in `d:\Application Dev\SEL Live\dataconnect`
 {"metadata":{"emulator":{"name":"dataconnect"},"message":"E0725 20:58:00.323446   17964 watch.go:40] Failed to load config from \"d:\\\\Application Dev\\\\SEL Live\\\\dataconnect\": could not find dataconnect.yaml in `d:\\Application Dev\\SEL Live\\dataconnect`\n"}}
[debug] [2026-07-25T15:28:10.323Z] E0725 20:58:10.323646   17964 watch.go:40] Failed to load config from "d:\\Application Dev\\SEL Live\\dataconnect": could not find dataconnect.yaml in `d:\Application Dev\SEL Live\dataconnect`
 {"metadata":{"emulator":{"name":"dataconnect"},"message":"E0725 20:58:10.323646   17964 watch.go:40] Failed to load config from \"d:\\\\Application Dev\\\\SEL Live\\\\dataconnect\": could not find dataconnect.yaml in `d:\\Application Dev\\SEL Live\\dataconnect`\n"}}
[debug] [2026-07-25T15:28:20.323Z] E0725 20:58:20.323222   17964 watch.go:40] Failed to load config from "d:\\Application Dev\\SEL Live\\dataconnect": could not find dataconnect.yaml in `d:\Application Dev\SEL Live\dataconnect`
 {"metadata":{"emulator":{"name":"dataconnect"},"message":"E0725 20:58:20.323222   17964 watch.go:40] Failed to load config from \"d:\\\\Application Dev\\\\SEL Live\\\\dataconnect\": could not find dataconnect.yaml in `d:\\Application Dev\\SEL Live\\dataconnect`\n"}}
[debug] [2026-07-25T15:28:30.323Z] E0725 20:58:30.323246   17964 watch.go:116] watchAllDir unable to walk dir `d:\Application Dev\SEL Live\dataconnect`: GetFileAttributesEx d:\Application Dev\SEL Live\dataconnect: The system cannot find the file specified.
E0725 20:58:30.323246   17964 watch.go:40] Failed to load config from "d:\\Application Dev\\SEL Live\\dataconnect": could not find dataconnect.yaml in `d:\Application Dev\SEL Live\dataconnect`
 {"metadata":{"emulator":{"name":"dataconnect"},"message":"E0725 20:58:30.323246   17964 watch.go:116] watchAllDir unable to walk dir `d:\\Application Dev\\SEL Live\\dataconnect`: GetFileAttributesEx d:\\Application Dev\\SEL Live\\dataconnect: The system cannot find the file specified.\nE0725 20:58:30.323246   17964 watch.go:40] Failed to load config from \"d:\\\\Application Dev\\\\SEL Live\\\\dataconnect\": could not find dataconnect.yaml in `d:\\Application Dev\\SEL Live\\dataconnect`\n"}}
[debug] [2026-07-25T15:28:40.325Z] E0725 20:58:40.324816   17964 watch.go:40] Failed to load config from "d:\\Application Dev\\SEL Live\\dataconnect": could not find dataconnect.yaml in `d:\Application Dev\SEL Live\dataconnect`
 {"metadata":{"emulator":{"name":"dataconnect"},"message":"E0725 20:58:40.324816   17964 watch.go:40] Failed to load config from \"d:\\\\Application Dev\\\\SEL Live\\\\dataconnect\": could not find dataconnect.yaml in `d:\\Application Dev\\SEL Live\\dataconnect`\n"}}
[debug] [2026-07-25T15:28:50.323Z] E0725 20:58:50.323358   17964 watch.go:40] Failed to load config from "d:\\Application Dev\\SEL Live\\dataconnect": could not find dataconnect.yaml in `d:\Application Dev\SEL Live\dataconnect`
 {"metadata":{"emulator":{"name":"dataconnect"},"message":"E0725 20:58:50.323358   17964 watch.go:40] Failed to load config from \"d:\\\\Application Dev\\\\SEL Live\\\\dataconnect\": could not find dataconnect.yaml in `d:\\Application Dev\\SEL Live\\dataconnect`\n"}}
[debug] [2026-07-25T15:29:00.323Z] E0725 20:59:00.323610   17964 watch.go:40] Failed to load config from "d:\\Application Dev\\SEL Live\\dataconnect": could not find dataconnect.yaml in `d:\Application Dev\SEL Live\dataconnect`
 {"metadata":{"emulator":{"name":"dataconnect"},"message":"E0725 20:59:00.323610   17964 watch.go:40] Failed to load config from \"d:\\\\Application Dev\\\\SEL Live\\\\dataconnect\": could not find dataconnect.yaml in `d:\\Application Dev\\SEL Live\\dataconnect`\n"}}
[debug] [2026-07-25T15:29:10.323Z] E0725 20:59:10.323419   17964 watch.go:40] Failed to load config from "d:\\Application Dev\\SEL Live\\dataconnect": could not find dataconnect.yaml in `d:\Application Dev\SEL Live\dataconnect`
 {"metadata":{"emulator":{"name":"dataconnect"},"message":"E0725 20:59:10.323419   17964 watch.go:40] Failed to load config from \"d:\\\\Application Dev\\\\SEL Live\\\\dataconnect\": could not find dataconnect.yaml in `d:\\Application Dev\\SEL Live\\dataconnect`\n"}}
[debug] [2026-07-25T15:29:20.323Z] E0725 20:59:20.323318   17964 watch.go:40] Failed to load config from "d:\\Application Dev\\SEL Live\\dataconnect": could not find dataconnect.yaml in `d:\Application Dev\SEL Live\dataconnect`
 {"metadata":{"emulator":{"name":"dataconnect"},"message":"E0725 20:59:20.323318   17964 watch.go:40] Failed to load config from \"d:\\\\Application Dev\\\\SEL Live\\\\dataconnect\": could not find dataconnect.yaml in `d:\\Application Dev\\SEL Live\\dataconnect`\n"}}
[debug] [2026-07-25T15:29:30.324Z] E0725 20:59:30.323743   17964 watch.go:116] watchAllDir unable to walk dir `d:\Application Dev\SEL Live\dataconnect`: GetFileAttributesEx d:\Application Dev\SEL Live\dataconnect: The system cannot find the file specified.
E0725 20:59:30.324390   17964 watch.go:40] Failed to load config from "d:\\Application Dev\\SEL Live\\dataconnect": could not find dataconnect.yaml in `d:\Application Dev\SEL Live\dataconnect`
 {"metadata":{"emulator":{"name":"dataconnect"},"message":"E0725 20:59:30.323743   17964 watch.go:116] watchAllDir unable to walk dir `d:\\Application Dev\\SEL Live\\dataconnect`: GetFileAttributesEx d:\\Application Dev\\SEL Live\\dataconnect: The system cannot find the file specified.\nE0725 20:59:30.324390   17964 watch.go:40] Failed to load config from \"d:\\\\Application Dev\\\\SEL Live\\\\dataconnect\": could not find dataconnect.yaml in `d:\\Application Dev\\SEL Live\\dataconnect`\n"}}
[debug] [2026-07-25T15:29:40.323Z] E0725 20:59:40.323418   17964 watch.go:40] Failed to load config from "d:\\Application Dev\\SEL Live\\dataconnect": could not find dataconnect.yaml in `d:\Application Dev\SEL Live\dataconnect`
 {"metadata":{"emulator":{"name":"dataconnect"},"message":"E0725 20:59:40.323418   17964 watch.go:40] Failed to load config from \"d:\\\\Application Dev\\\\SEL Live\\\\dataconnect\": could not find dataconnect.yaml in `d:\\Application Dev\\SEL Live\\dataconnect`\n"}}
[debug] [2026-07-25T15:29:50.324Z] E0725 20:59:50.324574   17964 watch.go:40] Failed to load config from "d:\\Application Dev\\SEL Live\\dataconnect": could not find dataconnect.yaml in `d:\Application Dev\SEL Live\dataconnect`
 {"metadata":{"emulator":{"name":"dataconnect"},"message":"E0725 20:59:50.324574   17964 watch.go:40] Failed to load config from \"d:\\\\Application Dev\\\\SEL Live\\\\dataconnect\": could not find dataconnect.yaml in `d:\\Application Dev\\SEL Live\\dataconnect`\n"}}
[debug] [2026-07-25T15:30:00.323Z] E0725 21:00:00.323511   17964 watch.go:40] Failed to load config from "d:\\Application Dev\\SEL Live\\dataconnect": could not find dataconnect.yaml in `d:\Application Dev\SEL Live\dataconnect`
 {"metadata":{"emulator":{"name":"dataconnect"},"message":"E0725 21:00:00.323511   17964 watch.go:40] Failed to load config from \"d:\\\\Application Dev\\\\SEL Live\\\\dataconnect\": could not find dataconnect.yaml in `d:\\Application Dev\\SEL Live\\dataconnect`\n"}}
[debug] [2026-07-25T15:30:10.323Z] E0725 21:00:10.323493   17964 watch.go:40] Failed to load config from "d:\\Application Dev\\SEL Live\\dataconnect": could not find dataconnect.yaml in `d:\Application Dev\SEL Live\dataconnect`
 {"metadata":{"emulator":{"name":"dataconnect"},"message":"E0725 21:00:10.323493   17964 watch.go:40] Failed to load config from \"d:\\\\Application Dev\\\\SEL Live\\\\dataconnect\": could not find dataconnect.yaml in `d:\\Application Dev\\SEL Live\\dataconnect`\n"}}
[debug] [2026-07-25T15:30:20.323Z] E0725 21:00:20.323601   17964 watch.go:40] Failed to load config from "d:\\Application Dev\\SEL Live\\dataconnect": could not find dataconnect.yaml in `d:\Application Dev\SEL Live\dataconnect`
 {"metadata":{"emulator":{"name":"dataconnect"},"message":"E0725 21:00:20.323601   17964 watch.go:40] Failed to load config from \"d:\\\\Application Dev\\\\SEL Live\\\\dataconnect\": could not find dataconnect.yaml in `d:\\Application Dev\\SEL Live\\dataconnect`\n"}}
[debug] [2026-07-25T15:30:30.323Z] E0725 21:00:30.323364   17964 watch.go:116] watchAllDir unable to walk dir `d:\Application Dev\SEL Live\dataconnect`: GetFileAttributesEx d:\Application Dev\SEL Live\dataconnect: The system cannot find the file specified.
E0725 21:00:30.323364   17964 watch.go:40] Failed to load config from "d:\\Application Dev\\SEL Live\\dataconnect": could not find dataconnect.yaml in `d:\Application Dev\SEL Live\dataconnect`
 {"metadata":{"emulator":{"name":"dataconnect"},"message":"E0725 21:00:30.323364   17964 watch.go:116] watchAllDir unable to walk dir `d:\\Application Dev\\SEL Live\\dataconnect`: GetFileAttributesEx d:\\Application Dev\\SEL Live\\dataconnect: The system cannot find the file specified.\nE0725 21:00:30.323364   17964 watch.go:40] Failed to load config from \"d:\\\\Application Dev\\\\SEL Live\\\\dataconnect\": could not find dataconnect.yaml in `d:\\Application Dev\\SEL Live\\dataconnect`\n"}}
[debug] [2026-07-25T15:30:40.323Z] E0725 21:00:40.323700   17964 watch.go:40] Failed to load config from "d:\\Application Dev\\SEL Live\\dataconnect": could not find dataconnect.yaml in `d:\Application Dev\SEL Live\dataconnect`
 {"metadata":{"emulator":{"name":"dataconnect"},"message":"E0725 21:00:40.323700   17964 watch.go:40] Failed to load config from \"d:\\\\Application Dev\\\\SEL Live\\\\dataconnect\": could not find dataconnect.yaml in `d:\\Application Dev\\SEL Live\\dataconnect`\n"}}
[debug] [2026-07-25T15:30:50.323Z] E0725 21:00:50.323275   17964 watch.go:40] Failed to load config from "d:\\Application Dev\\SEL Live\\dataconnect": could not find dataconnect.yaml in `d:\Application Dev\SEL Live\dataconnect`
 {"metadata":{"emulator":{"name":"dataconnect"},"message":"E0725 21:00:50.323275   17964 watch.go:40] Failed to load config from \"d:\\\\Application Dev\\\\SEL Live\\\\dataconnect\": could not find dataconnect.yaml in `d:\\Application Dev\\SEL Live\\dataconnect`\n"}}
[debug] [2026-07-25T15:31:00.323Z] E0725 21:01:00.323247   17964 watch.go:40] Failed to load config from "d:\\Application Dev\\SEL Live\\dataconnect": could not find dataconnect.yaml in `d:\Application Dev\SEL Live\dataconnect`
 {"metadata":{"emulator":{"name":"dataconnect"},"message":"E0725 21:01:00.323247   17964 watch.go:40] Failed to load config from \"d:\\\\Application Dev\\\\SEL Live\\\\dataconnect\": could not find dataconnect.yaml in `d:\\Application Dev\\SEL Live\\dataconnect`\n"}}
[debug] [2026-07-25T15:31:10.323Z] E0725 21:01:10.323516   17964 watch.go:40] Failed to load config from "d:\\Application Dev\\SEL Live\\dataconnect": could not find dataconnect.yaml in `d:\Application Dev\SEL Live\dataconnect`
 {"metadata":{"emulator":{"name":"dataconnect"},"message":"E0725 21:01:10.323516   17964 watch.go:40] Failed to load config from \"d:\\\\Application Dev\\\\SEL Live\\\\dataconnect\": could not find dataconnect.yaml in `d:\\Application Dev\\SEL Live\\dataconnect`\n"}}
[debug] [2026-07-25T15:31:20.324Z] E0725 21:01:20.323936   17964 watch.go:40] Failed to load config from "d:\\Application Dev\\SEL Live\\dataconnect": could not find dataconnect.yaml in `d:\Application Dev\SEL Live\dataconnect`
 {"metadata":{"emulator":{"name":"dataconnect"},"message":"E0725 21:01:20.323936   17964 watch.go:40] Failed to load config from \"d:\\\\Application Dev\\\\SEL Live\\\\dataconnect\": could not find dataconnect.yaml in `d:\\Application Dev\\SEL Live\\dataconnect`\n"}}
[debug] [2026-07-25T15:31:30.324Z] E0725 21:01:30.323641   17964 watch.go:116] watchAllDir unable to walk dir `d:\Application Dev\SEL Live\dataconnect`: GetFileAttributesEx d:\Application Dev\SEL Live\dataconnect: The system cannot find the file specified.
 {"metadata":{"emulator":{"name":"dataconnect"},"message":"E0725 21:01:30.323641   17964 watch.go:116] watchAllDir unable to walk dir `d:\\Application Dev\\SEL Live\\dataconnect`: GetFileAttributesEx d:\\Application Dev\\SEL Live\\dataconnect: The system cannot find the file specified.\n"}}
[debug] [2026-07-25T15:31:30.326Z] E0725 21:01:30.324011   17964 watch.go:40] Failed to load config from "d:\\Application Dev\\SEL Live\\dataconnect": could not find dataconnect.yaml in `d:\Application Dev\SEL Live\dataconnect`
 {"metadata":{"emulator":{"name":"dataconnect"},"message":"E0725 21:01:30.324011   17964 watch.go:40] Failed to load config from \"d:\\\\Application Dev\\\\SEL Live\\\\dataconnect\": could not find dataconnect.yaml in `d:\\Application Dev\\SEL Live\\dataconnect`\n"}}
[debug] [2026-07-25T15:31:40.324Z] E0725 21:01:40.323576   17964 watch.go:40] Failed to load config from "d:\\Application Dev\\SEL Live\\dataconnect": could not find dataconnect.yaml in `d:\Application Dev\SEL Live\dataconnect`
 {"metadata":{"emulator":{"name":"dataconnect"},"message":"E0725 21:01:40.323576   17964 watch.go:40] Failed to load config from \"d:\\\\Application Dev\\\\SEL Live\\\\dataconnect\": could not find dataconnect.yaml in `d:\\Application Dev\\SEL Live\\dataconnect`\n"}}
[debug] [2026-07-25T15:31:50.324Z] E0725 21:01:50.323914   17964 watch.go:40] Failed to load config from "d:\\Application Dev\\SEL Live\\dataconnect": could not find dataconnect.yaml in `d:\Application Dev\SEL Live\dataconnect`
 {"metadata":{"emulator":{"name":"dataconnect"},"message":"E0725 21:01:50.323914   17964 watch.go:40] Failed to load config from \"d:\\\\Application Dev\\\\SEL Live\\\\dataconnect\": could not find dataconnect.yaml in `d:\\Application Dev\\SEL Live\\dataconnect`\n"}}
[debug] [2026-07-25T15:32:00.324Z] E0725 21:02:00.323765   17964 watch.go:40] Failed to load config from "d:\\Application Dev\\SEL Live\\dataconnect": could not find dataconnect.yaml in `d:\Application Dev\SEL Live\dataconnect`
 {"metadata":{"emulator":{"name":"dataconnect"},"message":"E0725 21:02:00.323765   17964 watch.go:40] Failed to load config from \"d:\\\\Application Dev\\\\SEL Live\\\\dataconnect\": could not find dataconnect.yaml in `d:\\Application Dev\\SEL Live\\dataconnect`\n"}}
[debug] [2026-07-25T15:32:10.324Z] E0725 21:02:10.324122   17964 watch.go:40] Failed to load config from "d:\\Application Dev\\SEL Live\\dataconnect": could not find dataconnect.yaml in `d:\Application Dev\SEL Live\dataconnect`
 {"metadata":{"emulator":{"name":"dataconnect"},"message":"E0725 21:02:10.324122   17964 watch.go:40] Failed to load config from \"d:\\\\Application Dev\\\\SEL Live\\\\dataconnect\": could not find dataconnect.yaml in `d:\\Application Dev\\SEL Live\\dataconnect`\n"}}
[debug] [2026-07-25T15:32:20.324Z] E0725 21:02:20.324130   17964 watch.go:40] Failed to load config from "d:\\Application Dev\\SEL Live\\dataconnect": could not find dataconnect.yaml in `d:\Application Dev\SEL Live\dataconnect`
 {"metadata":{"emulator":{"name":"dataconnect"},"message":"E0725 21:02:20.324130   17964 watch.go:40] Failed to load config from \"d:\\\\Application Dev\\\\SEL Live\\\\dataconnect\": could not find dataconnect.yaml in `d:\\Application Dev\\SEL Live\\dataconnect`\n"}}
[debug] [2026-07-25T15:32:30.323Z] E0725 21:02:30.323387   17964 watch.go:116] watchAllDir unable to walk dir `d:\Application Dev\SEL Live\dataconnect`: GetFileAttributesEx d:\Application Dev\SEL Live\dataconnect: The system cannot find the file specified.
E0725 21:02:30.323387   17964 watch.go:40] Failed to load config from "d:\\Application Dev\\SEL Live\\dataconnect": could not find dataconnect.yaml in `d:\Application Dev\SEL Live\dataconnect`
 {"metadata":{"emulator":{"name":"dataconnect"},"message":"E0725 21:02:30.323387   17964 watch.go:116] watchAllDir unable to walk dir `d:\\Application Dev\\SEL Live\\dataconnect`: GetFileAttributesEx d:\\Application Dev\\SEL Live\\dataconnect: The system cannot find the file specified.\nE0725 21:02:30.323387   17964 watch.go:40] Failed to load config from \"d:\\\\Application Dev\\\\SEL Live\\\\dataconnect\": could not find dataconnect.yaml in `d:\\Application Dev\\SEL Live\\dataconnect`\n"}}
[debug] [2026-07-25T15:32:40.323Z] E0725 21:02:40.323601   17964 watch.go:40] Failed to load config from "d:\\Application Dev\\SEL Live\\dataconnect": could not find dataconnect.yaml in `d:\Application Dev\SEL Live\dataconnect`
 {"metadata":{"emulator":{"name":"dataconnect"},"message":"E0725 21:02:40.323601   17964 watch.go:40] Failed to load config from \"d:\\\\Application Dev\\\\SEL Live\\\\dataconnect\": could not find dataconnect.yaml in `d:\\Application Dev\\SEL Live\\dataconnect`\n"}}
[debug] [2026-07-25T15:32:50.323Z] E0725 21:02:50.323549   17964 watch.go:40] Failed to load config from "d:\\Application Dev\\SEL Live\\dataconnect": could not find dataconnect.yaml in `d:\Application Dev\SEL Live\dataconnect`
 {"metadata":{"emulator":{"name":"dataconnect"},"message":"E0725 21:02:50.323549   17964 watch.go:40] Failed to load config from \"d:\\\\Application Dev\\\\SEL Live\\\\dataconnect\": could not find dataconnect.yaml in `d:\\Application Dev\\SEL Live\\dataconnect`\n"}}
[debug] [2026-07-25T15:33:00.323Z] E0725 21:03:00.323429   17964 watch.go:40] Failed to load config from "d:\\Application Dev\\SEL Live\\dataconnect": could not find dataconnect.yaml in `d:\Application Dev\SEL Live\dataconnect`
 {"metadata":{"emulator":{"name":"dataconnect"},"message":"E0725 21:03:00.323429   17964 watch.go:40] Failed to load config from \"d:\\\\Application Dev\\\\SEL Live\\\\dataconnect\": could not find dataconnect.yaml in `d:\\Application Dev\\SEL Live\\dataconnect`\n"}}
[debug] [2026-07-25T15:33:10.324Z] E0725 21:03:10.324003   17964 watch.go:40] Failed to load config from "d:\\Application Dev\\SEL Live\\dataconnect": could not find dataconnect.yaml in `d:\Application Dev\SEL Live\dataconnect`
 {"metadata":{"emulator":{"name":"dataconnect"},"message":"E0725 21:03:10.324003   17964 watch.go:40] Failed to load config from \"d:\\\\Application Dev\\\\SEL Live\\\\dataconnect\": could not find dataconnect.yaml in `d:\\Application Dev\\SEL Live\\dataconnect`\n"}}
[debug] [2026-07-25T15:33:20.323Z] E0725 21:03:20.323415   17964 watch.go:40] Failed to load config from "d:\\Application Dev\\SEL Live\\dataconnect": could not find dataconnect.yaml in `d:\Application Dev\SEL Live\dataconnect`
 {"metadata":{"emulator":{"name":"dataconnect"},"message":"E0725 21:03:20.323415   17964 watch.go:40] Failed to load config from \"d:\\\\Application Dev\\\\SEL Live\\\\dataconnect\": could not find dataconnect.yaml in `d:\\Application Dev\\SEL Live\\dataconnect`\n"}}
[debug] [2026-07-25T15:33:30.323Z] E0725 21:03:30.323908   17964 watch.go:116] watchAllDir unable to walk dir `d:\Application Dev\SEL Live\dataconnect`: GetFileAttributesEx d:\Application Dev\SEL Live\dataconnect: The system cannot find the file specified.
 {"metadata":{"emulator":{"name":"dataconnect"},"message":"E0725 21:03:30.323908   17964 watch.go:116] watchAllDir unable to walk dir `d:\\Application Dev\\SEL Live\\dataconnect`: GetFileAttributesEx d:\\Application Dev\\SEL Live\\dataconnect: The system cannot find the file specified.\n"}}
[debug] [2026-07-25T15:33:30.326Z] E0725 21:03:30.324336   17964 watch.go:40] Failed to load config from "d:\\Application Dev\\SEL Live\\dataconnect": could not find dataconnect.yaml in `d:\Application Dev\SEL Live\dataconnect`
 {"metadata":{"emulator":{"name":"dataconnect"},"message":"E0725 21:03:30.324336   17964 watch.go:40] Failed to load config from \"d:\\\\Application Dev\\\\SEL Live\\\\dataconnect\": could not find dataconnect.yaml in `d:\\Application Dev\\SEL Live\\dataconnect`\n"}}
[debug] [2026-07-25T15:33:40.324Z] E0725 21:03:40.324538   17964 watch.go:40] Failed to load config from "d:\\Application Dev\\SEL Live\\dataconnect": could not find dataconnect.yaml in `d:\Application Dev\SEL Live\dataconnect`
 {"metadata":{"emulator":{"name":"dataconnect"},"message":"E0725 21:03:40.324538   17964 watch.go:40] Failed to load config from \"d:\\\\Application Dev\\\\SEL Live\\\\dataconnect\": could not find dataconnect.yaml in `d:\\Application Dev\\SEL Live\\dataconnect`\n"}}
[debug] [2026-07-25T15:33:50.323Z] E0725 21:03:50.323610   17964 watch.go:40] Failed to load config from "d:\\Application Dev\\SEL Live\\dataconnect": could not find dataconnect.yaml in `d:\Application Dev\SEL Live\dataconnect`
 {"metadata":{"emulator":{"name":"dataconnect"},"message":"E0725 21:03:50.323610   17964 watch.go:40] Failed to load config from \"d:\\\\Application Dev\\\\SEL Live\\\\dataconnect\": could not find dataconnect.yaml in `d:\\Application Dev\\SEL Live\\dataconnect`\n"}}
[debug] [2026-07-25T15:34:00.326Z] E0725 21:04:00.324014   17964 watch.go:40] Failed to load config from "d:\\Application Dev\\SEL Live\\dataconnect": could not find dataconnect.yaml in `d:\Application Dev\SEL Live\dataconnect`
 {"metadata":{"emulator":{"name":"dataconnect"},"message":"E0725 21:04:00.324014   17964 watch.go:40] Failed to load config from \"d:\\\\Application Dev\\\\SEL Live\\\\dataconnect\": could not find dataconnect.yaml in `d:\\Application Dev\\SEL Live\\dataconnect`\n"}}
[debug] [2026-07-25T15:34:10.323Z] E0725 21:04:10.323421   17964 watch.go:40] Failed to load config from "d:\\Application Dev\\SEL Live\\dataconnect": could not find dataconnect.yaml in `d:\Application Dev\SEL Live\dataconnect`
 {"metadata":{"emulator":{"name":"dataconnect"},"message":"E0725 21:04:10.323421   17964 watch.go:40] Failed to load config from \"d:\\\\Application Dev\\\\SEL Live\\\\dataconnect\": could not find dataconnect.yaml in `d:\\Application Dev\\SEL Live\\dataconnect`\n"}}
[debug] [2026-07-25T15:34:20.323Z] E0725 21:04:20.323408   17964 watch.go:40] Failed to load config from "d:\\Application Dev\\SEL Live\\dataconnect": could not find dataconnect.yaml in `d:\Application Dev\SEL Live\dataconnect`
 {"metadata":{"emulator":{"name":"dataconnect"},"message":"E0725 21:04:20.323408   17964 watch.go:40] Failed to load config from \"d:\\\\Application Dev\\\\SEL Live\\\\dataconnect\": could not find dataconnect.yaml in `d:\\Application Dev\\SEL Live\\dataconnect`\n"}}
[debug] [2026-07-25T15:34:30.323Z] E0725 21:04:30.323267   17964 watch.go:116] watchAllDir unable to walk dir `d:\Application Dev\SEL Live\dataconnect`: GetFileAttributesEx d:\Application Dev\SEL Live\dataconnect: The system cannot find the file specified.
E0725 21:04:30.323267   17964 watch.go:40] Failed to load config from "d:\\Application Dev\\SEL Live\\dataconnect": could not find dataconnect.yaml in `d:\Application Dev\SEL Live\dataconnect`
 {"metadata":{"emulator":{"name":"dataconnect"},"message":"E0725 21:04:30.323267   17964 watch.go:116] watchAllDir unable to walk dir `d:\\Application Dev\\SEL Live\\dataconnect`: GetFileAttributesEx d:\\Application Dev\\SEL Live\\dataconnect: The system cannot find the file specified.\nE0725 21:04:30.323267   17964 watch.go:40] Failed to load config from \"d:\\\\Application Dev\\\\SEL Live\\\\dataconnect\": could not find dataconnect.yaml in `d:\\Application Dev\\SEL Live\\dataconnect`\n"}}
[debug] [2026-07-25T15:34:40.323Z] E0725 21:04:40.323602   17964 watch.go:40] Failed to load config from "d:\\Application Dev\\SEL Live\\dataconnect": could not find dataconnect.yaml in `d:\Application Dev\SEL Live\dataconnect`
 {"metadata":{"emulator":{"name":"dataconnect"},"message":"E0725 21:04:40.323602   17964 watch.go:40] Failed to load config from \"d:\\\\Application Dev\\\\SEL Live\\\\dataconnect\": could not find dataconnect.yaml in `d:\\Application Dev\\SEL Live\\dataconnect`\n"}}
[debug] [2026-07-25T15:34:50.324Z] E0725 21:04:50.323359   17964 watch.go:40] Failed to load config from "d:\\Application Dev\\SEL Live\\dataconnect": could not find dataconnect.yaml in `d:\Application Dev\SEL Live\dataconnect`
 {"metadata":{"emulator":{"name":"dataconnect"},"message":"E0725 21:04:50.323359   17964 watch.go:40] Failed to load config from \"d:\\\\Application Dev\\\\SEL Live\\\\dataconnect\": could not find dataconnect.yaml in `d:\\Application Dev\\SEL Live\\dataconnect`\n"}}
[debug] [2026-07-25T15:35:00.323Z] E0725 21:05:00.323599   17964 watch.go:40] Failed to load config from "d:\\Application Dev\\SEL Live\\dataconnect": could not find dataconnect.yaml in `d:\Application Dev\SEL Live\dataconnect`
 {"metadata":{"emulator":{"name":"dataconnect"},"message":"E0725 21:05:00.323599   17964 watch.go:40] Failed to load config from \"d:\\\\Application Dev\\\\SEL Live\\\\dataconnect\": could not find dataconnect.yaml in `d:\\Application Dev\\SEL Live\\dataconnect`\n"}}
[debug] [2026-07-25T15:35:10.323Z] E0725 21:05:10.323264   17964 watch.go:40] Failed to load config from "d:\\Application Dev\\SEL Live\\dataconnect": could not find dataconnect.yaml in `d:\Application Dev\SEL Live\dataconnect`
 {"metadata":{"emulator":{"name":"dataconnect"},"message":"E0725 21:05:10.323264   17964 watch.go:40] Failed to load config from \"d:\\\\Application Dev\\\\SEL Live\\\\dataconnect\": could not find dataconnect.yaml in `d:\\Application Dev\\SEL Live\\dataconnect`\n"}}
[debug] [2026-07-25T15:35:20.323Z] E0725 21:05:20.323557   17964 watch.go:40] Failed to load config from "d:\\Application Dev\\SEL Live\\dataconnect": could not find dataconnect.yaml in `d:\Application Dev\SEL Live\dataconnect`
 {"metadata":{"emulator":{"name":"dataconnect"},"message":"E0725 21:05:20.323557   17964 watch.go:40] Failed to load config from \"d:\\\\Application Dev\\\\SEL Live\\\\dataconnect\": could not find dataconnect.yaml in `d:\\Application Dev\\SEL Live\\dataconnect`\n"}}
[debug] [2026-07-25T15:35:30.323Z] E0725 21:05:30.323618   17964 watch.go:116] watchAllDir unable to walk dir `d:\Application Dev\SEL Live\dataconnect`: GetFileAttributesEx d:\Application Dev\SEL Live\dataconnect: The system cannot find the file specified.
E0725 21:05:30.323618   17964 watch.go:40] Failed to load config from "d:\\Application Dev\\SEL Live\\dataconnect": could not find dataconnect.yaml in `d:\Application Dev\SEL Live\dataconnect`
 {"metadata":{"emulator":{"name":"dataconnect"},"message":"E0725 21:05:30.323618   17964 watch.go:116] watchAllDir unable to walk dir `d:\\Application Dev\\SEL Live\\dataconnect`: GetFileAttributesEx d:\\Application Dev\\SEL Live\\dataconnect: The system cannot find the file specified.\nE0725 21:05:30.323618   17964 watch.go:40] Failed to load config from \"d:\\\\Application Dev\\\\SEL Live\\\\dataconnect\": could not find dataconnect.yaml in `d:\\Application Dev\\SEL Live\\dataconnect`\n"}}
[debug] [2026-07-25T15:35:40.323Z] E0725 21:05:40.323817   17964 watch.go:40] Failed to load config from "d:\\Application Dev\\SEL Live\\dataconnect": could not find dataconnect.yaml in `d:\Application Dev\SEL Live\dataconnect`
 {"metadata":{"emulator":{"name":"dataconnect"},"message":"E0725 21:05:40.323817   17964 watch.go:40] Failed to load config from \"d:\\\\Application Dev\\\\SEL Live\\\\dataconnect\": could not find dataconnect.yaml in `d:\\Application Dev\\SEL Live\\dataconnect`\n"}}
[debug] [2026-07-25T15:35:50.323Z] E0725 21:05:50.323497   17964 watch.go:40] Failed to load config from "d:\\Application Dev\\SEL Live\\dataconnect": could not find dataconnect.yaml in `d:\Application Dev\SEL Live\dataconnect`
 {"metadata":{"emulator":{"name":"dataconnect"},"message":"E0725 21:05:50.323497   17964 watch.go:40] Failed to load config from \"d:\\\\Application Dev\\\\SEL Live\\\\dataconnect\": could not find dataconnect.yaml in `d:\\Application Dev\\SEL Live\\dataconnect`\n"}}
[debug] [2026-07-25T15:36:00.323Z] E0725 21:06:00.323850   17964 watch.go:40] Failed to load config from "d:\\Application Dev\\SEL Live\\dataconnect": could not find dataconnect.yaml in `d:\Application Dev\SEL Live\dataconnect`
 {"metadata":{"emulator":{"name":"dataconnect"},"message":"E0725 21:06:00.323850   17964 watch.go:40] Failed to load config from \"d:\\\\Application Dev\\\\SEL Live\\\\dataconnect\": could not find dataconnect.yaml in `d:\\Application Dev\\SEL Live\\dataconnect`\n"}}
[debug] [2026-07-25T15:36:10.324Z] E0725 21:06:10.324244   17964 watch.go:40] Failed to load config from "d:\\Application Dev\\SEL Live\\dataconnect": could not find dataconnect.yaml in `d:\Application Dev\SEL Live\dataconnect`
 {"metadata":{"emulator":{"name":"dataconnect"},"message":"E0725 21:06:10.324244   17964 watch.go:40] Failed to load config from \"d:\\\\Application Dev\\\\SEL Live\\\\dataconnect\": could not find dataconnect.yaml in `d:\\Application Dev\\SEL Live\\dataconnect`\n"}}
[debug] [2026-07-25T15:36:20.323Z] E0725 21:06:20.323976   17964 watch.go:40] Failed to load config from "d:\\Application Dev\\SEL Live\\dataconnect": could not find dataconnect.yaml in `d:\Application Dev\SEL Live\dataconnect`
 {"metadata":{"emulator":{"name":"dataconnect"},"message":"E0725 21:06:20.323976   17964 watch.go:40] Failed to load config from \"d:\\\\Application Dev\\\\SEL Live\\\\dataconnect\": could not find dataconnect.yaml in `d:\\Application Dev\\SEL Live\\dataconnect`\n"}}
[debug] [2026-07-25T15:36:30.324Z] E0725 21:06:30.323830   17964 watch.go:116] watchAllDir unable to walk dir `d:\Application Dev\SEL Live\dataconnect`: GetFileAttributesEx d:\Application Dev\SEL Live\dataconnect: The system cannot find the file specified.
E0725 21:06:30.323830   17964 watch.go:40] Failed to load config from "d:\\Application Dev\\SEL Live\\dataconnect": could not find dataconnect.yaml in `d:\Application Dev\SEL Live\dataconnect`
 {"metadata":{"emulator":{"name":"dataconnect"},"message":"E0725 21:06:30.323830   17964 watch.go:116] watchAllDir unable to walk dir `d:\\Application Dev\\SEL Live\\dataconnect`: GetFileAttributesEx d:\\Application Dev\\SEL Live\\dataconnect: The system cannot find the file specified.\nE0725 21:06:30.323830   17964 watch.go:40] Failed to load config from \"d:\\\\Application Dev\\\\SEL Live\\\\dataconnect\": could not find dataconnect.yaml in `d:\\Application Dev\\SEL Live\\dataconnect`\n"}}
[debug] [2026-07-25T15:36:40.323Z] E0725 21:06:40.323375   17964 watch.go:40] Failed to load config from "d:\\Application Dev\\SEL Live\\dataconnect": could not find dataconnect.yaml in `d:\Application Dev\SEL Live\dataconnect`
 {"metadata":{"emulator":{"name":"dataconnect"},"message":"E0725 21:06:40.323375   17964 watch.go:40] Failed to load config from \"d:\\\\Application Dev\\\\SEL Live\\\\dataconnect\": could not find dataconnect.yaml in `d:\\Application Dev\\SEL Live\\dataconnect`\n"}}
[debug] [2026-07-25T15:36:50.324Z] E0725 21:06:50.323947   17964 watch.go:40] Failed to load config from "d:\\Application Dev\\SEL Live\\dataconnect": could not find dataconnect.yaml in `d:\Application Dev\SEL Live\dataconnect`
 {"metadata":{"emulator":{"name":"dataconnect"},"message":"E0725 21:06:50.323947   17964 watch.go:40] Failed to load config from \"d:\\\\Application Dev\\\\SEL Live\\\\dataconnect\": could not find dataconnect.yaml in `d:\\Application Dev\\SEL Live\\dataconnect`\n"}}
[debug] [2026-07-25T15:37:00.323Z] E0725 21:07:00.323669   17964 watch.go:40] Failed to load config from "d:\\Application Dev\\SEL Live\\dataconnect": could not find dataconnect.yaml in `d:\Application Dev\SEL Live\dataconnect`
 {"metadata":{"emulator":{"name":"dataconnect"},"message":"E0725 21:07:00.323669   17964 watch.go:40] Failed to load config from \"d:\\\\Application Dev\\\\SEL Live\\\\dataconnect\": could not find dataconnect.yaml in `d:\\Application Dev\\SEL Live\\dataconnect`\n"}}
[debug] [2026-07-25T15:37:10.323Z] E0725 21:07:10.323301   17964 watch.go:40] Failed to load config from "d:\\Application Dev\\SEL Live\\dataconnect": could not find dataconnect.yaml in `d:\Application Dev\SEL Live\dataconnect`
 {"metadata":{"emulator":{"name":"dataconnect"},"message":"E0725 21:07:10.323301   17964 watch.go:40] Failed to load config from \"d:\\\\Application Dev\\\\SEL Live\\\\dataconnect\": could not find dataconnect.yaml in `d:\\Application Dev\\SEL Live\\dataconnect`\n"}}
[debug] [2026-07-25T15:37:20.323Z] E0725 21:07:20.323253   17964 watch.go:40] Failed to load config from "d:\\Application Dev\\SEL Live\\dataconnect": could not find dataconnect.yaml in `d:\Application Dev\SEL Live\dataconnect`
 {"metadata":{"emulator":{"name":"dataconnect"},"message":"E0725 21:07:20.323253   17964 watch.go:40] Failed to load config from \"d:\\\\Application Dev\\\\SEL Live\\\\dataconnect\": could not find dataconnect.yaml in `d:\\Application Dev\\SEL Live\\dataconnect`\n"}}
[debug] [2026-07-25T15:37:30.323Z] E0725 21:07:30.323327   17964 watch.go:116] watchAllDir unable to walk dir `d:\Application Dev\SEL Live\dataconnect`: GetFileAttributesEx d:\Application Dev\SEL Live\dataconnect: The system cannot find the file specified.
E0725 21:07:30.323327   17964 watch.go:40] Failed to load config from "d:\\Application Dev\\SEL Live\\dataconnect": could not find dataconnect.yaml in `d:\Application Dev\SEL Live\dataconnect`
 {"metadata":{"emulator":{"name":"dataconnect"},"message":"E0725 21:07:30.323327   17964 watch.go:116] watchAllDir unable to walk dir `d:\\Application Dev\\SEL Live\\dataconnect`: GetFileAttributesEx d:\\Application Dev\\SEL Live\\dataconnect: The system cannot find the file specified.\nE0725 21:07:30.323327   17964 watch.go:40] Failed to load config from \"d:\\\\Application Dev\\\\SEL Live\\\\dataconnect\": could not find dataconnect.yaml in `d:\\Application Dev\\SEL Live\\dataconnect`\n"}}
[debug] [2026-07-25T15:37:40.323Z] E0725 21:07:40.323739   17964 watch.go:40] Failed to load config from "d:\\Application Dev\\SEL Live\\dataconnect": could not find dataconnect.yaml in `d:\Application Dev\SEL Live\dataconnect`
 {"metadata":{"emulator":{"name":"dataconnect"},"message":"E0725 21:07:40.323739   17964 watch.go:40] Failed to load config from \"d:\\\\Application Dev\\\\SEL Live\\\\dataconnect\": could not find dataconnect.yaml in `d:\\Application Dev\\SEL Live\\dataconnect`\n"}}
[debug] [2026-07-25T15:37:50.323Z] E0725 21:07:50.323337   17964 watch.go:40] Failed to load config from "d:\\Application Dev\\SEL Live\\dataconnect": could not find dataconnect.yaml in `d:\Application Dev\SEL Live\dataconnect`
 {"metadata":{"emulator":{"name":"dataconnect"},"message":"E0725 21:07:50.323337   17964 watch.go:40] Failed to load config from \"d:\\\\Application Dev\\\\SEL Live\\\\dataconnect\": could not find dataconnect.yaml in `d:\\Application Dev\\SEL Live\\dataconnect`\n"}}
[debug] [2026-07-25T15:38:00.323Z] E0725 21:08:00.324019   17964 watch.go:40] Failed to load config from "d:\\Application Dev\\SEL Live\\dataconnect": could not find dataconnect.yaml in `d:\Application Dev\SEL Live\dataconnect`
 {"metadata":{"emulator":{"name":"dataconnect"},"message":"E0725 21:08:00.324019   17964 watch.go:40] Failed to load config from \"d:\\\\Application Dev\\\\SEL Live\\\\dataconnect\": could not find dataconnect.yaml in `d:\\Application Dev\\SEL Live\\dataconnect`\n"}}
[debug] [2026-07-25T15:38:10.323Z] E0725 21:08:10.323870   17964 watch.go:40] Failed to load config from "d:\\Application Dev\\SEL Live\\dataconnect": could not find dataconnect.yaml in `d:\Application Dev\SEL Live\dataconnect`
 {"metadata":{"emulator":{"name":"dataconnect"},"message":"E0725 21:08:10.323870   17964 watch.go:40] Failed to load config from \"d:\\\\Application Dev\\\\SEL Live\\\\dataconnect\": could not find dataconnect.yaml in `d:\\Application Dev\\SEL Live\\dataconnect`\n"}}
[debug] [2026-07-25T15:38:20.324Z] E0725 21:08:20.323606   17964 watch.go:40] Failed to load config from "d:\\Application Dev\\SEL Live\\dataconnect": could not find dataconnect.yaml in `d:\Application Dev\SEL Live\dataconnect`
 {"metadata":{"emulator":{"name":"dataconnect"},"message":"E0725 21:08:20.323606   17964 watch.go:40] Failed to load config from \"d:\\\\Application Dev\\\\SEL Live\\\\dataconnect\": could not find dataconnect.yaml in `d:\\Application Dev\\SEL Live\\dataconnect`\n"}}
[debug] [2026-07-25T15:38:30.323Z] E0725 21:08:30.323542   17964 watch.go:116] watchAllDir unable to walk dir `d:\Application Dev\SEL Live\dataconnect`: GetFileAttributesEx d:\Application Dev\SEL Live\dataconnect: The system cannot find the file specified.
E0725 21:08:30.323542   17964 watch.go:40] Failed to load config from "d:\\Application Dev\\SEL Live\\dataconnect": could not find dataconnect.yaml in `d:\Application Dev\SEL Live\dataconnect`
 {"metadata":{"emulator":{"name":"dataconnect"},"message":"E0725 21:08:30.323542   17964 watch.go:116] watchAllDir unable to walk dir `d:\\Application Dev\\SEL Live\\dataconnect`: GetFileAttributesEx d:\\Application Dev\\SEL Live\\dataconnect: The system cannot find the file specified.\nE0725 21:08:30.323542   17964 watch.go:40] Failed to load config from \"d:\\\\Application Dev\\\\SEL Live\\\\dataconnect\": could not find dataconnect.yaml in `d:\\Application Dev\\SEL Live\\dataconnect`\n"}}
[debug] [2026-07-25T15:38:40.325Z] E0725 21:08:40.325612   17964 watch.go:40] Failed to load config from "d:\\Application Dev\\SEL Live\\dataconnect": could not find dataconnect.yaml in `d:\Application Dev\SEL Live\dataconnect`
 {"metadata":{"emulator":{"name":"dataconnect"},"message":"E0725 21:08:40.325612   17964 watch.go:40] Failed to load config from \"d:\\\\Application Dev\\\\SEL Live\\\\dataconnect\": could not find dataconnect.yaml in `d:\\Application Dev\\SEL Live\\dataconnect`\n"}}
[debug] [2026-07-25T15:38:50.325Z] E0725 21:08:50.325049   17964 watch.go:40] Failed to load config from "d:\\Application Dev\\SEL Live\\dataconnect": could not find dataconnect.yaml in `d:\Application Dev\SEL Live\dataconnect`
 {"metadata":{"emulator":{"name":"dataconnect"},"message":"E0725 21:08:50.325049   17964 watch.go:40] Failed to load config from \"d:\\\\Application Dev\\\\SEL Live\\\\dataconnect\": could not find dataconnect.yaml in `d:\\Application Dev\\SEL Live\\dataconnect`\n"}}
[debug] [2026-07-25T15:39:00.323Z] E0725 21:09:00.323381   17964 watch.go:40] Failed to load config from "d:\\Application Dev\\SEL Live\\dataconnect": could not find dataconnect.yaml in `d:\Application Dev\SEL Live\dataconnect`
 {"metadata":{"emulator":{"name":"dataconnect"},"message":"E0725 21:09:00.323381   17964 watch.go:40] Failed to load config from \"d:\\\\Application Dev\\\\SEL Live\\\\dataconnect\": could not find dataconnect.yaml in `d:\\Application Dev\\SEL Live\\dataconnect`\n"}}
[debug] [2026-07-25T15:39:10.324Z] E0725 21:09:10.323886   17964 watch.go:40] Failed to load config from "d:\\Application Dev\\SEL Live\\dataconnect": could not find dataconnect.yaml in `d:\Application Dev\SEL Live\dataconnect`
 {"metadata":{"emulator":{"name":"dataconnect"},"message":"E0725 21:09:10.323886   17964 watch.go:40] Failed to load config from \"d:\\\\Application Dev\\\\SEL Live\\\\dataconnect\": could not find dataconnect.yaml in `d:\\Application Dev\\SEL Live\\dataconnect`\n"}}
[debug] [2026-07-25T15:39:20.323Z] E0725 21:09:20.323645   17964 watch.go:40] Failed to load config from "d:\\Application Dev\\SEL Live\\dataconnect": could not find dataconnect.yaml in `d:\Application Dev\SEL Live\dataconnect`
 {"metadata":{"emulator":{"name":"dataconnect"},"message":"E0725 21:09:20.323645   17964 watch.go:40] Failed to load config from \"d:\\\\Application Dev\\\\SEL Live\\\\dataconnect\": could not find dataconnect.yaml in `d:\\Application Dev\\SEL Live\\dataconnect`\n"}}
[debug] [2026-07-25T15:39:30.323Z] E0725 21:09:30.323526   17964 watch.go:116] watchAllDir unable to walk dir `d:\Application Dev\SEL Live\dataconnect`: GetFileAttributesEx d:\Application Dev\SEL Live\dataconnect: The system cannot find the file specified.
E0725 21:09:30.323526   17964 watch.go:40] Failed to load config from "d:\\Application Dev\\SEL Live\\dataconnect": could not find dataconnect.yaml in `d:\Application Dev\SEL Live\dataconnect`
 {"metadata":{"emulator":{"name":"dataconnect"},"message":"E0725 21:09:30.323526   17964 watch.go:116] watchAllDir unable to walk dir `d:\\Application Dev\\SEL Live\\dataconnect`: GetFileAttributesEx d:\\Application Dev\\SEL Live\\dataconnect: The system cannot find the file specified.\nE0725 21:09:30.323526   17964 watch.go:40] Failed to load config from \"d:\\\\Application Dev\\\\SEL Live\\\\dataconnect\": could not find dataconnect.yaml in `d:\\Application Dev\\SEL Live\\dataconnect`\n"}}
[debug] [2026-07-25T15:39:40.323Z] E0725 21:09:40.323795   17964 watch.go:40] Failed to load config from "d:\\Application Dev\\SEL Live\\dataconnect": could not find dataconnect.yaml in `d:\Application Dev\SEL Live\dataconnect`
 {"metadata":{"emulator":{"name":"dataconnect"},"message":"E0725 21:09:40.323795   17964 watch.go:40] Failed to load config from \"d:\\\\Application Dev\\\\SEL Live\\\\dataconnect\": could not find dataconnect.yaml in `d:\\Application Dev\\SEL Live\\dataconnect`\n"}}
[debug] [2026-07-25T15:39:50.323Z] E0725 21:09:50.323280   17964 watch.go:40] Failed to load config from "d:\\Application Dev\\SEL Live\\dataconnect": could not find dataconnect.yaml in `d:\Application Dev\SEL Live\dataconnect`
 {"metadata":{"emulator":{"name":"dataconnect"},"message":"E0725 21:09:50.323280   17964 watch.go:40] Failed to load config from \"d:\\\\Application Dev\\\\SEL Live\\\\dataconnect\": could not find dataconnect.yaml in `d:\\Application Dev\\SEL Live\\dataconnect`\n"}}
[debug] [2026-07-25T15:40:00.323Z] E0725 21:10:00.323467   17964 watch.go:40] Failed to load config from "d:\\Application Dev\\SEL Live\\dataconnect": could not find dataconnect.yaml in `d:\Application Dev\SEL Live\dataconnect`
 {"metadata":{"emulator":{"name":"dataconnect"},"message":"E0725 21:10:00.323467   17964 watch.go:40] Failed to load config from \"d:\\\\Application Dev\\\\SEL Live\\\\dataconnect\": could not find dataconnect.yaml in `d:\\Application Dev\\SEL Live\\dataconnect`\n"}}
[debug] [2026-07-25T15:40:10.323Z] E0725 21:10:10.323632   17964 watch.go:40] Failed to load config from "d:\\Application Dev\\SEL Live\\dataconnect": could not find dataconnect.yaml in `d:\Application Dev\SEL Live\dataconnect`
 {"metadata":{"emulator":{"name":"dataconnect"},"message":"E0725 21:10:10.323632   17964 watch.go:40] Failed to load config from \"d:\\\\Application Dev\\\\SEL Live\\\\dataconnect\": could not find dataconnect.yaml in `d:\\Application Dev\\SEL Live\\dataconnect`\n"}}
[debug] [2026-07-25T15:40:20.323Z] E0725 21:10:20.323251   17964 watch.go:40] Failed to load config from "d:\\Application Dev\\SEL Live\\dataconnect": could not find dataconnect.yaml in `d:\Application Dev\SEL Live\dataconnect`
 {"metadata":{"emulator":{"name":"dataconnect"},"message":"E0725 21:10:20.323251   17964 watch.go:40] Failed to load config from \"d:\\\\Application Dev\\\\SEL Live\\\\dataconnect\": could not find dataconnect.yaml in `d:\\Application Dev\\SEL Live\\dataconnect`\n"}}
[debug] [2026-07-25T15:40:30.323Z] E0725 21:10:30.323834   17964 watch.go:40] Failed to load config from "d:\\Application Dev\\SEL Live\\dataconnect": could not find dataconnect.yaml in `d:\Application Dev\SEL Live\dataconnect`
E0725 21:10:30.323834   17964 watch.go:116] watchAllDir unable to walk dir `d:\Application Dev\SEL Live\dataconnect`: GetFileAttributesEx d:\Application Dev\SEL Live\dataconnect: The system cannot find the file specified.
 {"metadata":{"emulator":{"name":"dataconnect"},"message":"E0725 21:10:30.323834   17964 watch.go:40] Failed to load config from \"d:\\\\Application Dev\\\\SEL Live\\\\dataconnect\": could not find dataconnect.yaml in `d:\\Application Dev\\SEL Live\\dataconnect`\nE0725 21:10:30.323834   17964 watch.go:116] watchAllDir unable to walk dir `d:\\Application Dev\\SEL Live\\dataconnect`: GetFileAttributesEx d:\\Application Dev\\SEL Live\\dataconnect: The system cannot find the file specified.\n"}}
[debug] [2026-07-25T15:40:40.323Z] E0725 21:10:40.323667   17964 watch.go:40] Failed to load config from "d:\\Application Dev\\SEL Live\\dataconnect": could not find dataconnect.yaml in `d:\Application Dev\SEL Live\dataconnect`
 {"metadata":{"emulator":{"name":"dataconnect"},"message":"E0725 21:10:40.323667   17964 watch.go:40] Failed to load config from \"d:\\\\Application Dev\\\\SEL Live\\\\dataconnect\": could not find dataconnect.yaml in `d:\\Application Dev\\SEL Live\\dataconnect`\n"}}
[debug] [2026-07-25T15:40:50.323Z] E0725 21:10:50.323515   17964 watch.go:40] Failed to load config from "d:\\Application Dev\\SEL Live\\dataconnect": could not find dataconnect.yaml in `d:\Application Dev\SEL Live\dataconnect`
 {"metadata":{"emulator":{"name":"dataconnect"},"message":"E0725 21:10:50.323515   17964 watch.go:40] Failed to load config from \"d:\\\\Application Dev\\\\SEL Live\\\\dataconnect\": could not find dataconnect.yaml in `d:\\Application Dev\\SEL Live\\dataconnect`\n"}}
[debug] [2026-07-25T15:41:00.324Z] E0725 21:11:00.323509   17964 watch.go:40] Failed to load config from "d:\\Application Dev\\SEL Live\\dataconnect": could not find dataconnect.yaml in `d:\Application Dev\SEL Live\dataconnect`
 {"metadata":{"emulator":{"name":"dataconnect"},"message":"E0725 21:11:00.323509   17964 watch.go:40] Failed to load config from \"d:\\\\Application Dev\\\\SEL Live\\\\dataconnect\": could not find dataconnect.yaml in `d:\\Application Dev\\SEL Live\\dataconnect`\n"}}
[debug] [2026-07-25T15:41:10.323Z] E0725 21:11:10.323624   17964 watch.go:40] Failed to load config from "d:\\Application Dev\\SEL Live\\dataconnect": could not find dataconnect.yaml in `d:\Application Dev\SEL Live\dataconnect`
 {"metadata":{"emulator":{"name":"dataconnect"},"message":"E0725 21:11:10.323624   17964 watch.go:40] Failed to load config from \"d:\\\\Application Dev\\\\SEL Live\\\\dataconnect\": could not find dataconnect.yaml in `d:\\Application Dev\\SEL Live\\dataconnect`\n"}}
[debug] [2026-07-25T15:41:20.324Z] E0725 21:11:20.323733   17964 watch.go:40] Failed to load config from "d:\\Application Dev\\SEL Live\\dataconnect": could not find dataconnect.yaml in `d:\Application Dev\SEL Live\dataconnect`
 {"metadata":{"emulator":{"name":"dataconnect"},"message":"E0725 21:11:20.323733   17964 watch.go:40] Failed to load config from \"d:\\\\Application Dev\\\\SEL Live\\\\dataconnect\": could not find dataconnect.yaml in `d:\\Application Dev\\SEL Live\\dataconnect`\n"}}
[debug] [2026-07-25T15:41:30.323Z] E0725 21:11:30.323591   17964 watch.go:116] watchAllDir unable to walk dir `d:\Application Dev\SEL Live\dataconnect`: GetFileAttributesEx d:\Application Dev\SEL Live\dataconnect: The system cannot find the file specified.
E0725 21:11:30.323591   17964 watch.go:40] Failed to load config from "d:\\Application Dev\\SEL Live\\dataconnect": could not find dataconnect.yaml in `d:\Application Dev\SEL Live\dataconnect`
 {"metadata":{"emulator":{"name":"dataconnect"},"message":"E0725 21:11:30.323591   17964 watch.go:116] watchAllDir unable to walk dir `d:\\Application Dev\\SEL Live\\dataconnect`: GetFileAttributesEx d:\\Application Dev\\SEL Live\\dataconnect: The system cannot find the file specified.\nE0725 21:11:30.323591   17964 watch.go:40] Failed to load config from \"d:\\\\Application Dev\\\\SEL Live\\\\dataconnect\": could not find dataconnect.yaml in `d:\\Application Dev\\SEL Live\\dataconnect`\n"}}
[debug] [2026-07-25T15:41:40.321Z] E0725 21:11:40.323872   17964 watch.go:40] Failed to load config from "d:\\Application Dev\\SEL Live\\dataconnect": could not find dataconnect.yaml in `d:\Application Dev\SEL Live\dataconnect`
 {"metadata":{"emulator":{"name":"dataconnect"},"message":"E0725 21:11:40.323872   17964 watch.go:40] Failed to load config from \"d:\\\\Application Dev\\\\SEL Live\\\\dataconnect\": could not find dataconnect.yaml in `d:\\Application Dev\\SEL Live\\dataconnect`\n"}}
[debug] [2026-07-25T15:41:50.321Z] E0725 21:11:50.323880   17964 watch.go:40] Failed to load config from "d:\\Application Dev\\SEL Live\\dataconnect": could not find dataconnect.yaml in `d:\Application Dev\SEL Live\dataconnect`
 {"metadata":{"emulator":{"name":"dataconnect"},"message":"E0725 21:11:50.323880   17964 watch.go:40] Failed to load config from \"d:\\\\Application Dev\\\\SEL Live\\\\dataconnect\": could not find dataconnect.yaml in `d:\\Application Dev\\SEL Live\\dataconnect`\n"}}
[debug] [2026-07-25T15:42:00.321Z] E0725 21:12:00.323508   17964 watch.go:40] Failed to load config from "d:\\Application Dev\\SEL Live\\dataconnect": could not find dataconnect.yaml in `d:\Application Dev\SEL Live\dataconnect`
 {"metadata":{"emulator":{"name":"dataconnect"},"message":"E0725 21:12:00.323508   17964 watch.go:40] Failed to load config from \"d:\\\\Application Dev\\\\SEL Live\\\\dataconnect\": could not find dataconnect.yaml in `d:\\Application Dev\\SEL Live\\dataconnect`\n"}}
[debug] [2026-07-25T15:42:10.321Z] E0725 21:12:10.323545   17964 watch.go:40] Failed to load config from "d:\\Application Dev\\SEL Live\\dataconnect": could not find dataconnect.yaml in `d:\Application Dev\SEL Live\dataconnect`
 {"metadata":{"emulator":{"name":"dataconnect"},"message":"E0725 21:12:10.323545   17964 watch.go:40] Failed to load config from \"d:\\\\Application Dev\\\\SEL Live\\\\dataconnect\": could not find dataconnect.yaml in `d:\\Application Dev\\SEL Live\\dataconnect`\n"}}
[debug] [2026-07-25T15:42:20.321Z] E0725 21:12:20.323656   17964 watch.go:40] Failed to load config from "d:\\Application Dev\\SEL Live\\dataconnect": could not find dataconnect.yaml in `d:\Application Dev\SEL Live\dataconnect`
 {"metadata":{"emulator":{"name":"dataconnect"},"message":"E0725 21:12:20.323656   17964 watch.go:40] Failed to load config from \"d:\\\\Application Dev\\\\SEL Live\\\\dataconnect\": could not find dataconnect.yaml in `d:\\Application Dev\\SEL Live\\dataconnect`\n"}}
[debug] [2026-07-25T15:42:30.321Z] E0725 21:12:30.323577   17964 watch.go:116] watchAllDir unable to walk dir `d:\Application Dev\SEL Live\dataconnect`: GetFileAttributesEx d:\Application Dev\SEL Live\dataconnect: The system cannot find the file specified.
E0725 21:12:30.323985   17964 watch.go:40] Failed to load config from "d:\\Application Dev\\SEL Live\\dataconnect": could not find dataconnect.yaml in `d:\Application Dev\SEL Live\dataconnect`
 {"metadata":{"emulator":{"name":"dataconnect"},"message":"E0725 21:12:30.323577   17964 watch.go:116] watchAllDir unable to walk dir `d:\\Application Dev\\SEL Live\\dataconnect`: GetFileAttributesEx d:\\Application Dev\\SEL Live\\dataconnect: The system cannot find the file specified.\nE0725 21:12:30.323985   17964 watch.go:40] Failed to load config from \"d:\\\\Application Dev\\\\SEL Live\\\\dataconnect\": could not find dataconnect.yaml in `d:\\Application Dev\\SEL Live\\dataconnect`\n"}}
[debug] [2026-07-25T15:42:40.323Z] E0725 21:12:40.323550   17964 watch.go:40] Failed to load config from "d:\\Application Dev\\SEL Live\\dataconnect": could not find dataconnect.yaml in `d:\Application Dev\SEL Live\dataconnect`
 {"metadata":{"emulator":{"name":"dataconnect"},"message":"E0725 21:12:40.323550   17964 watch.go:40] Failed to load config from \"d:\\\\Application Dev\\\\SEL Live\\\\dataconnect\": could not find dataconnect.yaml in `d:\\Application Dev\\SEL Live\\dataconnect`\n"}}
[debug] [2026-07-25T15:42:50.324Z] E0725 21:12:50.324132   17964 watch.go:40] Failed to load config from "d:\\Application Dev\\SEL Live\\dataconnect": could not find dataconnect.yaml in `d:\Application Dev\SEL Live\dataconnect`
 {"metadata":{"emulator":{"name":"dataconnect"},"message":"E0725 21:12:50.324132   17964 watch.go:40] Failed to load config from \"d:\\\\Application Dev\\\\SEL Live\\\\dataconnect\": could not find dataconnect.yaml in `d:\\Application Dev\\SEL Live\\dataconnect`\n"}}
[debug] [2026-07-25T15:43:00.324Z] E0725 21:13:00.324108   17964 watch.go:40] Failed to load config from "d:\\Application Dev\\SEL Live\\dataconnect": could not find dataconnect.yaml in `d:\Application Dev\SEL Live\dataconnect`
 {"metadata":{"emulator":{"name":"dataconnect"},"message":"E0725 21:13:00.324108   17964 watch.go:40] Failed to load config from \"d:\\\\Application Dev\\\\SEL Live\\\\dataconnect\": could not find dataconnect.yaml in `d:\\Application Dev\\SEL Live\\dataconnect`\n"}}
[debug] [2026-07-25T15:43:10.323Z] E0725 21:13:10.323873   17964 watch.go:40] Failed to load config from "d:\\Application Dev\\SEL Live\\dataconnect": could not find dataconnect.yaml in `d:\Application Dev\SEL Live\dataconnect`
 {"metadata":{"emulator":{"name":"dataconnect"},"message":"E0725 21:13:10.323873   17964 watch.go:40] Failed to load config from \"d:\\\\Application Dev\\\\SEL Live\\\\dataconnect\": could not find dataconnect.yaml in `d:\\Application Dev\\SEL Live\\dataconnect`\n"}}
[debug] [2026-07-25T15:43:20.323Z] E0725 21:13:20.323930   17964 watch.go:40] Failed to load config from "d:\\Application Dev\\SEL Live\\dataconnect": could not find dataconnect.yaml in `d:\Application Dev\SEL Live\dataconnect`
 {"metadata":{"emulator":{"name":"dataconnect"},"message":"E0725 21:13:20.323930   17964 watch.go:40] Failed to load config from \"d:\\\\Application Dev\\\\SEL Live\\\\dataconnect\": could not find dataconnect.yaml in `d:\\Application Dev\\SEL Live\\dataconnect`\n"}}
[debug] [2026-07-25T15:43:30.322Z] E0725 21:13:30.323548   17964 watch.go:116] watchAllDir unable to walk dir `d:\Application Dev\SEL Live\dataconnect`: GetFileAttributesEx d:\Application Dev\SEL Live\dataconnect: The system cannot find the file specified.
E0725 21:13:30.323548   17964 watch.go:40] Failed to load config from "d:\\Application Dev\\SEL Live\\dataconnect": could not find dataconnect.yaml in `d:\Application Dev\SEL Live\dataconnect`
 {"metadata":{"emulator":{"name":"dataconnect"},"message":"E0725 21:13:30.323548   17964 watch.go:116] watchAllDir unable to walk dir `d:\\Application Dev\\SEL Live\\dataconnect`: GetFileAttributesEx d:\\Application Dev\\SEL Live\\dataconnect: The system cannot find the file specified.\nE0725 21:13:30.323548   17964 watch.go:40] Failed to load config from \"d:\\\\Application Dev\\\\SEL Live\\\\dataconnect\": could not find dataconnect.yaml in `d:\\Application Dev\\SEL Live\\dataconnect`\n"}}
[debug] [2026-07-25T15:43:40.323Z] E0725 21:13:40.323628   17964 watch.go:40] Failed to load config from "d:\\Application Dev\\SEL Live\\dataconnect": could not find dataconnect.yaml in `d:\Application Dev\SEL Live\dataconnect`
 {"metadata":{"emulator":{"name":"dataconnect"},"message":"E0725 21:13:40.323628   17964 watch.go:40] Failed to load config from \"d:\\\\Application Dev\\\\SEL Live\\\\dataconnect\": could not find dataconnect.yaml in `d:\\Application Dev\\SEL Live\\dataconnect`\n"}}
[debug] [2026-07-25T15:43:50.323Z] E0725 21:13:50.323543   17964 watch.go:40] Failed to load config from "d:\\Application Dev\\SEL Live\\dataconnect": could not find dataconnect.yaml in `d:\Application Dev\SEL Live\dataconnect`
 {"metadata":{"emulator":{"name":"dataconnect"},"message":"E0725 21:13:50.323543   17964 watch.go:40] Failed to load config from \"d:\\\\Application Dev\\\\SEL Live\\\\dataconnect\": could not find dataconnect.yaml in `d:\\Application Dev\\SEL Live\\dataconnect`\n"}}
[debug] [2026-07-25T15:44:00.329Z] E0725 21:14:00.323690   17964 watch.go:40] Failed to load config from "d:\\Application Dev\\SEL Live\\dataconnect": could not find dataconnect.yaml in `d:\Application Dev\SEL Live\dataconnect`
 {"metadata":{"emulator":{"name":"dataconnect"},"message":"E0725 21:14:00.323690   17964 watch.go:40] Failed to load config from \"d:\\\\Application Dev\\\\SEL Live\\\\dataconnect\": could not find dataconnect.yaml in `d:\\Application Dev\\SEL Live\\dataconnect`\n"}}
[debug] [2026-07-25T15:44:10.324Z] E0725 21:14:10.323902   17964 watch.go:40] Failed to load config from "d:\\Application Dev\\SEL Live\\dataconnect": could not find dataconnect.yaml in `d:\Application Dev\SEL Live\dataconnect`
 {"metadata":{"emulator":{"name":"dataconnect"},"message":"E0725 21:14:10.323902   17964 watch.go:40] Failed to load config from \"d:\\\\Application Dev\\\\SEL Live\\\\dataconnect\": could not find dataconnect.yaml in `d:\\Application Dev\\SEL Live\\dataconnect`\n"}}
[debug] [2026-07-25T15:44:20.324Z] E0725 21:14:20.324414   17964 watch.go:40] Failed to load config from "d:\\Application Dev\\SEL Live\\dataconnect": could not find dataconnect.yaml in `d:\Application Dev\SEL Live\dataconnect`
 {"metadata":{"emulator":{"name":"dataconnect"},"message":"E0725 21:14:20.324414   17964 watch.go:40] Failed to load config from \"d:\\\\Application Dev\\\\SEL Live\\\\dataconnect\": could not find dataconnect.yaml in `d:\\Application Dev\\SEL Live\\dataconnect`\n"}}
[debug] [2026-07-25T15:44:30.324Z] E0725 21:14:30.323536   17964 watch.go:116] watchAllDir unable to walk dir `d:\Application Dev\SEL Live\dataconnect`: GetFileAttributesEx d:\Application Dev\SEL Live\dataconnect: The system cannot find the file specified.
E0725 21:14:30.323536   17964 watch.go:40] Failed to load config from "d:\\Application Dev\\SEL Live\\dataconnect": could not find dataconnect.yaml in `d:\Application Dev\SEL Live\dataconnect`
 {"metadata":{"emulator":{"name":"dataconnect"},"message":"E0725 21:14:30.323536   17964 watch.go:116] watchAllDir unable to walk dir `d:\\Application Dev\\SEL Live\\dataconnect`: GetFileAttributesEx d:\\Application Dev\\SEL Live\\dataconnect: The system cannot find the file specified.\nE0725 21:14:30.323536   17964 watch.go:40] Failed to load config from \"d:\\\\Application Dev\\\\SEL Live\\\\dataconnect\": could not find dataconnect.yaml in `d:\\Application Dev\\SEL Live\\dataconnect`\n"}}
[debug] [2026-07-25T15:44:40.323Z] E0725 21:14:40.323685   17964 watch.go:40] Failed to load config from "d:\\Application Dev\\SEL Live\\dataconnect": could not find dataconnect.yaml in `d:\Application Dev\SEL Live\dataconnect`
 {"metadata":{"emulator":{"name":"dataconnect"},"message":"E0725 21:14:40.323685   17964 watch.go:40] Failed to load config from \"d:\\\\Application Dev\\\\SEL Live\\\\dataconnect\": could not find dataconnect.yaml in `d:\\Application Dev\\SEL Live\\dataconnect`\n"}}
[debug] [2026-07-25T15:44:50.323Z] E0725 21:14:50.323219   17964 watch.go:40] Failed to load config from "d:\\Application Dev\\SEL Live\\dataconnect": could not find dataconnect.yaml in `d:\Application Dev\SEL Live\dataconnect`
 {"metadata":{"emulator":{"name":"dataconnect"},"message":"E0725 21:14:50.323219   17964 watch.go:40] Failed to load config from \"d:\\\\Application Dev\\\\SEL Live\\\\dataconnect\": could not find dataconnect.yaml in `d:\\Application Dev\\SEL Live\\dataconnect`\n"}}
[debug] [2026-07-25T15:45:00.323Z] E0725 21:15:00.323355   17964 watch.go:40] Failed to load config from "d:\\Application Dev\\SEL Live\\dataconnect": could not find dataconnect.yaml in `d:\Application Dev\SEL Live\dataconnect`
 {"metadata":{"emulator":{"name":"dataconnect"},"message":"E0725 21:15:00.323355   17964 watch.go:40] Failed to load config from \"d:\\\\Application Dev\\\\SEL Live\\\\dataconnect\": could not find dataconnect.yaml in `d:\\Application Dev\\SEL Live\\dataconnect`\n"}}
[debug] [2026-07-25T15:45:10.323Z] E0725 21:15:10.323541   17964 watch.go:40] Failed to load config from "d:\\Application Dev\\SEL Live\\dataconnect": could not find dataconnect.yaml in `d:\Application Dev\SEL Live\dataconnect`
 {"metadata":{"emulator":{"name":"dataconnect"},"message":"E0725 21:15:10.323541   17964 watch.go:40] Failed to load config from \"d:\\\\Application Dev\\\\SEL Live\\\\dataconnect\": could not find dataconnect.yaml in `d:\\Application Dev\\SEL Live\\dataconnect`\n"}}
[debug] [2026-07-25T15:45:20.324Z] E0725 21:15:20.323599   17964 watch.go:40] Failed to load config from "d:\\Application Dev\\SEL Live\\dataconnect": could not find dataconnect.yaml in `d:\Application Dev\SEL Live\dataconnect`
 {"metadata":{"emulator":{"name":"dataconnect"},"message":"E0725 21:15:20.323599   17964 watch.go:40] Failed to load config from \"d:\\\\Application Dev\\\\SEL Live\\\\dataconnect\": could not find dataconnect.yaml in `d:\\Application Dev\\SEL Live\\dataconnect`\n"}}
[debug] [2026-07-25T15:45:30.324Z] E0725 21:15:30.324022   17964 watch.go:116] watchAllDir unable to walk dir `d:\Application Dev\SEL Live\dataconnect`: GetFileAttributesEx d:\Application Dev\SEL Live\dataconnect: The system cannot find the file specified.
 {"metadata":{"emulator":{"name":"dataconnect"},"message":"E0725 21:15:30.324022   17964 watch.go:116] watchAllDir unable to walk dir `d:\\Application Dev\\SEL Live\\dataconnect`: GetFileAttributesEx d:\\Application Dev\\SEL Live\\dataconnect: The system cannot find the file specified.\n"}}
[debug] [2026-07-25T15:45:30.326Z] E0725 21:15:30.324022   17964 watch.go:40] Failed to load config from "d:\\Application Dev\\SEL Live\\dataconnect": could not find dataconnect.yaml in `d:\Application Dev\SEL Live\dataconnect`
 {"metadata":{"emulator":{"name":"dataconnect"},"message":"E0725 21:15:30.324022   17964 watch.go:40] Failed to load config from \"d:\\\\Application Dev\\\\SEL Live\\\\dataconnect\": could not find dataconnect.yaml in `d:\\Application Dev\\SEL Live\\dataconnect`\n"}}
[debug] [2026-07-25T15:45:40.324Z] E0725 21:15:40.323986   17964 watch.go:40] Failed to load config from "d:\\Application Dev\\SEL Live\\dataconnect": could not find dataconnect.yaml in `d:\Application Dev\SEL Live\dataconnect`
 {"metadata":{"emulator":{"name":"dataconnect"},"message":"E0725 21:15:40.323986   17964 watch.go:40] Failed to load config from \"d:\\\\Application Dev\\\\SEL Live\\\\dataconnect\": could not find dataconnect.yaml in `d:\\Application Dev\\SEL Live\\dataconnect`\n"}}
[debug] [2026-07-25T15:45:50.325Z] E0725 21:15:50.324371   17964 watch.go:40] Failed to load config from "d:\\Application Dev\\SEL Live\\dataconnect": could not find dataconnect.yaml in `d:\Application Dev\SEL Live\dataconnect`
 {"metadata":{"emulator":{"name":"dataconnect"},"message":"E0725 21:15:50.324371   17964 watch.go:40] Failed to load config from \"d:\\\\Application Dev\\\\SEL Live\\\\dataconnect\": could not find dataconnect.yaml in `d:\\Application Dev\\SEL Live\\dataconnect`\n"}}
[debug] [2026-07-25T15:46:00.323Z] E0725 21:16:00.323448   17964 watch.go:40] Failed to load config from "d:\\Application Dev\\SEL Live\\dataconnect": could not find dataconnect.yaml in `d:\Application Dev\SEL Live\dataconnect`
 {"metadata":{"emulator":{"name":"dataconnect"},"message":"E0725 21:16:00.323448   17964 watch.go:40] Failed to load config from \"d:\\\\Application Dev\\\\SEL Live\\\\dataconnect\": could not find dataconnect.yaml in `d:\\Application Dev\\SEL Live\\dataconnect`\n"}}
[debug] [2026-07-25T15:46:10.325Z] E0725 21:16:10.324420   17964 watch.go:40] Failed to load config from "d:\\Application Dev\\SEL Live\\dataconnect": could not find dataconnect.yaml in `d:\Application Dev\SEL Live\dataconnect`
 {"metadata":{"emulator":{"name":"dataconnect"},"message":"E0725 21:16:10.324420   17964 watch.go:40] Failed to load config from \"d:\\\\Application Dev\\\\SEL Live\\\\dataconnect\": could not find dataconnect.yaml in `d:\\Application Dev\\SEL Live\\dataconnect`\n"}}
[debug] [2026-07-25T15:46:20.324Z] E0725 21:16:20.324128   17964 watch.go:40] Failed to load config from "d:\\Application Dev\\SEL Live\\dataconnect": could not find dataconnect.yaml in `d:\Application Dev\SEL Live\dataconnect`
 {"metadata":{"emulator":{"name":"dataconnect"},"message":"E0725 21:16:20.324128   17964 watch.go:40] Failed to load config from \"d:\\\\Application Dev\\\\SEL Live\\\\dataconnect\": could not find dataconnect.yaml in `d:\\Application Dev\\SEL Live\\dataconnect`\n"}}
[debug] [2026-07-25T15:46:30.324Z] E0725 21:16:30.323581   17964 watch.go:40] Failed to load config from "d:\\Application Dev\\SEL Live\\dataconnect": could not find dataconnect.yaml in `d:\Application Dev\SEL Live\dataconnect`
 {"metadata":{"emulator":{"name":"dataconnect"},"message":"E0725 21:16:30.323581   17964 watch.go:40] Failed to load config from \"d:\\\\Application Dev\\\\SEL Live\\\\dataconnect\": could not find dataconnect.yaml in `d:\\Application Dev\\SEL Live\\dataconnect`\n"}}
[debug] [2026-07-25T15:46:30.330Z] E0725 21:16:30.329049   17964 watch.go:116] watchAllDir unable to walk dir `d:\Application Dev\SEL Live\dataconnect`: GetFileAttributesEx d:\Application Dev\SEL Live\dataconnect: The system cannot find the file specified.
 {"metadata":{"emulator":{"name":"dataconnect"},"message":"E0725 21:16:30.329049   17964 watch.go:116] watchAllDir unable to walk dir `d:\\Application Dev\\SEL Live\\dataconnect`: GetFileAttributesEx d:\\Application Dev\\SEL Live\\dataconnect: The system cannot find the file specified.\n"}}
[debug] [2026-07-25T15:46:40.320Z] E0725 21:16:40.324131   17964 watch.go:40] Failed to load config from "d:\\Application Dev\\SEL Live\\dataconnect": could not find dataconnect.yaml in `d:\Application Dev\SEL Live\dataconnect`
 {"metadata":{"emulator":{"name":"dataconnect"},"message":"E0725 21:16:40.324131   17964 watch.go:40] Failed to load config from \"d:\\\\Application Dev\\\\SEL Live\\\\dataconnect\": could not find dataconnect.yaml in `d:\\Application Dev\\SEL Live\\dataconnect`\n"}}
[debug] [2026-07-25T15:46:50.320Z] E0725 21:16:50.324162   17964 watch.go:40] Failed to load config from "d:\\Application Dev\\SEL Live\\dataconnect": could not find dataconnect.yaml in `d:\Application Dev\SEL Live\dataconnect`
 {"metadata":{"emulator":{"name":"dataconnect"},"message":"E0725 21:16:50.324162   17964 watch.go:40] Failed to load config from \"d:\\\\Application Dev\\\\SEL Live\\\\dataconnect\": could not find dataconnect.yaml in `d:\\Application Dev\\SEL Live\\dataconnect`\n"}}
[debug] [2026-07-25T15:47:00.320Z] E0725 21:17:00.324073   17964 watch.go:40] Failed to load config from "d:\\Application Dev\\SEL Live\\dataconnect": could not find dataconnect.yaml in `d:\Application Dev\SEL Live\dataconnect`
 {"metadata":{"emulator":{"name":"dataconnect"},"message":"E0725 21:17:00.324073   17964 watch.go:40] Failed to load config from \"d:\\\\Application Dev\\\\SEL Live\\\\dataconnect\": could not find dataconnect.yaml in `d:\\Application Dev\\SEL Live\\dataconnect`\n"}}
[debug] [2026-07-25T15:47:10.320Z] E0725 21:17:10.323874   17964 watch.go:40] Failed to load config from "d:\\Application Dev\\SEL Live\\dataconnect": could not find dataconnect.yaml in `d:\Application Dev\SEL Live\dataconnect`
 {"metadata":{"emulator":{"name":"dataconnect"},"message":"E0725 21:17:10.323874   17964 watch.go:40] Failed to load config from \"d:\\\\Application Dev\\\\SEL Live\\\\dataconnect\": could not find dataconnect.yaml in `d:\\Application Dev\\SEL Live\\dataconnect`\n"}}
[debug] [2026-07-25T15:47:20.321Z] E0725 21:17:20.324330   17964 watch.go:40] Failed to load config from "d:\\Application Dev\\SEL Live\\dataconnect": could not find dataconnect.yaml in `d:\Application Dev\SEL Live\dataconnect`
 {"metadata":{"emulator":{"name":"dataconnect"},"message":"E0725 21:17:20.324330   17964 watch.go:40] Failed to load config from \"d:\\\\Application Dev\\\\SEL Live\\\\dataconnect\": could not find dataconnect.yaml in `d:\\Application Dev\\SEL Live\\dataconnect`\n"}}
[debug] [2026-07-25T15:47:30.320Z] E0725 21:17:30.323646   17964 watch.go:116] watchAllDir unable to walk dir `d:\Application Dev\SEL Live\dataconnect`: GetFileAttributesEx d:\Application Dev\SEL Live\dataconnect: The system cannot find the file specified.
E0725 21:17:30.324177   17964 watch.go:40] Failed to load config from "d:\\Application Dev\\SEL Live\\dataconnect": could not find dataconnect.yaml in `d:\Application Dev\SEL Live\dataconnect`
 {"metadata":{"emulator":{"name":"dataconnect"},"message":"E0725 21:17:30.323646   17964 watch.go:116] watchAllDir unable to walk dir `d:\\Application Dev\\SEL Live\\dataconnect`: GetFileAttributesEx d:\\Application Dev\\SEL Live\\dataconnect: The system cannot find the file specified.\nE0725 21:17:30.324177   17964 watch.go:40] Failed to load config from \"d:\\\\Application Dev\\\\SEL Live\\\\dataconnect\": could not find dataconnect.yaml in `d:\\Application Dev\\SEL Live\\dataconnect`\n"}}
[debug] [2026-07-25T15:47:40.323Z] E0725 21:17:40.324195   17964 watch.go:40] Failed to load config from "d:\\Application Dev\\SEL Live\\dataconnect": could not find dataconnect.yaml in `d:\Application Dev\SEL Live\dataconnect`
 {"metadata":{"emulator":{"name":"dataconnect"},"message":"E0725 21:17:40.324195   17964 watch.go:40] Failed to load config from \"d:\\\\Application Dev\\\\SEL Live\\\\dataconnect\": could not find dataconnect.yaml in `d:\\Application Dev\\SEL Live\\dataconnect`\n"}}
[debug] [2026-07-25T15:47:50.322Z] E0725 21:17:50.323576   17964 watch.go:40] Failed to load config from "d:\\Application Dev\\SEL Live\\dataconnect": could not find dataconnect.yaml in `d:\Application Dev\SEL Live\dataconnect`
 {"metadata":{"emulator":{"name":"dataconnect"},"message":"E0725 21:17:50.323576   17964 watch.go:40] Failed to load config from \"d:\\\\Application Dev\\\\SEL Live\\\\dataconnect\": could not find dataconnect.yaml in `d:\\Application Dev\\SEL Live\\dataconnect`\n"}}
[debug] [2026-07-25T15:48:00.322Z] E0725 21:18:00.323710   17964 watch.go:40] Failed to load config from "d:\\Application Dev\\SEL Live\\dataconnect": could not find dataconnect.yaml in `d:\Application Dev\SEL Live\dataconnect`
 {"metadata":{"emulator":{"name":"dataconnect"},"message":"E0725 21:18:00.323710   17964 watch.go:40] Failed to load config from \"d:\\\\Application Dev\\\\SEL Live\\\\dataconnect\": could not find dataconnect.yaml in `d:\\Application Dev\\SEL Live\\dataconnect`\n"}}
[debug] [2026-07-25T15:48:10.322Z] E0725 21:18:10.323662   17964 watch.go:40] Failed to load config from "d:\\Application Dev\\SEL Live\\dataconnect": could not find dataconnect.yaml in `d:\Application Dev\SEL Live\dataconnect`
 {"metadata":{"emulator":{"name":"dataconnect"},"message":"E0725 21:18:10.323662   17964 watch.go:40] Failed to load config from \"d:\\\\Application Dev\\\\SEL Live\\\\dataconnect\": could not find dataconnect.yaml in `d:\\Application Dev\\SEL Live\\dataconnect`\n"}}
[debug] [2026-07-25T15:48:20.322Z] E0725 21:18:20.323731   17964 watch.go:40] Failed to load config from "d:\\Application Dev\\SEL Live\\dataconnect": could not find dataconnect.yaml in `d:\Application Dev\SEL Live\dataconnect`
 {"metadata":{"emulator":{"name":"dataconnect"},"message":"E0725 21:18:20.323731   17964 watch.go:40] Failed to load config from \"d:\\\\Application Dev\\\\SEL Live\\\\dataconnect\": could not find dataconnect.yaml in `d:\\Application Dev\\SEL Live\\dataconnect`\n"}}
[debug] [2026-07-25T15:48:30.322Z] E0725 21:18:30.323663   17964 watch.go:116] watchAllDir unable to walk dir `d:\Application Dev\SEL Live\dataconnect`: GetFileAttributesEx d:\Application Dev\SEL Live\dataconnect: The system cannot find the file specified.
E0725 21:18:30.323663   17964 watch.go:40] Failed to load config from "d:\\Application Dev\\SEL Live\\dataconnect": could not find dataconnect.yaml in `d:\Application Dev\SEL Live\dataconnect`
 {"metadata":{"emulator":{"name":"dataconnect"},"message":"E0725 21:18:30.323663   17964 watch.go:116] watchAllDir unable to walk dir `d:\\Application Dev\\SEL Live\\dataconnect`: GetFileAttributesEx d:\\Application Dev\\SEL Live\\dataconnect: The system cannot find the file specified.\nE0725 21:18:30.323663   17964 watch.go:40] Failed to load config from \"d:\\\\Application Dev\\\\SEL Live\\\\dataconnect\": could not find dataconnect.yaml in `d:\\Application Dev\\SEL Live\\dataconnect`\n"}}
[debug] [2026-07-25T15:48:40.325Z] E0725 21:18:40.324729   17964 watch.go:40] Failed to load config from "d:\\Application Dev\\SEL Live\\dataconnect": could not find dataconnect.yaml in `d:\Application Dev\SEL Live\dataconnect`
 {"metadata":{"emulator":{"name":"dataconnect"},"message":"E0725 21:18:40.324729   17964 watch.go:40] Failed to load config from \"d:\\\\Application Dev\\\\SEL Live\\\\dataconnect\": could not find dataconnect.yaml in `d:\\Application Dev\\SEL Live\\dataconnect`\n"}}
[debug] [2026-07-25T15:48:50.323Z] E0725 21:18:50.323664   17964 watch.go:40] Failed to load config from "d:\\Application Dev\\SEL Live\\dataconnect": could not find dataconnect.yaml in `d:\Application Dev\SEL Live\dataconnect`
 {"metadata":{"emulator":{"name":"dataconnect"},"message":"E0725 21:18:50.323664   17964 watch.go:40] Failed to load config from \"d:\\\\Application Dev\\\\SEL Live\\\\dataconnect\": could not find dataconnect.yaml in `d:\\Application Dev\\SEL Live\\dataconnect`\n"}}
[debug] [2026-07-25T15:49:00.324Z] E0725 21:19:00.323828   17964 watch.go:40] Failed to load config from "d:\\Application Dev\\SEL Live\\dataconnect": could not find dataconnect.yaml in `d:\Application Dev\SEL Live\dataconnect`
 {"metadata":{"emulator":{"name":"dataconnect"},"message":"E0725 21:19:00.323828   17964 watch.go:40] Failed to load config from \"d:\\\\Application Dev\\\\SEL Live\\\\dataconnect\": could not find dataconnect.yaml in `d:\\Application Dev\\SEL Live\\dataconnect`\n"}}
[debug] [2026-07-25T15:49:10.323Z] E0725 21:19:10.323682   17964 watch.go:40] Failed to load config from "d:\\Application Dev\\SEL Live\\dataconnect": could not find dataconnect.yaml in `d:\Application Dev\SEL Live\dataconnect`
 {"metadata":{"emulator":{"name":"dataconnect"},"message":"E0725 21:19:10.323682   17964 watch.go:40] Failed to load config from \"d:\\\\Application Dev\\\\SEL Live\\\\dataconnect\": could not find dataconnect.yaml in `d:\\Application Dev\\SEL Live\\dataconnect`\n"}}
[debug] [2026-07-25T15:49:20.324Z] E0725 21:19:20.323237   17964 watch.go:40] Failed to load config from "d:\\Application Dev\\SEL Live\\dataconnect": could not find dataconnect.yaml in `d:\Application Dev\SEL Live\dataconnect`
 {"metadata":{"emulator":{"name":"dataconnect"},"message":"E0725 21:19:20.323237   17964 watch.go:40] Failed to load config from \"d:\\\\Application Dev\\\\SEL Live\\\\dataconnect\": could not find dataconnect.yaml in `d:\\Application Dev\\SEL Live\\dataconnect`\n"}}
[debug] [2026-07-25T15:49:30.323Z] E0725 21:19:30.323410   17964 watch.go:40] Failed to load config from "d:\\Application Dev\\SEL Live\\dataconnect": could not find dataconnect.yaml in `d:\Application Dev\SEL Live\dataconnect`
E0725 21:19:30.323410   17964 watch.go:116] watchAllDir unable to walk dir `d:\Application Dev\SEL Live\dataconnect`: GetFileAttributesEx d:\Application Dev\SEL Live\dataconnect: The system cannot find the file specified.
 {"metadata":{"emulator":{"name":"dataconnect"},"message":"E0725 21:19:30.323410   17964 watch.go:40] Failed to load config from \"d:\\\\Application Dev\\\\SEL Live\\\\dataconnect\": could not find dataconnect.yaml in `d:\\Application Dev\\SEL Live\\dataconnect`\nE0725 21:19:30.323410   17964 watch.go:116] watchAllDir unable to walk dir `d:\\Application Dev\\SEL Live\\dataconnect`: GetFileAttributesEx d:\\Application Dev\\SEL Live\\dataconnect: The system cannot find the file specified.\n"}}
[debug] [2026-07-25T15:49:40.323Z] E0725 21:19:40.323864   17964 watch.go:40] Failed to load config from "d:\\Application Dev\\SEL Live\\dataconnect": could not find dataconnect.yaml in `d:\Application Dev\SEL Live\dataconnect`
 {"metadata":{"emulator":{"name":"dataconnect"},"message":"E0725 21:19:40.323864   17964 watch.go:40] Failed to load config from \"d:\\\\Application Dev\\\\SEL Live\\\\dataconnect\": could not find dataconnect.yaml in `d:\\Application Dev\\SEL Live\\dataconnect`\n"}}
[debug] [2026-07-25T15:49:50.323Z] E0725 21:19:50.323325   17964 watch.go:40] Failed to load config from "d:\\Application Dev\\SEL Live\\dataconnect": could not find dataconnect.yaml in `d:\Application Dev\SEL Live\dataconnect`
 {"metadata":{"emulator":{"name":"dataconnect"},"message":"E0725 21:19:50.323325   17964 watch.go:40] Failed to load config from \"d:\\\\Application Dev\\\\SEL Live\\\\dataconnect\": could not find dataconnect.yaml in `d:\\Application Dev\\SEL Live\\dataconnect`\n"}}
[debug] [2026-07-25T15:50:00.324Z] E0725 21:20:00.324233   17964 watch.go:40] Failed to load config from "d:\\Application Dev\\SEL Live\\dataconnect": could not find dataconnect.yaml in `d:\Application Dev\SEL Live\dataconnect`
 {"metadata":{"emulator":{"name":"dataconnect"},"message":"E0725 21:20:00.324233   17964 watch.go:40] Failed to load config from \"d:\\\\Application Dev\\\\SEL Live\\\\dataconnect\": could not find dataconnect.yaml in `d:\\Application Dev\\SEL Live\\dataconnect`\n"}}
[debug] [2026-07-25T15:50:10.323Z] E0725 21:20:10.323606   17964 watch.go:40] Failed to load config from "d:\\Application Dev\\SEL Live\\dataconnect": could not find dataconnect.yaml in `d:\Application Dev\SEL Live\dataconnect`
 {"metadata":{"emulator":{"name":"dataconnect"},"message":"E0725 21:20:10.323606   17964 watch.go:40] Failed to load config from \"d:\\\\Application Dev\\\\SEL Live\\\\dataconnect\": could not find dataconnect.yaml in `d:\\Application Dev\\SEL Live\\dataconnect`\n"}}
